,0,1
0,[0 0 0 0],[ 101 2997 2999 7475]
1,[0 0 0 0 0 0 0 0 0 0 0 1 1 1 1 1 1 1 2 2 2 3 3 4 4 4 4 5 6],"[ 245 3611 3613 3617 5913 5914 3612  725 7553 2645 2634  245 3611 3617
 5913 3612  725 2634  245 3617 2634 2634 2645 2634 2636 2645 8888 2634
 2634]"
2,[0],[377]
3,"[0 0 0 0 0 0 0 0 0 0 0 0 0 0 0 0 0 0 0 1 1 1 1 1 1 1 1 1 1 1 1 1 1 1 2 2 2
 2 2 2 2 2 2 3 3 3 3 3 4 4 4 4 4 4 4 5 5 5 5 5 5 5 6 6 6 6 6 6 6 6 6 7]","[ 488 4640 6531 8899 1068 4641 6530 2111 8901 6528 6529 8891 8892 8900
 6527 2108 8890 8135 8889 1068 4640 4641 6528 6529 6530 8891 8892 6527
 2108 8890 8889 8899 8901 8900 1068 6528 6529 8891 6527 2108 8892 8135
 8890 1068 6528 6529 8891 8890 4641 8891 8892 6528 8890 6527 8135 4641
 8891 8892 6528 8890 6527 8135 1068 4641 6528 6529 8891 8892 6527 2108
 8135 8891]"
4,"[0 0 1 1 1 1 2 2 2 2 2 2 2 3 3 3 3 3 3 3 3 3 3 3 3 3 3 4 4 4 4 4 4 4 4 4 4
 4 4 4 4 4 5 5 5 5 5 5 5 5 5 5 6]","[ 672 2592  672 2592 5820  673  672 2592 5820 8940 8777  673 4549 2069
 4548 8777 8940 4549 2592 1038 6476 6477 8790 2074 8792 8791 1041  672
 5820 8940  673 2069 4547 4549 6474 1038 6476 6477 8790 2074 8791 6479
  672 8940 2069 4547 4549 8782 1038 4550 6477 8790 8782]"
5,[0 0 0 0 0 0 0 0],[ 925 2846 7323 6276 1492 4218 3446 4220]
6,[0 1],[1059 1059]
7,"[0 0 0 0 0 0 0 0 0 0 0 0 0 0 0 0 0 0 0 0 0 1 1 1 1 1 1 2 2 2 2 2 2 2 2 3 3
 3 3 3 3 4]","[1070 6534 7525 7526 1580 3593 1581 3592 7529 3590 1582 7530 5900 4668
 2638 2120 8925 8926 8928 8929 4666 1581 3593 3592 4666 8930 8926 1581
 7529 1582 2120 8926 8929 4666 3592 1582 4668 7529 2120 8926 8929 4668]"
8,[0],[1456]
9,[0 0 0 0 0],[1495 3451 7330 3453 3454]
10,[0],[1922]
11,[0 0],[2074 8791]
12,[0 0 0 0 1],[2123 4675 8934 8936 8934]
13,[0],[2584]
14,[0 0],[3385 3386]
15,[0],[3503]
16,[0],[3558]
17,[0],[4547]
18,[0 0 0 1 1],[4733 7560 7561 4733 7560]
19,[0],[5154]
20,[0],[5812]
21,[0],[6476]
22,[0],[6551]
23,[0 1],[7565 7565]
24,[0 0],[7767 7768]
25,[0],[8099]
26,[0 0 0],[8102 8103 8106]
27,[0],[8118]
28,[0],[9694]
29,"[0 0 0 0 0 0 0 0 0 0 0 0 0 0 0 0 0 0 0 0 0 0 0 0 0 0 0 0 0 0 0 0 0 0 0 0 0
 0 0 1 1 1 1 1 1 1 1 1 1 1 1 1 1 1 1 1 1 1 1 1 1 1 1 1 2 2 2 2 2 2 2 2 2 2
 2 2 2 2 2 3 3 3 3 3 3 3 3 3 3 3 3 3 3 3 3 3 3 3 3 3 3 3 3 3 3 4 4 4 4 4 4
 4 4 4 4 4 4 4 4 4 4 4 4 4 4 4 4 4 4 4 4 4 5 5 5 5 5 5 5 5 5 5 5 5 6 6]","[10259 12871 12881 18342 19048 10961 14813 16142 14814 13832 19051 11288
 16732 11289 16733 19058 12325 14821 14822 14820 10473 16735 17732 16734
 17735 16736 17734 11290 13211 17733 13210 11292 13212 10346 16740 13214
 13216 13215 11296 10259 12881 18342 19048 14813 10473 14820 14822 16734
 16735 17732 14821 11290 16736 17734 19058 13211 17733 11289 16733 16732
 11288 19051 11296 13215 10259 11288 16732 19051 11289 16733 19058 14821
 14822 16735 16736 13211 11296 14813 19048 10259 12869 12871 12881 18342
 19048 10961 14813 16142 14814 13832 19051 11288 16732 11289 19058 12325
 14821 14822 16735 16736 11296 11313 11822 17767 16774 10259 12881 18342
 10961 12880 19048 16142 14813 13832 12322 14814 13834 19051 11822 11288
 17767 14815 16732 16774 10720 11289 16776 19059 11313 12325 16735 16736
 10259 12881 18342 11288 16732 11289 11822 17767 14813 14814 16142 16735
 14813 16732]"
30,"[0 0 0 0 0 0 0 0 0 0 0 0 0 0 0 0 0 0 0 0 0 0 0 0 0 0 0 0 0 0 0 0 0 0 0 0 0
 0 0 0 0 0 0 0 0 0 0 0 0 0 0 1 1 1 1 1 1 1 1 1 1 1 1 1 1 1 1 1 1 1 1 1 1 1
 1 1 1 1 1 1 1 1 1 1 1 1 1 1 2 2 2 2 2 2 2 2 2 2 2 2 2 2 2 2 2 2 2 2 2 2 2
 2 2 2 2 2 2 2 2 2 2 3 3 3 3 3 3 3 3 3 3 3 3 3 3 3 3 3 3 3 4 4 4 4 4 4 4 4
 4 4 4 4 4 4 4 4 4 4 4 4 4 4 4 4 4 4 4 4 4 4 4 4 4 4 4 4 4 4 4 4 4 4 4 4 4
 4 4 4 5 5 5 5 5 5 5 5 5 5 5 5 5 5 5 5 5 5 5 5 5 5 5 5 5 5 5 5 5 5 5 5 5 5
 5 5 5]","[10260 12934 18595 19047 19074 11014 19046 12157 19075 12321 19073 12330
 16240 19045 14810 14449 19076 14835 14811 19072 14833 19044 12320 14809
 10651 19077 12331 10719 19041 19043 14808 14807 19079 16728 12319 19042
 11285 16727 11286 14806 16725 13205 13206 19066 10718 14804 16724 11284
 10345 14800 14802 10260 12934 18595 11014 12157 16240 19045 14449 19044
 12320 14451 19041 19043 12319 19042 14805 14806 11285 16725 14804 10718
 14807 16727 16724 10719 16728 11286 13205 11284 19071 13206 19066 19072
 14833 14834 12332 19079 10260 12934 18595 18596 11014 12157 18597 16240
 18598 19044 19041 19043 12319 19042 14806 11285 16725 10718 14807 16727
 16724 10719 16728 11286 13205 11284 19071 19066 19072 14833 14834 12332
 19079 10718 14802 14804 14806 16724 16725 12319 19042 11284 11285 19043
 13205 14807 16727 11286 13206 10719 16728 12332 10260 12934 18595 11014
 19046 12157 18597 19075 19045 12321 14810 14449 12330 12320 19044 14811
 19072 19073 14809 14833 14834 14808 19043 19041 10719 19071 14807 11285
 19042 12319 19068 16725 14806 14805 10718 16724 14804 14800 14802 11284
 12317 13204 10345 13202 13206 19066 12331 19079 10345 13202 13204 13206
 11284 19066 16724 14800 14802 14804 14806 12319 19042 19043 14808 12320
 19044 14807 14809 14810 19045 10719 14811 12321 19046 19072 19047 19073
 14833 12330 14835 19075 12331 12157 18595 19079 14449]"
31,[0 0 0 1 1],[10341 13180 13184 10341 13180]
32,[0 0 0 0 0 1 1],[10408 17462 11692 17461 13616 13616 17461]
33,[  0   0   0 ... 269 269 269],[10409 13629 13631 ... 19466 19771 19834]
34,[0 0 0 0],[10519 16213 10999 12919]
35,[0 1],[10520 10520]
36,[0 0 0 0 0 1 1 1 1 2 2],[10604 14204 14206 16365 14205 14204 14205 14206 16365 14205 14206]
37,[0 0 0 0 0 0 0],[11164 13084 13085 16512 19081 19082 14840]
38,[0],[11313]
39,[0 0 0 1 1],[11436 19601 15268 15268 19601]
40,[0],[11822]
41,[0],[13018]
42,[0 0 0],[13961 19623 19622]
43,[0],[14296]
44,[0],[14455]
45,[0],[14892]
46,[0],[16386]
47,[0],[16774]
48,[0],[17730]
49,[0],[18407]
50,[0],[18598]
51,[0 0],[18600 18601]
52,[1],[3450]
53,[1],[4676]
54,[1],[9719]
55,[1],[15421]
56,[2],[1215]
57,[2],[3385]
58,[2 3 3 3 3 3 4 4 4 4 5 5 5 6],[7564 6584 7564 7561 7563 7562 6584 7564 7565 7563 7563 7564 7565 7564]
59,[2 2 3 3 3 3 3 3 3 3 4],[8103 8106 2637 2638 8099 8101 8102 8103 8106 8107 2638]
60,[2 3 4 5],[8139 8139 8139 8139]
61,[2 3],[13214 13214]
62,[2],[18600]
63,[3 3 3 4 4 4 5],[ 101 2999 7475  101 2999 7476  101]
64,[3],[377]
65,[3 4 5],[1456 1456 1456]
66,[3 3 3 3 4 4 4 4 4 5 5 5 5],[2123 8934 8936 6551 1080 6551 8936 2123 8934 2123 8934 8936 8937]
67,[3],[3374]
68,[3],[3558]
69,[3 4 4 5 5 5 6 6 6 6 6 6 6 6 6],"[5912  724 5912  724 3612 5912  245 3611 3613 3617  724 3612 5912 3616
  725]"
70,[3],[8819]
71,[3 3 3 3 3 3 4],[10619 14274 14276 14278 16408 14277 14276]
72,[3 3],[10730 14882]
73,[3],[12159]
74,[3 3],[15554 19947]
75,[3 4 4 5 5],[16698 16698 16699 16698 16699]
76,[4 4 4 4],[2099 4616 8864 8865]
77,[4 4 5 5],[3385 3386 3385 3386]
78,[4 5 5],[4034  377 4034]
79,[4],[4647]
80,[4],[7479]
81,[4],[7553]
82,[4],[8820]
83,[4 4 4 4 4 4 4 4 4 4 4 4 4 4],"[10258 12919 18538 18539 10999 18540 16213 14405 12138 14406 18543 18544
 10642 16484]"
84,[4 4 4 4],[10341 13180 13184 18984]
85,[4 4 4],[10615 16395 16394]
86,[4 4 4 4],[10620 14286 14288 16414]
87,[4],[10643]
88,[4 4 5],[12072 14265 12072]
89,[4],[12812]
90,[4 4 4],[13034 18407 14301]
91,[4 4 4],[16680 17693 17694]
92,[4],[17444]
93,[4],[18327]
94,[4],[18358]
95,[4],[19081]
96,[5],[1059]
97,[6],[1582]
98,[6 6 6],[1594 4734 9004]
99,[6 7],[4548 4548]
100,[6],[8900]
101,[6],[13018]
102,[6],[14242]
103,[6],[14822]
104,[6],[16115]
105,[7],[1038]
106,[7 7],[2592 8777]
107,[7],[11699]
108,[7],[13017]
109,[8 8],[10718 14804]
110,[8],[11014]
111,[8],[13623]
112,[8],[14822]
113,[8],[16732]
114,[8],[18366]
115,[8],[19041]
116,[  9   9   9 ... 269 269 269],[1068 4641 6529 ... 8750 8942 9712]
117,[ 9 10 11],[2634 2634 2634]
118,[9 9],[10259 12881]
119,[9],[10890]
120,[9],[13832]
121,[ 9 10 10 10],[14241 14234 18330 14241]
122,[10 10 10 10],[ 377 8140 8139 4038]
123,[10 11],[1038 1038]
124,"[10 10 10 10 10 10 10 10 10 10 10 10 10 10 10 10 11 11 11 11 11 11 11 11
 11 11 11 11 11 11 11 12 12 12 12 12 12 12 12 12 12 12 12 12 13 13 13 13
 13 13 13 13 13 13 13 14 15 15 16]","[1070 6534 7525 7526 3593 1581 3592 3594 7529 3590 1582 5900 4668 2638
 8925 2637 1070 6534 7526 1581 3593 3594 7529 3592 1582 3590 4668 5900
 8925 2638 2637 1070 6534 7526 1581 3593 7529 3592 1582 3590 4668 5900
 2638 2637 1580 3592 3593 1581 7526 7529 1582 4668 8925 8926 2638 4668
 2120 4668 2120]"
125,[10],[2083]
126,[10 11],[6477 6477]
127,[10],[7236]
128,[10 10 11 11 11],[8106 8107 8103 8106 8107]
129,[10],[13216]
130,[10],[14451]
131,[11 11 11 11 11 11 11 12 12 13 13],[ 672 5820 8940 2069 8777 4548 4549  672 8940 2069 8940]
132,[11 11 11],[1041 6479 8791]
133,[11],[2997]
134,[11],[3386]
135,[11],[3558]
136,[11 11 12],[3612 7552 3612]
137,[11],[5775]
138,[11],[5912]
139,[11],[11809]
140,[11],[14449]
141,[11],[16511]
142,[11],[19040]
143,[12],[245]
144,[12],[7236]
145,[12 12],[11014 16240]
146,[12 12 12],[12936 18596 18597]
147,[26 26 27 27 27 28 28 28 28],[13808 17730 11808 17731 17730 11807 17731 19057 11808]
148,[13],[101]
149,[13 13 13],[2123 8934 8936]
150,[13 13],[3611 3613]
151,[13],[4549]
152,[13],[6532]
153,[13 13 13],[10260 12934 18595]
154,[13 13 13],[10473 14820 14821]
155,[13 13 13],[10719 14807 11285]
156,[13],[14242]
157,[13 13],[14450 14451]
158,[14 15 16 16 16 16],[7564 7564 1595 7561 7564 7565]
159,[14],[8818]
160,[14 15],[8929 8929]
161,[14],[10408]
162,[14],[10611]
163,[14 14 14 15],[13832 13834 16143 13832]
164,[14],[14834]
165,[14],[16386]
166,[14],[17479]
167,[14 15 15],[17767 11822 17767]
168,[14],[19067]
169,[14],[19071]
170,[15 15],[ 672 8940]
171,[15 15 16 16 16 16 16 16 16 16 16 16 17 17 17 17 17 17],"[1038 4548 1038 8782 4549 4548 2069 8777 4559 8792 8790 6477 1038 4550
 8782 6477 8790 8792]"
172,[15 15 15 16 16 16 17 17 18 18 18 19 19],[1495 3450 7330 3450 7328 7330 3450 7328 1495 3450 7330 3449 3450]
173,[15 15 16 16],[2638 5899  718 5899]
174,[15 16],[2990 2990]
175,[15 16],[3558 3558]
176,[15],[6535]
177,[15 16 17],[6551 6551 6551]
178,[15 16 16 16 17 17 17],[8934 2123 8934 8936 2123 8934 8936]
179,[15 15 15 15],[11292 13213 16737 11294]
180,[15 15 15 15],[12936 18596 18597 18598]
181,[15],[19078]
182,[16 16],[ 101 2997]
183,[16],[725]
184,[16],[1073]
185,[16 16],[2117 8917]
186,[16],[2634]
187,[16],[7523]
188,[16],[11808]
189,[16],[13631]
190,[16],[14821]
191,"[16 17 18 19 19 19 19 19 19 20 20 20 20 20 21 21 21 21 21 22 22 22 22 22
 22 23 24 25]","[15408 15408 15408 13403 17084 17085 15405 15407 15408 15405 15407 17085
 15408 17084 13403 17084 17085 15405 15408 13403 17084 17085 15405 15407
 15408 15408 15408 15408]"
192,[16],[18636]
193,[16],[19771]
194,[17],[4668]
195,[17 17],[12062 18331]
196,"[17 17 18 18 18 18 18 18 18 18 18 19 19 19 20 20 21 21 21 21 21 21 21 21
 21 21 21 21]","[13034 18407 10286 13011 13034 17485 11114 18407 16419 18408 14301 11114
 16419 18407 11114 16419 10286 13009 13011 13034 17485 13010 11114 18407
 11701 16419 18408 14301]"
197,[17 17 17],[13785 13787 16114]
198,[17],[13832]
199,[17 17],[14274 14276]
200,[17],[14882]
201,[17],[17731]
202,[18],[3374]
203,[18],[7529]
204,[32 32],[ 468 8738]
205,[18 18 18 18],[10984 18880 12263 14673]
206,[18 18 18 19 19 19 19 20 20],[13004 13018 16390 11097 13018 16389 11098 11098 16389]
207,[18],[13834]
208,[18 18 19],[14288 16414 16414]
209,"[18 19 19 19 20 20 21 21 21 21 21 21 21 21 21 21 21 21 21 21 21 21 21 21
 21 21 20 21 21 21 22 22 22 22 22 22 22 22 22 22 22 22 22 22 22 22 22 22
 22 22 22 23 23 23 23 23 23 23 23 23 23 23 23 23 24 24 24 25 25 25 25 25
 26 26 27 27 27 27 27 27 27 27 27 27 27 27 27 27 27 27 28 28 28 28 28 28
 28 29 29 30 30 30 30 30 30 30 30 30 30 30 31 31 31 31 31 31 31 31 31 31
 31 32 32 32 32 32 32 32 32 32 32 32 32 32 32 32 32 32 32 32 32 29 29 29
 29 29 29 30 30 30 30 30 31 31 31 31 31 31 31 31 31 31 31 32 32 32 32 32
 32 32 32 32 32 32 32 32 32 32 32 32 32 32 32 32 32 32 32 32 32 32 32 33
 33 33 33 33 33 33 33 33 33 33 33 33 33 33 33 33 33 33 33 33 33 33 33 33
 33 33 33 33 33 33 33 33 33 33 33 33 33 33 33 33 33 33 33 33 33 33 33 33
 33 33 33 33 33 33 34 34 34 34 34 34 34 34 34 34 34 34 34 34 34 34 34 34
 34 34 34 34 34 34 29 29 29 29 29 29 29 29 30 30 30 30 31 31 31 31 31 32
 32 32 32 32 32 32 33 33 33 33 33 33 33 33 33 34 34 34 34 32 33 33 34 34
 34 35 35 35 35 35 35 35 35 35 35 35 35 35 35 35 35 35 35 35 35 35 35 35
 35 35 35 35 35 35 35 35 35 35 35 35 35 35 35 35 35 35 35 35 35 35 35 35
 35 35 35 35 35 35 35 35 35 35 35 35 35 36 36 36 36 36 37 38 38 38 38 38
 38 38 38 38 38 38 38 38 38 38 38 38 38 38 38 38 38 38 38 39 39 39 39 39
 39 39 39 39 39 39 39 39 39 39 39 39 39 39 39 39 39 39 39 39 39 39 39 39
 39 39 39 39 39 39 39 39 39 39 39 39 39 39 39 39 40 40 40 40 40 40 40 40
 40 40 40 40 40 40 41 41 41]","[15554 15554 19947 15556 17173 19947 10660 14494 14496 16538 12180 18657
 11180 16539 18656 18658 14498 14497 10661 18659 12181 15554 17172 17173
 19947 15556 11951 11951 14050 18070 10551 14051 19949 11951 14050 19950
 12625 19948 18070 18071 19951 15556 19947 11527 15554 12180 18656 18658
 18659 14498 17172 11950 14050 18068 11951 14051 18070 18071 19950 19949
 13447 12625 19948 19947 12625 19948 18071 11951 14051 19950 12625 19948
 12625 14051 10551 14047 14049 14051 16271 14048 14050 11951 19950 18070
 19951 12625 19948 19947 15554 15552 12625 19948 19950 14047 16270 16271
 15554 15554 19947 12625 15556 19947 15554 15552 12180 14496 18658 16538
 14498 18659 10661 15552 15554 18656 18659 19947 18658 12181 15556 18657
 12625 10660 14496 16537 16538 12180 18657 16539 11180 18656 18658 14498
 16540 14497 10661 15552 18659 12181 15554 19947 15556 10824 17176 19955
 11534 19954 19953 10824 17176 19955 11534 19953 10824 17176 19955 11534
 17175 19954 13453 13452 11952 18672 12185 10315 13452 13454 18072 18073
 18662 18671 13453 11534 19953 11952 18074 18672 12182 18670 12185 17175
 17176 19954 14053 18075 18669 14508 10824 19955 12184 18668 18667 10315
 13452 18072 18073 18662 18671 13453 11952 18074 18672 19953 12182 18670
 12185 11534 17175 14053 18075 19954 14501 18669 14508 17176 19955 10662
 18668 12184 10824 14497 16541 18667 11180 14498 16540 11181 18664 16538
 16539 18657 12181 18658 10660 14496 16537 11179 12180 18659 18656 14494
 10661 15552 15554 19947 15556 12625 10315 18662 10660 14494 14496 16537
 16538 14495 12180 16539 18654 18658 14498 10824 17176 19955 11534 19954
 12625 15552 15554 19947 18667 18668 11950 14048 14049 14050 14051 11951
 18070 19951 11951 14050 14051 14049 11951 14050 14051 18070 14049 10550
 17163 18065 11527 18070 11951 14049 11030 14048 11950 14049 14050 14051
 11951 18070 17163 11951 14050 18070 14049 12951 12950 12951 12950 12951
 16270 10551 14047 14049 14051 16271 19949 11030 14048 16270 14050 11951
 19950 11031 19945 12625 19948 12950 18070 12951 19944 15556 19947 18653
 12179 15554 18654 15552 18655 14495 12180 14494 14496 18657 18658 10660
 16538 11180 14498 18659 16537 16539 11179 10824 17176 19955 11534 17175
 19954 13453 19953 12184 14508 18667 18669 12185 18670 18672 18662 18072
 18074 11951 14051 12625 15554 19947 19947 10661 15554 17173 18656 18659
 19947 12180 18658 15556 10315 13454 18072 18073 18662 18671 11534 13453
 19953 18074 18670 17175 17176 19954 10824 10315 13452 13454 18662 18671
 13453 11534 19953 12182 18670 18672 17176 19954 14501 18669 14508 19955
 10662 14499 18668 12184 14497 16541 18665 12181 14498 18667 11180 16540
 11181 18664 12183 18658 18659 18657 16538 16539 13100 18663 12180 18656
 10661 15554 19947 15556 10824 15557 17176 19955 15556 17175 19954 11180
 14497 16540 18657 16541 12181 18669 10824 19955 15556]"
210,[18],[16395]
211,[18 19],[17479 17479]
212,[18],[18402]
213,[18],[19062]
214,[18 19 20 21 22 23 24],[19771 19771 19771 19771 19771 19771 19771]
215,[19],[695]
216,[19 20 20],[4645 4645 7520]
217,"[19 19 20 20 20 20 20 20 20 21 21 21 21 21 21 21 21 22 22 22 22 23 23 23
 23 23 23 23 23 24 24 24 24 24 24 24 25 25 25 25 25 25 26 26 26 27 27 27
 27]","[8047 8048 1803 8045 1804 8046 8047 8048 1805 1803 8045 1804 8046 8047
 8048 8049 3966 1803 8045 8046 8048 1803 4435 8045 8046 1804 8048 8049
 8047 1803 8045 1804 8046 8047 8048 1805  843 3966 8047 1805 8048 8046
 1805 3966 8048  843 8047 8048 8049]"
218,[19],[8109]
219,[19 20],[8900 8900]
220,[19 19 20],[10341 13180 13180]
221,[19 20],[10344 10344]
222,[19],[10520]
223,[19 19 19 19 19 19 19 19 19],[10660 14494 16537 16538 16539 11180 18657 13100 16540]
224,"[19 19 19 19 19 20 21 21 21 21 21 21 21 21 21 21 21 21 21 21 21 21 21 21
 21 21 21 21 21 21 21 22 22 22 22 22 22 22 22 22 22 22 22 22 22 22 22 22
 22 22 22 22 23]","[10824 17176 19955 17175 19954 17176 10315 13452 13454 18072 18073 18662
 18671 13453 11534 19953 18074 12182 18670 12185 17175 17176 19954 18075
 18669 14508 19955 12184 18668 18667 18666 10315 13452 18072 18073 18662
 18671 13453 18074 18672 12182 18670 12185 11534 17175 18075 18669 14508
 17176 19954 12184 19955 10315]"
225,[19],[11319]
226,[19 19 19 20],[11436 19601 15268 11436]
227,[19 19 19 20 20],[12082 14286 18388 14286 14287]
228,[19 19 19 19 19 19],[12183 14503 18664 18667 12184 18668]
229,[19],[13812]
230,[19 19 19 19],[14269 14270 18367 18366]
231,[19],[15558]
232,[19 19 19 20 20],[16680 17693 17694 17693 17694]
233,[19 19 19 19],[18072 18074 18671 18670]
234,[19],[18602]
235,[19],[19767]
236,[20 20 21 21 21 22 22 23 23 24 24 24 24],[ 468 4506  468 4506 1024  468 4506 1024 4506  468 4506 1024 6448]
237,[20 21],[642 642]
238,[20 21 21 22 22 23],[1444 1444 7205 1444 7205 1444]
239,"[20 20 20 20 21 21 21 21 22 22 22 22 22 23 23 23 23 23 23 23 23 23 23 23
 23 23 23 23 23 23 23 24 24 24 24 24 24 24 24 24 24 24 24 24 24 24 24 24
 24 24 24 24 24 24 24 24 25 25 25 25 25 25 25 25 25 25 25 25 25 25 25 25
 25 25 25 25 25 25 25 25 26 26 26 26 26 26 26 26 26 27 27 27]","[1811 3983 1812 8070 1811 3983 1812 8070 1811 8067 8068 8069 1812 1811
 3983 8068 1812 8069 8070 8156  379 4703 4705 8158 8160 8159  871 6175
 6176  849 2791  366 3980 3982 3984 4052 6135 6175 6134 1811 3983 1812
 4051 1844 8159 6176  871 8068 8069 8156 8157 8158 8160 4703  379 4705
  366 3980 3982 3984 4052 6135 6175 6134 1811 3983 1812 4051 1844 8159
 6176  871 8068 8069 8157 8158 8160  379 4705 8971 1811 3983 8067 8068
 1812 3984 8069 8070 8156 1812 8069 8068]"
240,[20 21 22 22],[5763 5763 5762 5763]
241,[20],[8118]
242,[20 20 20],[11157 16498 13077]
243,"[20 20 20 21 21 21 21 21 21 21 21 21 21 21 21 21 22 22 22 22 22 22 22 22
 22 22 22 22 22 22 22 22 22 22 22 22 22 22 22 22 22 22 22 22 22 23 23 23
 23 23 23 23 23 23 23]","[11280 16716 19024 10715 16716 11280 19024 10716 15394 15396 17077 19023
 19026 17079 13400 19019 10716 15394 15396 17077 17078 19023 19026 12312
 15395 19022 19757 11479 17079 19027 11480 12313 19025 19020 19021 13399
 13400 19028 17080 19024 14793 19019 16716 12834 10914 11479 13399 13400
 17077 19027 19026 19023 14793 19024 16716]"
244,[20],[11313]
245,[20 20 21 21 21 21 21 21 22 22 23],[11938 18043 11938 14029 14030 18644 14031 18043 14031 18644 14031]
246,[20],[12072]
247,[20],[12625]
248,[20 20 21],[12631 15573 12631]
249,[20],[13004]
250,[20 20 20 21 21 21 21],[14009 16246 18012 11927 14009 18012 16246]
251,[20],[15418]
252,[20 21 21 21 21 21 21 21 21 21 21 21 22 22 22 22 22 22 22 22 22 23],"[15548 10822 15544 17167 17169 11530 15547 15548 12622 19939 19940 19941
 10822 11530 15548 17169 12622 19939 19940 19941 14538 11530]"
253,[20],[16127]
254,[20],[16522]
255,[20],[17170]
256,"[20 21 21 21 21 21 21 21 21 21 21 22 22 22 22 22 22 22 23 23 23 23 21 21
 21 21 22 22 22 23 23 24 24 24 24 24 24 24 24 24 24 24 24 24 25 25 25 25
 25]","[18640 12170 14476 14477 18630 14478 12171 18640 18641 14485 12174 12170
 12171 14478 18640 18641 14485 12174 12170 14476 14485 18640 10655 14471
 14473 16524 14471 14472 14473 14472 14473 10655 14471 14473 16524 14515
 12169 18628 14475 14474 10657 16527 14478 18640 10655 14471 16524 14472
 12169]"
257,[21 21],[1914 8352]
258,[21],[8175]
259,[21],[9372]
260,[21 22],[10382 10382]
261,[21 21 21 21 21 21 22 22 22 22 22 22 23],"[10619 14274 14276 16408 16407 14277 10619 14274 14276 16408 16407 14277
 14274]"
262,[21 21 21 21 21 21],[10699 14680 14682 11243 14681 12266]
263,[21 21 21 22],[10730 14882 19144 19144]
264,[21],[10966]
265,[21 22 23 23],[11025 11025 11025 14032]
266,[21],[11319]
267,[21 21 21 21 22 22 22 22 23 23 23 24 24],"[11330 13250 18405 12088 12087 14296 18404 18405 12087 14296 18404 12087
 18403]"
268,[21],[13227]
269,[21],[14537]
270,[21 22],[16780 16780]
271,[21],[17177]
272,[21],[17476]
273,[21 21 22 22 22 23 24 25 26],[17548 17549 13677 17548 17549 17549 17549 17549 17549]
274,[21],[18402]
275,[21],[19038]
276,[21],[19148]
277,[21 22 22],[19767 19766 19767]
278,[21 22],[19925 19925]
279,[22 22 22 22 23 23 23 23 24 24 24],[  86 2898 7390 9657   86 2898 7390 9657   86 2898 9657]
280,[22 22 22 22],[ 408 4206 9369 9368]
281,[22],[2370]
282,[22],[4503]
283,"[22 23 23 23 23 23 23 23 23 23 23 23 23 24 24 24 24 24 24 24 24 24 24 24
 25 25 25 25 25 25 25 25 25 25 25 26 26 26 26 26 26]","[4614  483 4614 4616 4745 4615 2099 8864 8861 8862 8865 4618 8866  483
 4614 4616 6514 4615 2099 8864 8862 8863 8865 4618  483 4614 4616 6514
 4615 2099 8864 8862 8863 8865 4618 2099 4615 4616 8864 8865 4614]"
284,"[22 22 22 23 23 23 23 23 23 23 22 23 24 24 24 24 24 24 24 24 24 24 24 24
 25 25 25 25 25 25 25 25 25 25 25 25 25 25 25 25 25 26 26 26 26 26 26 26
 26 26 26 26 26 26 26 27 27 27]","[4630 4631 8882 2101 8877 2104 8878 4630 4631 8882 4632 4632  487 4632
 4634 4633 8882 4631 4629 4630 2104 8877 8878 2101  487 4632 4634 4633
 2106 8882 8883 2105 4631 4630 4629 2104 8879 8877 8878 2101 8869  487
 4632 4634 8908 1065 4633 2106 8882 4631 4629 4630 2104 8877 2101 2104
 4630 8877]"
285,"[22 22 23 23 23 23 23 23 23 23 23 23 23 23 23 23 23 23 23 23 23 23 23 23
 23 23 23 23 23 23 23 23 23 23 23 23 23 23 23 23 23 23 23 23 23 23 24 24
 24 24 24 24 24 24 24 24 24 24 24 24 24 24 24 24 24 24 24 24 24 24 24 24
 24 24 24 24 24 24 24 24 24 24 24 24 24 24 24 24 24 24 24 24 24 24 24 24
 24 24 24 24 24 24 24 24 24 24 24 24 24 24 24 24 24 24 24 24 24 25 25 25
 25 25 25 25 25 25 25 25 25 25 25 25 25 25 25 25 25 25 25 25 25 25 25 25
 25 25 25 25 25 25 25 25 25 25 25 25 25 25 25 25 25 25 25 25 25 25 25 25
 25 25 25 25 25 25 25 26 26 26 26 26 26 26 26 27 27 27 27 27 27]","[10520 19601 10258 12919 12921 18538 18539 10999 18540 16213 14405 10519
 12138 14404 14406 13954 18543 18544 10642 16484 11893 11150 14408 17935
 16486 10340 18956 16487 13356 11436 13355 19600 16999 19601 11894 15268
 15267 10520 17942 10643 15284 19621 19622 19623 13961 13960 10258 12919
 12921 18538 18539 10999 12920 11001 19618 12136 18540 12137 16213 16215
 19619 15283 14404 14405 18541 15282 10519 16214 12514 19620 15284 10642
 14406 12138 18542 10643 13954 13956 19621 19622 10521 19623 16483 16484
 18543 18544 18545 11893 13959 13961 16485 11150 14408 17935 17937 11896
 13958 13960 16486 14407 10340 17936 18956 11894 17942 16487 13354 13356
 18947 19600 15267 15268 10520 13355 11436 19601 16999 10258 12919 12921
 18538 18539 10999 12920 19618 12136 18540 12137 16213 16215 15283 14404
 14405 18541 15282 10519 12514 15284 10642 14406 12138 18542 10643 13954
 19620 19621 19622 16484 18543 18544 10521 19623 11150 14408 13961 16486
 13960 10340 13354 13356 17935 18947 11434 13355 18946 11436 19600 18945
 16999 19601 11894 15268 15267 10520 17942 10520 11436 16999 19601 15268
 13961 19623 18947 10520 11436 19601 15268 13961 18947]"
286,[22],[10952]
287,[22 22 22 22 22 22 23 23 23 23 24 25 25 26 26 27],"[11156 13077 16498 16522 16499 14429 11156 13077 16498 11157 16498 13077
 16498 13077 16498 16498]"
288,[22],[11308]
289,[22 22 23 23 23],[11536 17180 11536 17179 17180]
290,[22],[11808]
291,[22 22 22 22 22 22 22 22],[12273 14698 18908 18907 14676 18906 14675 18881]
292,[22],[12725]
293,[22],[12906]
294,[22 22 22],[14034 14035 14036]
295,[22 22 23],[14466 16520 14466]
296,[22 23],[14693 14693]
297,[22],[14728]
298,[25 26],[14892 14892]
299,[22],[14894]
300,[22],[15574]
301,[22 22 23 23 24 24],[16248 16249 16248 16249 16248 16249]
302,[22],[16386]
303,[22],[16502]
304,[22],[16766]
305,[22],[18947]
306,[22],[19875]
307,[22 23 23 24 24],[19893 10684 19893 10684 19893]
308,[22],[19945]
309,[22 23 23],[20245 15802 20245]
310,"[23 23 23 23 23 23 23 23 23 23 23 23 23 23 23 23 23 23 23 23 23 23 23 23
 23 23 23 23 23 23 23 23 23 24 24 24 24 24 24 24 24 24 24 24 24 24 24 24
 24 24 24 24 24 24 24 24 24 24 24 24 24 24 24 24 24 24 24 24 24 24 24 24
 24 24 24 24 24 24 24 24 24 24 24 24 24 25 25 25 25 25 25 25 25 25 25 25
 25 25 25 25 25 25 25 25 25 25 25 25 25 25 25 25 25 25 25 25 25 25 25 25
 25 26 26 26 27 27 27 27 28]","[  76 2867 2869 2871 9683  947 2868 7355 2375 6313 7354 9690  195 7353
 1505 2377 5299 1286  141 3207 3209 9710 9719 3208 1289 9709 6927 6928
 1288 5306 9696 2379 9694   76 2867 2869 2871 7356 9683  947 2868 7355
 9693 1506 9682 2375 9691 6313 6315 7354 3470 9694 3471 9681 5293 5294
 9690 6314 7353 1505 3469 2379 9689 2377 9696 9697 9688 5299 1288 5306
 6926 9687 1286 5305 6927 6928 6922 6923 6929 1289 6921 3209 9719 9710
 9709  141 3207 3209 9710 9719 3208 1289 9709 6927 6928 1288 5306 9696
 2379 9694  951  195 6313 7353  947 6315 7354 1505 7352 2867 2868 7355
 3470 3469 7356 1506 3471 9682 9681 2375 9690 1289 9709 9710 1289 9709
 9710 9719 9710]"
311,[23 24 24 24 24 25 25 25 25 26 26 26 26],[1059 1059 2979 2980 3021 1059 2979 2980 3021 1059 2979 2980 3021]
312,"[23 24 24 24 24 24 24 24 24 25 25 25 25 25 25 25 25 25 25 25 26 26 26 26
 26]","[5770  646 3373 3374 5770 7218 7219 1449 7217  646 3373 3374 5770 7218
 5762 7219 1449 7217 7216 3993  646 3374 7218 7219 5762]"
313,[23],[6197]
314,[23],[6284]
315,[23],[9548]
316,[23],[9664]
317,"[23 23 23 23 23 23 23 23 23 23 23 24 24 24 24 24 24 24 24 24 24 24 24 24
 24 24 24 24 24 24 24 24 24 25 25 25 25 25 25 25 25 25 25 25 25 25 25 25
 25 25 25 25 25 26 26 26 26 26 26 26 26 26 27 27 27 27 27 27]","[10341 13180 13184 11260 18984 16680 17694 17693 17692 16698 16699 10341
 13180 13182 13184 18983 11260 13181 17695 18984 16680 17694 14761 17693
 14760 14762 17692 10711 16699 18987 16698 11271 16700 10341 13180 13182
 13184 18983 11260 17695 18984 16680 17694 14761 17693 14760 14762 17692
 10711 16699 16698 11271 16700 10341 13180 11260 16680 17694 17693 10711
 16698 16699 10341 13180 13184 18984 17693 17694]"
318,[23 24 24 24 24 25 25],[10537 10537 14009 16246 14008 14009 16246]
319,[23],[11172]
320,[23 23],[12078 18377]
321,[23 24],[12266 12266]
322,[23 23 23 23 23 24 24 24 24 24 24 24 25 25 25 25 25],"[13010 13011 13034 18407 14301 13009 13010 13011 13034 18407 14301 18408
 11114 13034 18407 18408 13011]"
323,[23],[13161]
324,[23 24],[13235 13235]
325,[23],[13436]
326,[23],[14015]
327,[23 24],[14491 14491]
328,[23],[14621]
329,[23],[14680]
330,[23 24],[15806 15806]
331,[23],[16419]
332,[23 24 25],[18978 18978 18978]
333,[24 24 24],[  72 2859 8932]
334,[24],[444]
335,[24 24 24 25 25 25],[ 497 6576 6574  497 6575 6574]
336,[24 24 24 24 24 24 24 24 25],[ 584 5330 5332 5334 6944 5331 9732 6945 5332]
337,[24 24 24 24 24 24 24],[ 797 2717 2718 2719  799 2720 6050]
338,[24 24],[1858 4085]
339,[24 24],[1914 8352]
340,[24 24 24 24],[2043 8698 8697 8695]
341,[24],[4090]
342,[24],[4480]
343,[24 25],[5975 5975]
344,[24],[6282]
345,[24],[6571]
346,[24],[6582]
347,[24 24 24 24 25 25 25 25 26 26 26],[7225 7226 7227 7230 7225 7226 7227 7230 7225 7226 7227]
348,[24],[7322]
349,[24 24 24],[9368 9369 9372]
350,[24 24 25],[10291 17476 17476]
351,[24 24 24 24 24 24 24 24 24 24 25 25],[10660 14496 16538 18657 11180 16539 14498 14497 12181 18659 10660 16538]
352,[24 24 24],[10783 19605 19604]
353,[24 24 24 24 24 24 24 24 24 24 24],[10787 15295 15297 15299 12518 19639 19631 12517 19629 19628 19627]
354,[24 24 24 24 24 25 25],[11112 16414 16416 14288 14287 14287 14288]
355,[24 24 24 24 24 24 24 24 24 24 24 24 24 24 25 25],"[11440 15277 15278 17007 17008 19612 15279 17009 11441 12511 15276 13361
 15275 19610 15277 19612]"
356,[24 24 24 24 24 24 24 24 24 24],[11445 13365 13366 17015 17017 17954 17955 13367 17956 13968]
357,[24],[11938]
358,[24 24 24],[11952 14053 11954]
359,[24 25 26],[12072 12072 12072]
360,[24 24 24],[12185 14508 14509]
361,[24 24 24 24],[12273 14698 18909 18907]
362,[24],[12459]
363,[24 24],[12906 19455]
364,[24],[14361]
365,[24 24],[14675 18881]
366,[24 25 25 25],[15552 14495 18655 15552]
367,[24],[16226]
368,[24],[16274]
369,[24 25],[16407 16407]
370,[24 25 25 26],[16772 14882 16772 16772]
371,[24 25 25 25 25 25 25 25 26 26 26 26 26 26 26 26 26 26 26 26 26 27 27],"[17079 10716 15394 17077 19023 19026 17079 13400 10716 15394 15396 17077
 19023 19026 11479 17079 19027 12313 19025 12314 13400 19024 19025]"
372,[24],[17084]
373,[24],[17175]
374,[24 25 25 26],[17444 11684 17444 17444]
375,[24 24 24],[17717 17719 17720]
376,[24],[18327]
377,[24],[18358]
378,[24],[19954]
379,[25 25],[1086 8962]
380,[25 25 26 26 27 27 27],[1444 7205 1444 7205 1443 7205 1444]
381,[25 26],[2113 2113]
382,[25],[2588]
383,[25 26],[4092 4092]
384,[25 26],[4197 4197]
385,[25],[4238]
386,[25],[4563]
387,[25],[6139]
388,[25],[6760]
389,[25],[8336]
390,[25],[8737]
391,[25],[8800]
392,[25 25],[10699 18897]
393,[25],[11170]
394,[25],[11768]
395,[25],[12172]
396,[25],[12263]
397,[25],[16251]
398,[25],[16393]
399,[25],[18614]
400,[25],[19955]
401,[26],[931]
402,[26],[2590]
403,"[26 26 26 26 27 27 27 27 27 27 27 27 28 28 28 28 28 28 28 28 28 28 28 28
 28 28 28 29 29 29 29 29 29 29 30 30 30]","[2846 6276 4220 4221 2846 2847 6276 4218 4220   68 7767 1922   68 3167
 7767 7768 8372 1922 8371 4222 4220 4218 6276 6277  927 2846 2847  927
 6276 4218 4220 1922 3167 7768  926 4218 6276]"
404,[26 26],[2962 2964]
405,[26 26 26],[4069 4070 8177]
406,[26],[4515]
407,[26],[4699]
408,[26 27],[4724 4724]
409,[26],[5315]
410,[26],[6010]
411,[26 27 27 27 27 28 28],[6797 1215 6797 1216 3136 3136 6797]
412,[26 27 27 28 28 29 29 30],[7323 1492 7323 1492 7323 1492 7323 1492]
413,[26],[8372]
414,[26 27],[11530 11530]
415,[26],[12607]
416,[26 26],[13250 18405]
417,[26],[14296]
418,[26],[14722]
419,[26 27],[16522 16522]
420,[26],[16651]
421,[26],[18625]
422,[26 27 27 28 28 28 28 28 28 28 29 29 29 29 30 30 30 31 31],"[18640 18640 18641 12171 14478 18640 18641 14485 12174 18643 12171 18640
 18641 12174 12174 18641 18640 18640 18641]"
423,[27],[215]
424,[27 27 28 28 28 29 29 29 29 29 29 29 29 30 30],"[1192 6754 3113 6756 6754 1193 6756 3113 6754 1194 6758 9358 9359 6757
 6758]"
425,[27 27 27 27],[1288 9696 2379 9694]
426,[27 28 28 28 28 29 29 29 30],[1862 1862 4094 8966 4092  386 4092 4094 4092]
427,[27 27 28 28 29],[2339 5207 5206 5207 5207]
428,[27],[4435]
429,[27 27],[5156 9516]
430,[27 28],[6008 6008]
431,[27],[9513]
432,[27 27],[10519 16213]
433,[27 27 28 29],[11239 13160 13160 13160]
434,[27 27 28 28],[11330 18404 16808 18404]
435,[27],[12180]
436,[27],[13705]
437,[27],[14009]
438,[27 27],[14035 14036]
439,[27],[14890]
440,[27],[18065]
441,[27],[19149]
442,[27],[19622]
443,[27],[19940]
444,[28 28 28 28 28 28 28 28 28 28],[1086 4698 4699 6564 8962 4700 6565 2132 8963 8988]
445,[28],[2269]
446,[28],[4720]
447,[28],[6582]
448,[28],[7775]
449,[32 32 32 32 32 32 32 32 32 32 33 34 34 34 34 34 34 34],"[ 363 8049 1805 3966 3968  843 8047 1804 8045 1803  363  363 4437 8644
 1001 4439 4438 6409]"
450,[28],[8960]
451,[28],[9374]
452,[28 28 29 29 30 30 31],[10699 18897 10699 18897 10699 18897 10699]
453,[28 28 28 29 30],[10731 14892 14894 14894 14894]
454,[28],[12170]
455,"[28 29 29 29 30 31 31 31 32 32 32 32 32 32 32 32 32 33 33 33 33 33 33 33
 33 33 33 33 33 34 34]","[12622 12622 15548 19939 15548 12622 15548 14538 12622 15548 19939 19940
 14538 14537 11531 13450 17169 11529 13450 17167 17169 11531 11530 15548
 14536 14537 14538 19940 19941 11529 13448]"
456,[28 29],[12631 12631]
457,[28],[12866]
458,[28 28],[13102 17587]
459,[28],[14296]
460,[28],[14458]
461,[28 28 29 29 29 29],[14490 18646 14490 14491 18646 18647]
462,[28],[16128]
463,[28],[16538]
464,[28],[17144]
465,[28 29 29 29 29 29 30 30],[17170 10822 17167 17169 13450 17170 17169 17170]
466,[28],[18071]
467,[29 29 30 30 31 31 32],[ 297 3770  297 3770 1686 3770 1686]
468,[29],[4664]
469,[29 30 31 31 32],[6581 6581 6579 6581 6579]
470,[29],[7524]
471,[29],[8784]
472,[29],[9575]
473,[29 29 30 30],[10315 18662 10315 18662]
474,[29 29],[10550 17163]
475,[29 29 30 30 30 30 31 32 32 32 33 33 33 33 34 34 34 34 35 35 35 35],"[10730 14882 10730 14882 19144 16772 19144 10730 14882 19144 10730 14882
 19144 16772 10730 14882 19144 16772 10730 14882 19144 16772]"
476,[29 30],[11308 11308]
477,[29 29 30],[11536 17179 11536]
478,[29],[12072]
479,[29],[12093]
480,"[29 30 30 30 30 30 31 31 31 31 32 32 32 32 32 32 32 32 30 30 30 30 31 31
 31 31 31 31 32 32 32 32 32 32 31 32 32 32 32 32 33 33 33 33 33 33 33 33
 33 33 33 33 33 33 33 33 33 33 33 33 33 33 33 33 33 33 33 33 33 33 33 33
 33 33 33 33 33 33 33 33 34 34 34 34 34 34 34 34 34 34 34 34 34 34 34 34
 34 34 34 34 34 34 34 34 34 34 34 34 34 34 34 34 34 34 34 34 34 34 34 34
 34 34 34 34 34 34 34 34 34 34 35 35 35 35 35 35 35 35 35 35 35 35 35 35
 35 35 35 35 35 35 35 35 35 35 35 35 35 35 35 35 35 35 35 35 35 35 35 35
 35 35 35 35 35 35 35 35 35 36 36 36 36 36 36 36 36 36 36 36 36 36 36 36
 36 36 36 36 36 36 36 36 36 36 36 37 37 37 37 37 37 37 37 37 37 37 37 38]","[13034 10286 13034 18407 14301 18408 10286 14301 18407 18408 10286 17485
 18407 11114 14301 18408 18409 18412 12087 14296 18402 18404 10293 13250
 18405 18404 12087 14296 11330 18404 18405 12087 12088 14296 17791 11831
 17791 18416 12091 13252 10286 13011 13034 17485 11114 18407 11701 16419
 16420 18408 14301 14295 10622 18409 12089 14296 14299 18412 12087 12088
 14298 18413 18404 18405 18406 18414 11330 13250 10293 18415 12091 13252
 17789 18416 11831 17791 13851 11832 17792 11331 10286 13009 13011 13034
 17485 11089 11114 18407 11701 16419 16420 18408 14301 14295 10622 18409
 12089 14296 14297 14299 18412 12087 14298 12088 18413 12090 18404 18405
 18406 18414 14306 11330 13250 10293 18415 12091 13251 16810 13252 17789
 17790 18416 11332 16811 11331 19219 17791 11832 16812 17792 10286 13009
 13034 17454 17485 11114 18407 17486 11701 16419 18408 14301 12089 18409
 18411 10622 18412 12090 14299 18413 14306 12088 14298 18414 12091 18405
 18406 12087 18404 18415 11330 13250 10293 14296 16808 17789 13251 16810
 13252 17791 11331 19219 11832 17792 14949 17793 17795 10293 13250 13252
 17789 17790 18406 18415 11330 13251 18405 17791 11832 12088 18414 16808
 17792 14299 18413 17793 18412 17795 18409 18408 11114 11331 14296 10293
 13252 17789 18415 13251 17791 11832 17792 11114 12088 18405 14296 11832]"
481,[29 29 30 30 31 31 31],[14472 14473 14472 14473 12169 14472 14473]
482,[29],[14538]
483,[29],[16649]
484,[29 29 30 30 30 31 31 31 31],[17717 17719 13239 17717 17719 13239 17717 17719 17720]
485,[29],[19024]
486,[29],[19925]
487,[30 30 31 31 32],[ 135 3168 1248 3168 3168]
488,"[30 30 30 30 30 31 31 31 31 31 31 31 31 31 31 31 31 31 31 31 31 31 31 31
 31 31 32 32 32 32 33 33 34 34 35 35 36 36 34 35 35 35 36 36 36 36 36 37
 37 37 37 37 37 37 37 37 37 37 37 37 37 37 37 37 37 37 38 38 38 38 38 38
 38 38 38 38 38 38 38 38 38 38 38 39 39 39 39 39 39 39 40 41]","[1086 6563 4720 8989 4722  495 4698 4700 4702 8988 1086 6564 2132 4701
 2133 3006 3007 8985 8986 2139 4718 4720 6576 8989 4722 2141 3006 3007
 6563 8985 3006 3007 3006 3007 3006 3007 3006 3007 6581 6579 6581 4725
  498 4725 6579 6581 4718  495 4702 8988 8992 2140 8990 2141 4720 8989
 4722 4723 4718  498 4725 2139 4716 8985 3007 3006  498 4723 4725 6580
 2141 4722 8990 8992 8989 2140 4720 6576 4718 2139 8985 3007 3006  497
 6576 4721 6579 6580 6581 6582 6582 6582]"
489,[30 30 31],[2318 9515 9515]
490,[30],[2992]
491,[30],[3114]
492,[30 30],[6536 6538]
493,[30 30],[6854 7775]
494,"[30 31 31 31 31 31 32 32 32 32 32 32 32 32 32 33 33 33 33 33 33 33 33 33
 33 33 33 34 34 34 34 34 34 34 34 34 34 34 34 34 34 34 34 35 35 35 35 35
 35 35 35 35 35 35 35 35 35 35 35 36 36 36 36 36 36 36 37 37 37 37 37 37
 37 37 38 38 39 39 39 39 39 39 39 40 40 40 40]","[8820 2083 8817 8819 8820 4582  478 4575 4577 8817 8820 2083 8819 8818
 4582  478 4575 4577 8817 8820 4576 2083 8819 4579 4580 8818 4582  478
 4575 4577 8817 8820 2082 8821 2083 8819 2084 8822 4584 4579 8818 4582
 2085  103 8823 2085 8822 4584 2082 8821 2084 4576 4577 8820 4582 8819
 8817 8818 2083 2084 4584 8819 8820 8821 4577 4576  478 4575 4577 8817
 8820 2084 4582 4584 8819 8820 2084 4582 8819 8820 8821 4577 4576 2084
 8819 8820 4577]"
495,[30],[9349]
496,[30 30 31 31],[10292 18388 10292 18388]
497,[30],[11185]
498,[30],[11938]
499,[30],[12088]
500,[30],[13161]
501,[30],[13845]
502,[30],[14310]
503,[30],[14793]
504,[30],[16416]
505,[30],[18046]
506,[30],[18887]
507,[85],[7309]
508,"[31 31 31 31 31 31 32 32 32 32 32 32 32 32 32 32 32 32 32 32 32 32 32 32
 32 32 32 32 32 33 33 33 33 33 33 33 33 33 33 33 33 33 33 33 33 33 33 33
 33 33 33 33 33 33 33 33 33 33 33 33 33 33 33 33 33 33 33 33 33 33 33 33
 33 33 33 32 32 32 33 33 33 33 33 33 33 33 33 33 34 34 34 34 34 34 34 34
 34 34 34 34 34 34 34 34 34 34 34 34 34 34 34 34 34 34 34 34 34 34 34 34
 34 34 34 34 34 34 34 34 34 34 34 34 34 34 34 34 34 34 34 34 34 34 34 34
 34 34 34 34 34 34 34 34 34 35 35 35 35 35 35 35 35 35 35 35 35 35 35 35
 35 35 35 35 35 35 35 35 35 35 35 35 35 35 35 35 35 35 35 35 35 35 35 35
 35 35 35 35 35 35 35 35 35 35 36 36 36 36 36 36 36 36 37 37 37 37 36 36
 37 37 37 38 38 38 38 38 38 38 38 38 38 38 38 39 39 39 40]","[ 695 5857 8068 8069 3983 1812  366 3982 3984 4052 6135 6175 1811 3983
 1812 8159  849 6176 8067 8068 8069 8156 4054 2768 5857  695 2615  379
 8158  215 5857 8067  695 8068 1811 8066 8069 3983 3981 3982 8065 1812
 8070 3984  848 3980  366 3979 6132 4051 8156 4052 6133 6134 6135 6175
  365 3977 6131 8157 1843  847 2768  849 6176  871 3973 3976 8158 2791
 4053 4054 8059 8160 1845 4707 4708 8983 2135 4707 4708 4709 8971 4710
 2136 4705 8983 8984  365 3973 3975 3977 3979 6131 6132 3974 1808 3976
 3978  847 6133  848 8058 8059 2768 6134 3980 3981 3969  849 2769 6135
  366 3982 1811 8066 2791 6176 6175 3984 4052 3983 8067 8068 8064 6177
  871 8159 1812 4051 8069 5857  695 4053 4054 8160 8070 8156 8157 1845
 8158 8161  379 4705 6567 8971 4707 2135 4708 4709 4710 2136 8983  215
 5857 8064 8067  695 8068 8063 1811 8069 3983 3982 1812 8070 3984  366
 3980 4051 8156 4052 6135 6175 6134 1844 8157 8159  849 6176  871 2768
 8158 8160 4054 2769 2791 6177 2767  379 8161 1845 2792 4705 8971 4707
 2135 4708 4710 1808 8058 3969  215 3520 8067 3521 1811 7426 1812 3984
 1539 3521 7426 4443 8061 8062 8052 8061 8062  216 4443 7426 1539 3521
 3522 1537 3520 7423 8062 8061 8052 3520 3522 8061 8061]"
509,[31 32 32 32 33 33 33 33 34 34 34 34 34 35 35 35 35 36 36],"[1059 1059 2979 3021 1059 2979 3021 6591 1059 2979 2980 3021 6591 1059
 2979 2980 3021 1059 3021]"
510,"[31 32 32 32 32 33 33 33 33 33 32 32 32 32 32 32 32 32 32 32 32 32 32 32
 32 32 32 32 32 33 33 33 33 33 33 33 33 33 34 34 34 34 34 34 34 34 34 34
 34 34 34 34 34 34 34 34 34 34 34 34 34 34 34 34 34 34 34 34 34 34 34 34
 34 34 34 34 34 34 34 34 34 34 34 34 34 34 34 34 34 34 34 34 34 34 34 34
 34 34 34 34 34 34 34 34 34 34 34 34 35 35 35 35 35 35 35 35 35 35 35 35
 35 35 35 35 35 35 35 35 35 35 35 35 35 35 35 35 35 35 35 35 35 35 35 35
 35 35 35 35 35 35 35 35 35 35 35 35 35 35 35 35 35 35 35 35 35 35 35 35
 35 35 35 35 35 35 35 35 35 35 35 36 36 37 38 39 39 40 40]","[2379 1288 9696 2379 9694  951 9694 2379 9696 9697  947 2867 2868 6313
 6315 7354 7355 7356 1505 3470 1506 9682 3469 3471 9681 2375 5294 9690
 2377 3470 7354 5294 9689 9688 9687 6922 6921 9719   76 2867 2869 2871
 7356 9683  947 2868 7355  949 2870  951 1506 9682 2375 6313 6315 7354
 6316 3470 9694 3471 9681 5293 5294 9690  195 6314 7353 1505 3469 2379
 9689 2377 4282 4284 7350 7352 3468 9696 9697 9688 5299 1503 7349 1504
 7351 1288 5306 9687 1286 3465 5305 6927 6928 6922 6923 6929 3208 1289
 6921 1285 3207 3209 7827  141 9719 9710 9709 2383   76 2867 2869 2871
 7356 9683  947 2868 7355  949 2870  951 9693 1506 9682 2375 9691 6313
 6315 7354 3470 9694 3471 9681 5293 5294 9690 5301  195 6314 7353 1505
 3469 2379 9689 2377 7350 7352 3468 9696 9697 9688 5299 1504 1288 5306
 6926 9687 1286 5305 6927 6928 6922 6923 6929 3208 1289 6921 1285 3207
 3209 7827  141 9719 3808 9710 3807 9709 9708 2383 9706 9696 9719 9719
 9719 9710 9719 9710 9719]"
511,[31],[3520]
512,[31 31],[4514 4515]
513,[31],[4645]
514,[31],[6537]
515,[31],[8781]
516,"[31 32 32 32 32 33 33 33 33 33 33 33 33 33 33 34 34 34 34 34 34 34 34 34
 34 34 34 34 34 34 34 32 32 33 33 34 34 34 34 34 34 34 34 34 34 34 34 35
 35 35 35 35 35 35 35 35 35 35 35 35 35 35 35 35 35 35 35 35 35 35 35 35
 35 35 35 35 35 35 35 35 35 35 35 36 36 36]","[8864 2099 4616 8864 8865 2098 5287 8862 8863 2099 8865 4616 8864 2150
 9017  483 4614 4616 4745 6514 4615 2099 8864 2150 8861 8862 8863 8865
 9017 2098 5287 2104 8877 8869 8877  106 8869 8878 2101 8877 2104 4630
 4631 8882 4633 4632  487  483 4614 4616 4745 6514 2097 4615 2099 8864
 8861 8862 8863 8865 4618 8866 2100 4620 2101 8869 8877 8878 2104 8879
 4629 4630 4631 2105 8882 8883 1065 4633 2106 4632 4634  487 8908 2099
 8864 4632]"
517,"[31 31 32 32 32 32 32 32 32 32 32 32 32 32 32 33 33 33 33 33 33 33 33 33
 33 33 33 33 33 33 33 33 34 34 34 34 34 34 34 34 34 34 34 34 34 34 34 34
 34 34 34 34 34 34 34 34 34 34 34 34 34 34 34 35 35 35 35 35 35 35 35 35
 35 35 35 35 35 35 35 35 35 35 35 35 35 35 35 35 35 35 35 35 35 35 35 35
 35 35 36 36 36 37 37 37 37]","[10341 13184 10341 13180 13182 13184 18983 18984 14761 14760 14762 10711
 16699 16698 16700 10341 17696 18983 17695 17694 17693 17692 10711 14760
 14762 16698 16699 14761 18987 16700 11271 16701 10341 13180 13182 13184
 17696 18983 11260 13181 17695 11262 13183 11264 18984 12299 16680 17694
 18985 14761 14760 17693 11791 12300 14762 10711 17692 18987 16699 16698
 11271 16700 16701 10341 13180 13182 13184 17696 18974 18983 11260 13181
 17695 11262 13183 11264 18984 12299 16680 16682 17694 18985 14761 14760
 10463 16681 17693 11791 12300 14762 10711 17692 18987 16699 16698 17691
 11271 16700 10341 16698 17695 10341 13184 18983 18984]"
518,[31],[11930]
519,[31],[13005]
520,[31 31 31],[13847 13848 13849]
521,[31 31 32],[14029 14031 14029]
522,[31],[14512]
523,[31],[14610]
524,[31],[15157]
525,[31 32 33 33 33 33 33 34 34 34 34 35 35 35 35 35],"[15566 15566 12629 15566 15565 15564 19956 12628 15565 15566 19956 11536
 19956 15562 12628 15566]"
526,[31],[16246]
527,[31 31 32],[16716 19024 16716]
528,[31],[18630]
529,[31 32],[19961 19961]
530,[32],[296]
531,[32 32 32 32 32],[ 797 2718 6043 8463 8460]
532,"[32 32 32 32 32 32 33 33 33 33 33 33 33 33 34 34 34 34 34 34 34 34 34 34
 34 35 35 35 35 36 36 36 36 36 37 37]","[1093 6574 6575 4714 4715 4716  497 4714 4716 6575 4715 6574 1093 3012
  498 4721 1094 6576 6577 1093 3012 6574 4714 4715 4716  497 6575 6576
 1094 1092 6574 6575 6576 1094 1092 6574]"
533,[32],[2117]
534,[32 33 33],[3174  135 3174]
535,[32 33 33 32 33 33 33 33 34 34 34 34 34 34 34 34 34],"[3197 1277 3197 6908 5273 5274 9658 6908  305 5272 6907 6908 5273 1277
 9661 2368 3197]"
536,[32 32 33 33 33 34 34 34 34 35 36],[4736 4737 4736 4737 6588  500 4736 6588 4737 4736 4736]
537,"[32 32 32 33 33 33 33 33 33 33 33 33 33 33 34 34 34 34 34 34 34 34 34 34
 34 34 34 34 34 34 35 35 35 35 35 35]","[5330 5332 9732  584 5330 5332 5334 6943 6944 5331 2390 9732 6945 1298
  584 5328 5330 5332 5334 6943 6944 6942 5331 2390 5333 9732 1297 6945
 1298 9727 2390 5331 5332 5330 5328 9732]"
538,[32],[5853]
539,"[32 32 33 33 33 33 33 33 33 33 34 34 34 34 34 34 34 34 34 34 34 34 34 34
 34 34 34 34 34 35 35 35 35 35 35 35 35 35 35 35 35 35 35 35 35 35 35 35
 35 36 36 36 36 36 36 36 37]","[7225 7226 1453 3378 7226 7227 7225  378 6171  869  378 4046 6171 6172
 4045  869 8147 2789 2787 7223 7225 3378 7226 1453 7227 7229 7230 1454
 3383   47 2789 7224  869 7225 6171 6173 7226 6172 7227 4046 7230 1841
 4045 7231 8148 8147 3383 1577 7519  869 3383 4046 7225 7226 7227 7230
 3383]"
540,[32 32],[8061 8062]
541,"[32 32 32 32 32 32 32 32 32 32 32 32 32 32 32 32 32 32 32 32 32 32 32 32
 32 32 32 32 32 32 33 33 33 33 33 33 33 33 33 33 33 33 33 33 33 33 33 33
 33 33 33 33 32 32 33 33 32 33 34 34 34 34 34 34 34 34 34 34 34 34 34 34
 34 34 34 34 34 34 34 34 34 34 34 34 34 34 34 34 34 34 34 34 34 34 34 34
 34 34 34 34 34 34 34 34 34 34 34 34 34 34 34 34 34 34 34 34 34 34 34 34
 34 34 34 34 34 34 34 34 34 34 34 34 34 34 34 34 34 34 34 34 34 34 34 34
 34 34 34 35 35 35 35 35 35 35 35 35 35 35 35 35 35 35 35 35 35 35 35 35
 35 35 35 35 35 35 35 35 35 35 35 35 35 35 35 35 35 35 35 35 35 35 35 35
 35 35 35 35 35 35 35 35 35 35 35 35 35 35 35 35 35 35 35 35 35 35 35 35
 35 35 35 35 35 35 35 35 35 35 35 35 36 36 36 37 37 37 37 38 38 38 38 38
 39 39 39 39 39 39 40 40 40 40]","[10258 12919 12921 18538 18539 10999 12920 19618 18540 12137 16213 14405
 18541 10519 12138 14404 14406 18542 18543 18544 10642 16484 10643 11150
 14408 15284 12514 19621 19622 19623 10258 12919 12921 18538 10999 12920
 12136 18540 16213 14404 14405 18541 10519 10642 14406 12138 18959 16483
 16484 18543 18544 10643 10520 15267 10520 15267 19601 19601 10258 12919
 12921 18538 18539 10999 12920 11001 19618 12136 18540 12137 16213 16215
 16216 16217 19619 15283 14404 14405 18541 15282 10519 16214 11000 13957
 10521 19620 12514 15284 10642 14406 12138 18542 10643 13954 13956 18959
 17940 13958 13959 13961 19623 19622 19621 16483 16484 18543 18544 18545
 11893 13955 18958 11895 17941 11896 13960 16485 11150 14408 17935 17937
 18957 17938 17939 17942 16486 14407 10340 17936 18956 11894 15267 10520
 16487 13354 13356 18947 19600 15268 13355 11436 19601 16999 19602 10783
 19604 19605 19603 10258 12919 12921 18538 18539 10999 12920 11001 19618
 18540 12137 16213 16215 16216 16217 19619 15283 14405 18541 15282 10519
 16214 11000 13957 10521 19620 12514 15284 12138 14404 14406 18542 10643
 13954 13956 17940 13958 13959 13961 19623 19622 19621 18543 18544 10642
 16484 11893 13955 11895 17941 11896 13960 11150 14408 16485 17935 17937
 17938 17939 17942 16486 10340 17936 11894 15267 10520 13354 13356 19600
 15268 11434 13355 11436 19601 19602 10783 19604 19605 15266 15271 19603
 10520 15268 19601 10520 15267 15268 19601 10520 15267 15268 19601 11436
 10520 15267 11894 15268 19601 11436 10520 15267 15268 11436]"
542,[32],[10272]
543,[32],[10684]
544,[32],[11007]
545,"[32 32 32 33 33 33 33 33 34 34 34 34 34 34 34 34 35 35 35 35 35 35 35 35
 35 36 36 36]","[11157 16498 13077 11156 13077 16498 16522 16499 11156 13077 16496 16498
 16522 16499 11157 11170 11156 16496 16498 16522 16497 11157 16499 16521
 14430 11170 16521 16522]"
546,"[32 32 33 34 32 33 34 34 34 34 35 35 35 35 35 35 35 36 36 36 36 37 37 37
 38 38 38 39 39 39 40]","[11319 17778 11319 11319 13800 13800 11803 13800 17719 17717 11319 13239
 17717 17719 13800 17720 11803 11319 11803 13800 17717 11319 16787 13800
 11319 16787 13800 11319 16787 17776 16787]"
547,"[32 32 32 32 32 32 32 32 33 33 33 33 33 33 33 33 33 33 33 33 33 33 33 34
 34 34 34 34 34 34 34 34 34 34 34 34 34 34 34 35 35 35 35 35 35 35 35 35]","[11441 13360 17008 17009 15277 15278 19612 12511 11440 15277 15278 17006
 17008 19612 15279 17009 15276 11441 13360 12511 15275 13361 19610 11440
 15277 15278 17006 17007 17008 19612 15279 17009 15276 13360 11441 12511
 15275 13361 19610 11440 15277 15278 17007 17008 19612 17009 13360 11441]"
548,[32 32],[11808 17731]
549,"[32 32 32 33 33 33 33 33 33 34 34 34 34 34 34 34 34 34 34 34 34 34 34 34
 34 34 35 35 35 35 35 35 35 35 35 35 35 35]","[12518 15295 19631 10787 15295 15297 15299 12518 19631 10305 13364 18557
 19627 18556 19628 14418 12517 19629 19631 12518 15294 15295 10787 15297
 15299 19639 10787 15295 15297 15299 12518 19639 19631 12517 19629 19628
 19627 13364]"
550,[47 47],[14689 18899]
551,[36],[12313]
552,[32 33 33 34 34 35 35 35],[17549 17548 17549 17548 17549 13677 17548 17549]
553,[32],[18011]
554,[32 32],[19627 19628]
555,[32],[19639]
556,[33],[302]
557,[33 34],[311 311]
558,[33 33 34 34 34],[ 385 4085  385 4085 4084]
559,"[33 33 33 33 34 34 34 34 34 34 34 34 34 34 34 34 34 34 34 34 35 35 35 35
 35 35 35 35 35]","[ 799 2719 2720 6049  317 6043 8460 8463  797 8459 2717 2718 4290 2719
  799 1953 2720 6049 6050 3842  797 2718 6043 2719 8463 8460 8459 4290
 1953]"
560,[33 33 34],[2091 8840 2091]
561,[33 33 33 33 33],[2133 4701 8966 8965 8964]
562,[33 33 33 34 34 34 34],[2140 4719 8990 2140 4719 8990 8991]
563,[33 34],[3585 3585]
564,[33],[4514]
565,[33 34],[4605 4605]
566,[33 33],[4723 4724]
567,[33 34],[5270 5270]
568,[33 34],[5277 5277]
569,[33],[6018]
570,[33],[6495]
571,[33],[6757]
572,[33],[9574]
573,[33 33 34],[9576 9577 9576]
574,[33 34],[9712 9712]
575,[33 34 34 34 34 34 35 35 35 35 35],[10350 10350 13236 17769 17771 11824 10350 13236 17769 17770 11824]
576,"[33 33 33 33 33 33 33 33 33 33 33 33 33 33 33 33 34 34 34 34 34 34 34 34
 34 34 34 34 34 34 34 34 34 34 34 34 34 34 34 35 35]","[10523 17015 17950 17953 11445 17017 17954 11900 17952 11901 13365 13366
 17955 13963 13966 17956 10370 13365 13367 13369 17956 11445 13366 17955
 17015 17017 17954 13968 17953 11901 17950 17952 13966 11900 17951 13963
 13964 13962 10522 11445 13365]"
577,[33 33],[10559 18705]
578,"[33 33 34 34 35 35 35 35 35 35 34 34 34 34 35 35 35 35 35 35 35 36 36 36
 36 36 36 36 36 36 36 36 37 37 37 37 37 37 37 37 37 37 37 37 37 37 37 37
 37 38 38 38 38 38 38 38 38 38 38 38 38 38 38 39 39 39]","[10941 16107 10941 16147 10461 16147 16148 10941 12883 16149 12086 18399
 18398 18397 12085 14946 18397 18398 18399 19210 19211 10941 12883 16148
 10964 16149 16147 19210 19211 12085 14946 12376 10941 12883 16107 16148
 10964 12884 16149 16147 16150 19210 19211 18397 12085 14946 18398 14945
 18399 10941 12883 16148 10964 16149 10963 16147 16150 19210 19211 19212
 14946 18397 18399 10964 16149 16150]"
579,[33 33],[12171 14477]
580,"[33 34 34 34 34 34 34 34 34 34 34 34 34 34 34 34 34 34 34 35 35 35 35 35
 35 35 35]","[12864 10257 12862 12864 12874 18313 18314 12863 10944 18966 10954 18315
 12056 16112 18967 12294 14747 18969 10610 10257 12862 12864 12874 18314
 10944 18966 18967]"
581,[33 34 34 34 34 34 35 35],[14031 11938 14029 14030 14031 18043 11938 18043]
582,[33 33 34 34 35 35 36],[14892 14894 14892 14894 14892 14894 14892]
583,[33],[14897]
584,[33],[14919]
585,[33],[16747]
586,[33 34 35 36 37 38],[16766 16766 16766 16766 16766 16766]
587,[33],[17598]
588,[33 33 34 34 34],[19964 19966 19964 19966 19967]
589,"[34 34 34 34 34 34 34 34 34 34 34 34 34 34 34 34 34 34 34 34 34 34 34 34
 34 34 34 34]","[ 318 5385 5387 6975 6976 7865 7868 1724 5386 7864 2413 1315 7869 7867
 1726 9793 9794 7870 3838 3836 3837 1314 3234 1727 3839 3233 6973 3840]"
590,[34 34 34 34 35 35 35 35 36 36],[ 666 5808 3437 9351  666 2585 5808 9350  666 2585]
591,[34 34],[ 882 2803]
592,[34],[1466]
593,[34 34 34],[2043 8700 6434]
594,[34 34],[2102 4624]
595,[34],[2117]
596,[34 34],[2145 9003]
597,[34],[2922]
598,[34],[4229]
599,[34],[5267]
600,[34],[6302]
601,[34],[6494]
602,[34 34 34 34 35 35 35],[7830 7832 8429 8430 1711 7832 8430]
603,[34],[8960]
604,[34],[9362]
605,[34 34 34 35],[9368 9369 9372 9369]
606,[34 35],[10475 10475]
607,[34 34 34 34 34],[10486 16813 16814 11334 19222]
608,[34 34 35 35 35 36 36 36 37],[10684 16607 10684 16607 11219 10684 16607 19893 16607]
609,[34 34],[11007 16228]
610,[34 34 35 35 35 35 36 36 36 36 36 36 37 37 37 37 37 37 38 38 38 38 39],"[11025 14032 10546 14032 11025 10544 10544 14029 14031 16259 11025 14032
 10544 14029 14031 16259 11025 14032 10544 16259 11025 14032 10544]"
611,[34],[12377]
612,[34 34 35 35],[12926 12939 12926 12939]
613,[34],[13772]
614,[34],[13784]
615,[34],[14084]
616,[34 34 35 35],[14359 18911 14359 18911]
617,[34 35 35 35 36 36],[17170 15547 17170 17171 15547 17170]
618,[34 35 35],[17891 16934 17891]
619,[34 35 35],[18978 16695 18978]
620,[34 35],[19118 19118]
621,[35 35 35 35 35 35 35 35 35 35 35 35 35 35 35],"[   5 2587 8695  667 8858 2041 5809 8857  187 5810 8856 3442 3444 8853
 8852]"
622,[35],[135]
623,[35 35 35],[1302 6951 6950]
624,"[35 36 36 36 36 36 36 36 37 37 37 37 37 37 37 37 37 37 37 37 38 38 38 38
 38 38 38 38 38 38 39 39 40]","[3114 1652 7694 7695 3114 3713 1653 7698 1192 3112 8704 3114 7694 9358
 1652 5025 7696 5027 1653 7698 1652 5025 7696 9358 5027 1653 3114 9361
 3112 5029 5028 5029 5028]"
625,[35],[4532]
626,[35],[5783]
627,[35 36],[5804 5804]
628,[35 35 35 36],[6190 6191 8195 6190]
629,[35],[6462]
630,[35],[6495]
631,[35],[6756]
632,[35],[7256]
633,[35],[7274]
634,[35],[7318]
635,[35],[8698]
636,[35],[8702]
637,[35],[8767]
638,[35],[9353]
639,[35],[9514]
640,[35 35],[10635 14366]
641,[35],[10728]
642,[35],[11171]
643,[35],[12153]
644,[35 35 35 35 35 35 36 36 36],[12276 14705 18917 18918 14704 14703 10702 14704 14703]
645,[35],[13104]
646,[35 35 36],[13795 13797 13795]
647,[35],[14621]
648,[35 36],[15573 15573]
649,[35 36],[16031 16031]
650,[35 35 36],[16718 16719 16719]
651,[35],[17167]
652,[35],[17177]
653,[35],[17982]
654,[35],[18487]
655,[35],[18496]
656,[35],[18587]
657,[35],[19456]
658,[35],[19797]
659,[36],[297]
660,[36],[1695]
661,[36 36],[1919 4213]
662,[36 36 37 37 37 37 38 38 39 39],[2613 5854 2613 5854 5853 3514 5853 5854 5853 5854]
663,[36],[2898]
664,[36 37 38 39],[5252 5252 5252 5252]
665,[36],[6565]
666,[36 37],[6571 6571]
667,[36],[9365]
668,[36],[10382]
669,[36 36 36],[11138 18495 12120]
670,[36 37 37 37 37],[11333 11333 16813 17797 16814]
671,[36 36 36],[11827 14931 17780]
672,[36],[11943]
673,[36],[12814]
674,[36 36],[13234 13235]
675,[36 36 37 37 37 38],[13403 17085 13403 17084 17085 17085]
676,[36],[13745]
677,[36],[14863]
678,[36],[14919]
679,[36 36 36],[14925 16797 16796]
680,[36],[16652]
681,[36],[18499]
682,[37],[86]
683,[37],[384]
684,[37],[464]
685,[37 37 37 37 37 37 37 37 37 37 37],[ 584 5328 5330 5332 5334 6944 6942 5331 9732 1298 5336]
686,[37],[799]
687,[37],[931]
688,[37 37],[3715 5975]
689,[37],[3844]
690,[37],[6050]
691,[37],[7228]
692,[37],[7515]
693,[37],[8076]
694,[37],[8827]
695,[37 38 38 39 39 39 39 39 39 39 40 40],[8877 2104 8877 2101 8869 8877 8878 2104 4628 4629 2104 8877]
696,[37],[9351]
697,[37],[9362]
698,[37],[9368]
699,[37],[9694]
700,[37 37],[10711 16699]
701,[37 37 37 38 38 38 38 38 38 39 39 39 39 39 39 39 39 39 39 39],"[10999 12919 12920 10258 12919 18538 10999 12136 16213 10258 12919 12921
 18538 10999 12920 12136 16213 16215 14404 10519]"
702,[37 37 37],[11157 16498 13077]
703,"[37 37 37 37 37 37 37 37 37 37 37 37 37 37 37 37 37 37 37 37 37 38 38 38
 38 38 38 38 38 38 38 38 38 38 38 39 39 39 40 40 40 40 40 40 40 40 40 40
 40 40 40 40 40 40 40]","[11439 13359 13360 17007 13361 11441 17008 11440 17006 17009 15277 15278
 19612 15276 15279 12512 19613 12511 15275 19611 19610 10784 15276 17005
 17006 15275 19612 11439 17007 11440 19613 13359 13360 19611 15279 15277
 15279 19612 11440 15277 15278 17006 17007 17008 19612 15279 17009 19613
 15276 13360 11441 12511 15275 13361 19610]"
704,[37 37 38 38 38 38 38 38 38 38 38],[11449 13370 11447 13368 11449 13369 17022 13370 17025 13371 11451]
705,[37 37 38 38 38 39 39 40 40 40],[11529 13448 11529 13448 13449 13447 13448 13447 18071 19951]
706,[37 38],[12420 12420]
707,[37 37 38 38 38 38 38 38 39 39 40 40 40 40 40],"[13691 13692 10431 13691 13704 11735 13692 17570 13691 17570 10431 13691
 13693 13704 13692]"
708,[37 37 37 37 38],[15299 19639 15301 15302 15301]
709,[37],[15572]
710,[37],[17149]
711,[37],[17546]
712,[37 37],[17693 17694]
713,[37],[18668]
714,[37],[19025]
715,[37],[19774]
716,[37],[19959]
717,[37],[19967]
718,[37],[20246]
719,[37 38 38 38 38 39 39],[20248 12725 20247 20248 13745 12725 20247]
720,[38],[1075]
721,[38],[1097]
722,[38],[1195]
723,[38],[2095]
724,[38],[3197]
725,[38],[4698]
726,[38 39 39 39 39 39 39 40 40],[5770  646 3373 3374 5770 5762 2566 3373 5762]
727,[38],[6010]
728,[38],[6161]
729,[38 38 39],[6282 6283 6282]
730,[38],[6285]
731,[38 39],[6893 6893]
732,[38],[6950]
733,[38 38 39 39],[7796 7797 7796 7797]
734,[38],[8198]
735,[38],[8698]
736,[38],[8766]
737,[38],[8822]
738,[38 38 39 39 39 39 39 39 40 40 40],[8864 8865 2099 4616 8862 8863 8864 8865 2099 8864 8865]
739,[38],[10000]
740,[39],[18074]
741,[38 38 38 39 39 39 39 39 39 39 39 40 40 40 40 40 40 41 41],"[10715 14919 16715 10715 14791 14919 16716 14790 19024 14793 19025 11280
 14793 16716 19024 19025 14790 14793 19025]"
742,[38 39 39 39],[10944 10944 12864 18966]
743,[38],[12071]
744,[38 38],[12175 18646]
745,[38],[12566]
746,[38],[12586]
747,[38],[13436]
748,[38 38],[13795 13797]
749,[38 38],[14276 14278]
750,[38],[17444]
751,[38],[18071]
752,[38],[19466]
753,[38],[19721]
754,[38],[19893]
755,[39],[15]
756,[39 39 39 39 39 39 39 39 39 39 39 39 39 39 39 39 40 40],"[ 378 4044 4046 6171 4045  869 6170 8147 2788 2787 7223 7225 3378 7226
 1453 7229  378 8147]"
757,[39],[671]
758,[39 39 39 39 39 39 39 39 39 39 39 39 39 40 40 40 40 40 40 40],"[ 947 2867 2868 7354 7355 7356 3470 1506 9682 2375 9690 2377 5301 1506
 7356 9682 2375 9690 2377 9689]"
759,[39 39 39],[1062 2982 7515]
760,[39 39],[1214 6794]
761,[39 39 39 39 39 40 40 40 40],[1288 6927 9696 2379 9694 1288 9696 2379 9694]
762,[39 39 40],[1594 9004 9004]
763,[39 40 40 41],[2584 2584 2586 2584]
764,[39 39],[2966 6489]
765,[39 39 39 39 40 40],[3113 6756 6755 5019 5019 6755]
766,[39],[3190]
767,[39],[3562]
768,[39],[3615]
769,[39],[3796]
770,[39],[4014]
771,[39 40 40],[4663 4663 8918]
772,[39 39 40 40 40 40 40 40 40 40 40 40 40 40],[5331 5332  584 5328 5330 5332 5334 6943 6944 5331 2390 9732 6945 1298]
773,[39],[5885]
774,[39],[5895]
775,[39],[5915]
776,[39],[6543]
777,[39],[7217]
778,[39],[7519]
779,[39 40],[7802 7802]
780,[39],[8068]
781,[39],[9577]
782,[39],[10619]
783,[39],[10643]
784,[39],[12376]
785,[39 39 39],[13961 19623 19622]
786,[39 40],[14514 14514]
787,[39 40 40 40 40 40 40 40 40],[15295 10787 15295 15297 15299 12518 19639 19631 15301]
788,[39 40],[15802 15802]
789,[39 40],[16645 16645]
790,[39],[16699]
791,[39],[19182]
792,[39 39],[19717 19718]
793,[39],[20035]
794,[39],[20255]
795,[40 40 40],[ 366 6135 6134]
796,[40 40 40 40 40 40 40 40 40],[ 797 2717 2718 6043 2719  799 2720 6050 3842]
797,[40],[1286]
798,[40 40 40],[1454 7230 7227]
799,[40],[1592]
800,[40 40 40 40],[1727 3838 7870 7869]
801,[40],[2859]
802,[40 41],[3529 3529]
803,[40 40 40],[4632 4633 8882]
804,[40],[4736]
805,[40],[5207]
806,[40 41],[6486 6486]
807,[40],[8985]
808,[40],[9361]
809,[40 40 40],[10341 13184 18984]
810,[40 40 40 40 40 40 40 40 40],[10370 13365 13367 13369 17956 11445 13366 17955 13368]
811,[40 41],[10537 10537]
812,[40 41 42 42 42],[10611 10611 10611 18326 18325]
813,[40 40 40 41 41 41 41 41 42 42 42 42 42 42 42 42 43 43 43 43 43 43 44],"[12021 14167 18231 12021 14167 18231 18815 12239 12021 14167 18233 18234
 12239 14622 14623 18815 12021 14167 18231 18233 18234 18815 18233]"
814,[40 40 41],[12072 14265 12072]
815,[40],[12545]
816,[40],[12867]
817,[40],[13809]
818,[40 40],[16147 16148]
819,[40],[17549]
820,[40],[18615]
821,[40 41 42 42],[18802 18802 14612 18802]
822,[41 41],[ 215 8067]
823,[41],[1092]
824,"[41 42 42 42 42 42 43 43 43 44 44 44 44 44 44 44 44 44 44 45 45 45 45 45
 45 45 45 45 45 45 45 45 45 45 45 45 45 45 45 45 45 45 45 45 45 46 46 46
 46 46 46 46 46 46 46 46 46 46 46 46 46 46 46 46 46 46 47 47 47 47 47 47
 47 47 47 47 47 47 47 47 48 48 48 48 48 48 48 48 48 48 48 49 49 49 49 49
 49]","[ 1216  1215  6797  1216  6798  3136  1216  6798  5087  5087  6798  2484
 10007 10008  5562  7080  7081  9434  9436   551  5558  5560  7080  9434
  2291  1374  9436  5561  5562  7082  5088  5563  2483 10004  5087  5564
 10005 10006  6798  2484 10007  1526 10008 10015 10016   551  5558  5560
  7079  7080  9434  9437  9433  2292  9436  2293  5088  5089  5087  6798
  2483  5562 10004 10007 10008 10016    88 10008 10007   552  5089  6798
  5558  5560  9434  9436  5562 10004  7079  9438   551  5558  5560  7079
  7080  9434  9438  2484 10008  5089  6798   551  5560  7079  7080  9438
 10008]"
825,[41],[2142]
826,[41],[2847]
827,[41],[2964]
828,[41],[3190]
829,[41 41],[3500 7396]
830,[41 41 42],[3563 7483 3563]
831,[41],[6010]
832,[41],[6369]
833,[41],[8153]
834,[41 41 41 42 42 42 43],[10382 13436 11516 10382 13436 11516 10382]
835,[41 41],[10686 14613]
836,[41 42 43 44 45 46],[12345 12345 12345 12345 12345 12345]
837,[41],[13202]
838,[41],[19771]
839,[42 42],[  86 2898]
840,[42 43 43],[ 140  140 3194]
841,[48 48 48 48 48 48 48 49 49],[1081 6553 6554 8944 6432 3001 3002 1081 8944]
842,[42 42 42 42],[ 474 5154 6836 1238]
843,[42 42 42 42 42 43 43],[1256 9578 9579 9577 9580 9578 9579]
844,[42 42],[2084 8820]
845,[42 42],[2616 5860]
846,[42],[3176]
847,[42],[3499]
848,[42],[3795]
849,[42],[4038]
850,[42],[4219]
851,[42],[4726]
852,[42],[7398]
853,[42],[7524]
854,"[42 42 43 43 43 43 43 43 43 43 43 43 43 44 44 44 44 44 44 44 44 44 44 44
 44 44 44 44 45 45 45 45 45 45 45 45 45 45 46]","[8125 8126  710 5884 8125 8126 8124 4028 1813 8071 8121 8072 8724  710
 8125 8126 1832 4028 1813 8071 8073 8072 1814 8724 4504 2052 8728 2053
  710 8125 8126 1813 8071 8073 2052 4504 8728 8724 1813]"
855,[42],[8824]
856,[42 42 42 42 42],[10605 14679 12265 14678 18884]
857,[42 42 43],[11106 16428 16428]
858,[42 42 43 44 44],[11108 13028 13028 13026 13028]
859,[42 42],[12236 14614]
860,[42],[12534]
861,[42],[12627]
862,[42],[13005]
863,[42 43],[13251 13251]
864,[42 43],[14015 14015]
865,[42 42 43],[14456 18612 18612]
866,[42 43],[14863 14863]
867,[42],[15493]
868,[42],[15547]
869,[42],[16096]
870,[42 43 44 45 46 46 47],[16764 16764 16764 16764 16764 16766 16766]
871,[42],[19893]
872,[42],[19967]
873,[43 44 44 44 45 45 46 46 47 47],[ 296  296 6854 6856 3169 6856 3169 6856 3169 6856]
874,[43 43 43 43 44 44 44],[ 305 6907 1277 3197  305 6907 1277]
875,[43],[377]
876,[49],[3529]
877,[43],[444]
878,"[43 43 43 43 43 43 44 44 44 44 44 44 44 44 44 44 44 44 44 45 45 45 45 45
 45 45 45 45 45 45 45 45 45 45 45 46 46 46 46 46 46 46 46 46 46 46 46 46
 46 46 46 46 44 44 44 44 45 45 45 45 45 46 46 46 46 46 46 47 47 47 47 47
 47 47 47 47 47 47 47 47 47 47 47 47 47 47 47 47 47 47 47 48 48 48 48 48
 48 48 48 48 48 48 48 48 48 48 48 48 48 48 48 48 48 48 48 49 49 49 49 49
 49 49 49 49 49 49 49 49 49 49 49 49 49 49 50 50 50 50 50 50 50 50 50 50
 50 50 50 50 50 50 51 51 51 51 51 51 51 51 51 51 51 51 51 51 52 52]","[  977  6367  8559   978  2897  8556   977  4370  6367  8559  8560  1992
  4368  8558  8557  5649  1991  8556  5650   977  4369  4370  6367  8559
  8560  1992  4368  8558  4367  8557  5649  8556  1991  5650  8555   977
  4369  4370  6367  8559  8560  1992  4368  8558  4367  8557  5649  1990
  8556  1991  5650  8555  1404  8562  8563  4372  1404  7134  8562  8563
  4372  1404  7134  8562  8563  4372  1994   977  4370  6367  8559  4371
  8560  6368  1992  4368  4372  8558  4367  8557  8562  8563  5649  1990
  8556  1991  1404  7134  5650  8555 10108   977  4370  6367  8559  4371
   978  2897  1992  4368  4372  4367  8557  8558  8562  8563  1990  8556
  1991  5649  1404  7134  8555  5650 10108   977  6367  8559   978  2897
  1992  4368  4367  8557  8558  8556  1991  5649  8555  5650 10108  1404
  8563  4372   977  6367  8559   978  2897  1992  4367  8557  8558  8556
  1991  5649  8555  5650  1404  4372   978  2897  2898  6367  1991  5650
  8555  8556  1992  8559  4371  4372  4373  8563   978  8559]"
879,[43],[1374]
880,[43 44 44 45 45],[1827 1827 4013 1827 4013]
881,[43 43],[2104 8877]
882,[43],[2338]
883,[43 43 44 44 44 44],[3502 5846  208 3503 5846 3502]
884,[43 44 45 45 45 46 46 47 48 49 50],[4379 4379 4377 4379 4380 4379 4380 4380 4380 4380 4380]
885,[43],[4647]
886,[43],[6540]
887,[43],[7519]
888,[43],[7782]
889,[43],[10700]
890,[43],[10871]
891,[43],[11239]
892,[43],[11835]
893,"[43 43 44 44 44 44 44 44 44 45 45 45 45 45 46 46 47 47 48 48 49 49 43 43
 44 44 44 44 44 44 44 44 45 45 45 45 45 45 45 45 45 45 46 46 46 46 47 47
 47 47 47 47 46 47 46 47 47 47 47 48 48 48 48 48 48 48 48 48 48 48 48 48
 48 48 48 48 48 48 48 48 48 48 48 48 48 48 48 48 48 48 48 48 48 48 48 44
 45 45 45 45 45 45 46 46 46 46 47 47 47 47 47 47 47 45 45 46 47 47 48 48
 48 48 48 48 48 48 48 48 48 48 48 48 48 49 49 49 49 49 49 49 49 49 49 49
 49 49 49 49 49 49 49 49 49 49 49 49 49 49 49 49 49 49 49 49 49 49 49 49
 49 49 49 49 49 49 49 49 49 49 49 49 49 49 49 49 49 49 49 49 49 49 49 49
 49 49 49 49 49 49 49 49 49 49 49 49 49 49 50 50 50 50 50 50 50 50 50 50
 50 50 50 50 50 50 50 50 50 50 50 50 50 50 50 50 50 50 50 50 50 50 50 50
 50 50 50 50 50 50 50 50 50 50 50 50 50 50 50 50 50 50 50 50 50 50 50 50
 50 50 50 50 50 50 50 50 50 50 51 51 51 51 51 51 51 51 51 51 51 51 51 51
 51 51 51 51 51 51 51 51 51 51 51 51 51 51 51 51 51 51 51 51 51 51 51 51
 51 51 51 51 51 51 51 51 51 51 51 51 51 51 51 51 51 51 51 51 51 52 52 52
 52 52 52 52 52 52 52 52 52 52 52 52 52 52 52 52 52 52 52 52 52 52 52 52
 52 52 52 52 52 52 52 52 52 52 52 52 53 53 53 53 53 53 53 53 53 53 53 53
 53 53 53 53 53 53 53 53 53 53 53 53 53 53 53 53 53 54 54 54 54 54 54 54
 54 54 54 54 54 54 54 54 54 54 54 54 54 54 54 54 54 54 55 55 55 55 55 55
 55 55 55 55 55 55 55 55 55 55 55 55 55 55 55 55 55 55 56 56 56 56 56 56
 55 56 56 56 56 56 56 56 56 56 56 56 56 56 56 56 56 56 56 56 57 57 57 57
 57 57 57 57 57 57 57 57 57 57 57 57 57 57 57 57 57 57 57 57 57 57 57 57
 57 57 57 57 57 57 57 58 58 58 58 58 58 58 58 58 58 58 58 58 58 58 58 58
 58 58 58 58 58 58 58 58 58 58 58 58 58 58 58 58 59 59 59 59 59 59 59 59
 59 59 59 59 59 59 59 59 59 59 59 59 59 59 59 59 59 59 59 59 59 59 59 59
 59 59 59 59 59 60 60 60 60 60 60 60 60 60 60 60 60 60 60 60 60 60 60 60
 60 60 60 60 60 60 60 60 60 60 60 60 60 60 60 60 60 60 58 59 59 60 60 60
 60 60 60 61 61 61 61 61 61 61 61 61 61 61 61 61 61 61 61 61 61 61 61 61
 61 61 61 61 61 61 61 61 61 61 61 62 62 61 62 62 62 62 62 62 62 62 62 62
 62 62 62 62 62 62 63 63 63 63 63 63 63 63 63 63 63 63 64 64 64 64 64 64
 64 64 64 64 65 65 65 65 65 65 65 65 65 65 65 63 63 64 64 64 64 65 65 65
 65 65 65 65 65 65 65 65 65 65 65 65 65 65 66 66 66 66 66 66 66 66 66 66
 66 66 66 66 66 66 66 66 66 66 66 66 66 66 66 66 66 66 66 66 66 67 67 67
 67 67 67 67 67 67 67 67 67 67 67 67 67 67 67 67 67 67 67 67 67 67 67 67
 67 67 67 67 68 68 68 68 68 68 68 68 68 68 68 68 68 68 68 68 68 68 68 68
 68 68 68 68 68 68 69 69 69 69 69 69 69 69 69 69 69 69 69 69 69 69 69 69
 69 69 69 69 69 69 69 69 69 69 69 69 69 69 69 69 70 70 70 70 70 70 70 70
 70 70 70 70 70 70 70 70 70 70 70 70 70 70 70 70 70 70 70 70 70 70 70 70
 70 70 70 70 70 66 67 68 69 70 70 70 70 71 71 71 71 71 71 71 71 71 71 71
 71 71 71 71 71 71 71 71 71 71 71 71 71 71 71 71 71 71 71 71 71 71 71 71
 71 71 71 71 71 71 72 72 72 72 72 72 72 72 72 72 72 72 72 72 72 72 72 72
 72 72 72 72 72 72 72 72 72 72 72 72 72 72 72 72 72 72 73 73 73 73 73 73
 73 73 73 73 73 73 73 73 74 74]","[12536 15331 12536 15333 19682 19690 15331 12539 19692 12539 15331 15332
 15333 19682 15331 15333 15331 15333 15331 15333 15331 15333 15800 15802
 10930 16088 20242 13741 15801 12724 15800 19676 10793 19676 19679 10930
 20242 20243 12724 20244 13741 19674 19674 19675 19676 19679 15800 19675
 19676 19674 19678 19679 13743 13743 19916 12586 19916 17642 19828 10450
 13741 13743 13745 16088 20244 20247 11768 20248 10930 20243 12724 20246
 17642 12850 20242 15801 13141 19673 12533 15800 19672 19674 19675 19676
 19833 19834 19679 12586 19832 19916 15528 12585 19830 19828 17157 10809
 10809 15452 15454 17113 15453 12583 10809 15454 12583 15453 10809 15452
 15454 12582 15453 12583 19824 13441 13443 13443 13441 13443 10809 15452
 15454 17113 15453 12583 19824 19825 19826 13443 13441 13439 11520 15517
 17155 10450 13741 13743 13745 16088 20244 20247 16087 13744 11768 20248
 10930 20243 12724 20246 17641 17642 20242 15801 15802 11221 13141 12533
 19673 15800 16613 19674 19675 19672 19676 16614 12532 19833 19834 19679
 14619 15460 12586 19916 10687 14621 12585 15527 15528 10928 19915 14622
 19830 19831 10810 12584 19828 15455 12583 15454 19826 15453 19824 19825
 10809 15452 11523 13443 12582 13442 13441 17155 17153 10820 15517 17152
 15519 11520 10378 13441 13443 19816 19825 13440 13442 11523 19826 19824
 12583 19827 15455 15453 19823 15454 12584 19828 12582 15452 19830 10810
 19831 15524 15526 15528 19832 12586 15460 19833 19834 19916 12532 19672
 10928 19674 19673 12533 19675 20242 15800 15801 19676 10930 20243 12724
 19679 16087 16088 20244 20246 12535 13741 10450 20247 15331 13743 13745
 20248 15333 13744 11768 17641 17642 11221 13141 16613 16614 10248 12848
 12850 19672 19673 19834 12849 20242 12532 19674 19833 12533 12586 16086
 16087 15801 15460 19675 19832 15800 15527 15528 10929 13741 16088 12724
 12585 19676 19831 15526 10810 10450 13743 20244 19830 19679 19828 17157
 13745 13744 12584 19827 17156 15455 19826 13442 12583 15454 13443 19825
 13441 15453 19824 15452 13440 12582 19823 15331 15333 10248 12848 12850
 19672 19673 19834 20242 19674 19833 12533 12586 15801 19675 15800 15527
 15528 19676 10810 19831 17157 19828 12585 19830 17156 19827 12584 19826
 12583 13443 19825 15453 15454 19824 13441 15452 10450 13741 16087 15333
 10809 15452 15454 15453 12583 15455 19824 19825 19826 13443 13441 10928
 19916 15527 19834 19672 19833 19673 19674 12533 20242 19675 15800 15801
 13741 16087 16088 11768 13744 10450 13741 13743 13744 17641 13141 17642
 10809 15454 12583 15453 19824 19825 19826 13443 13441 10928 19916 19834
 15800 15801 19675 19676 20242 19674 10809 15452 15454 12582 15453 12583
 15455 19823 19824 19827 17157 13141 13142 17641 17642 13441 13443 15800
 15801 19675 19676 20242 20243 19916 10809 15452 15454 15453 12583 19824
 20247 10930 16088 20242 20243 15801 12724 15800 20246 19675 19676 20247
 19674 20248 13443 17156 17157 19827 19828 19916 10809 15452 15454 17113
 15453 12583 19824 19825 19826 13443 10810 17157 19828 17156 12584 10930
 16088 20242 20243 13741 12533 15801 19673 12724 15800 19674 19675 19672
 19676 19834 19678 19916 15527 13745 20248 10809 15452 15454 15453 12583
 19825 19826 13443 10930 16087 20242 20243 13741 12533 15801 19673 13743
 15800 19674 19675 19672 19676 12532 19833 19834 19678 12586 19916 15527
 17156 17157 19828 19830 10248 12848 19672 19673 19834 10928 19916 12532
 19674 19833 12533 20242 15527 19675 15800 15801 10930 20243 19676 16087
 16088 19678 10809 15452 15454 15456 17113 15453 12583 15455 19825 19826
 13443 17155 17156 17157 19828 10378 13439 13441 13443 19825 11519 13440
 18059 13442 11523 19826 12583 17155 17156 17157 19827 15455 15453 15454
 15456 15452 10809 17113 10928 19916 10930 16088 20242 20243 12533 15801
 19673 15800 19674 19675 19676 19678 20247 20246 20247 11768 13745 20248
 13743 20247 20246 10450 16088 20247 20243 12725 20246 20248 15801 20242
 15800 19675 19676 19674 19678 10809 15452 15454 15456 17113 15453 12583
 19825 19826 13443 19827 17157 15524 17156 15525 17155 11519 18059 10809
 15454 15528 10810 15528 17157 19831 17156 19827 17155 12584 12725 20246
 20247 15525 15800 19675 19676 19678 10810 17157 19828 17156 19827 12584
 19830 15454 15800 19675 19676 19678 15454 15800 19675 19676 19674 17155
 17156 17157 19828 19830 10809 15454 15456 17113 12583 15453 11499 17112
 19826 19823 13443 15460 19833 12586 15527 19833 15460 12532 15460 19672
 19674 19833 12585 19673 12533 19675 12586 19831 15800 12534 19676 15527
 17156 17157 10809 15452 15454 15456 17113 15453 12583 19824 19826 13443
 12532 15460 19672 19674 19833 12585 19673 19834 12533 19675 12586 19830
 15800 12534 19676 15527 19828 15802 19678 17157 17156 10809 15452 15454
 15456 17113 15453 12583 19824 19826 13443 13441 12532 15460 19672 19674
 19833 12585 19673 19834 12533 19675 12586 19830 15800 19676 15527 19828
 15802 19678 17157 17156 10809 15452 15454 15453 12583 12532 15460 19672
 19674 19833 19673 19834 12533 19675 12586 12850 20242 12848 15801 19676
 15527 12584 19828 19830 17157 17156 10248 12848 12850 19672 19673 19834
 10928 20242 12532 19674 19833 12533 12586 15801 15460 19675 19832 15800
 15527 15802 12585 19676 19831 19830 19828 12584 17157 17156 10809 15452
 15454 17113 15453 12583 10248 12848 12850 19672 19673 19834 10928 19916
 20242 12532 19674 19833 12533 12586 15527 15801 15460 19675 19832 15800
 15528 15802 12585 19676 19831 10810 19830 19828 17157 12584 19827 17156
 17155 10809 15454 17113 12583 17323 17323 17323 17323 11615 17321 17323
 19680 10248 12848 12850 19672 19673 19834 10928 19916 20242 12532 19674
 19833 12533 12586 15527 15801 15460 19675 19832 15800 15528 12724 12585
 19831 10793 20244 19830 19828 17321 17322 12584 17157 11615 17323 19680
 11616 17156 17324 15803 12583 15454 10248 12848 12850 19672 19673 19834
 10928 19916 20242 12532 19674 19833 12533 12586 15527 15801 15460 19675
 19832 15528 12585 19831 10810 19830 19828 17157 12584 17156 17155 11616
 15804 17322 17323 17324 17321 12583 10928 19916 19834 19672 19833 12532
 19674 15327 12533 12534 12583 15454 17156 19828 12583 19674]"
894,[43],[12725]
895,[50 50 50 50 50 50],[10687 14623 12239 14622 11520 15518]
896,"[62 62 63 63 63 64 64 64 64 64 64 64 64 65 65 65 65 65 66 66 66 66 66 66
 66 66 67 67 67 67 67]","[14951 19217 13245 17788 19217 10738 14950 12377 14951 12378 19217 17788
 13245 12377 14950 13245 17788 19217 11325 13245 17787 17788 11830 19218
 13849 19216 11830 17787 17788 19216 19218]"
897,[43],[17792]
898,[43],[19342]
899,[43],[19678]
900,[44 45 45 45 46 46 47 47 48],[ 206  206 5842 9672  206 5842 5842 9673 5842]
901,[44 44 44 44 44 45 45 45 45 45 45 46 46 46 47],"[ 364 3967 3969 8058 1808 1808 3975 8058 8059 3969 3967 1808 3975 8059
 1808]"
902,[44 44 45 45 46],[1045 6487 1045 6487 6487]
903,[44],[1258]
904,[44],[1270]
905,[44],[1825]
906,[44],[3113]
907,[44 45 46 46 46 47],[3174 3174  135 3174 9575 3174]
908,[44 44 44 44 45 45 45 45],[3469 3470 3471 7354 3468 3469 7352 3471]
909,[44],[3585]
910,[44],[4273]
911,[44],[4570]
912,[44],[5259]
913,[44 44 44 45],[ 5638 10093 10094 10093]
914,[44 45],[5902 5902]
915,[44],[7331]
916,[44 45 46 46],[7698 7698  758 7698]
917,[44],[7818]
918,[44 44 44 45],[9577 9580 9581 9577]
919,[44],[9694]
920,[44],[10000]
921,[44],[10014]
922,[44 44 45 45 46 46 46 47 48 48 48 49 49 49 50 50 50 51 51 52],"[10288 13185 13185 13187 11267 13187 13185 13185 11267 13187 13185 11267
 13187 13185 11267 13187 13185 11267 13187 13187]"
923,"[44 44 44 44 44 44 44 44 44 44 44 44 44 44 44 44 44 44 44 44 44 44 44 44
 45 45 45 45 45 45 45 45 45 45 45 45 45 45 45 45 45 45 45 45 45 45 45 45
 45 45 45 45 45 45 45 45 45 45 45 45 45 45 45 45 45 45 46 46 46 46 46 46
 46 46 46 46 46 46 46 46 46 46 46 46 46 46 46 46 46 46 46 46 46 46 46 46
 46 46 46 46 46 46 46 46 46 46 46 47 47 47 47 47 47 47 47 47 47 47 47 47
 47 47 47 47 47 47 47 47 47 47 47 47 47 47 47 47 47 47 47 47 47 47 47 47
 47 47 47 47 47 47 48 48 48 48 48 48 48 48 48 48 48 48 48 48 48 48 48 48
 48 48 48 48 48 48 48 48 48 48 48 48 48 48 48 48 48 48 48 48 48 48 48 48
 48 48 48 48 48 48 48 48 48 49 49 49 49 49 49 49 49 49 49 49 49 49 49 49
 49 49 49 49 49 49 49 49 49 49 49 49 49 49 49 49 49 49 49 49 49 49 49 49
 49 49 50 50 50 50 50 50 50 50 50 50 50 50 50 50 50 50 50 50 50 50 50 50
 50 50 50 50 50 50 50 50 50 50 50 50 50 50 50 50 50 50 50 50 50 50 50 50
 51 51 51 51 51 51 51 51 51 51 51 51 51 51 51 51 51 51 51 51 51 51 51 51
 51 51 51 51 51 51 51 51 51 51 51 51 51 51 51 51 51 51 51 51 51 52 52 52
 52 52 52 52 52 52 52 52 52 52 52 52 52 52 52 52 52 52 52 52 52 52 52 52
 52 52 52 52 52 52 52 52 52 52 52 52 52 52 52 52 52 52 52 52 53 53 53 53
 53 53 53 53 53 53 53 53 53 53 53 53 53 53 53 53 53 53 53 53 53 53 53 53
 53 53 53 53 53 53 53 53 53 53 53 53 53 53 53 53 53 53 53 53 53 53 53 53
 53 54 54 54 54 54 54 54 54 54 54 54 54 54 54 54 54 54 54 54 54 54 54 54
 54 54 54 54 54 54 54 54 54 54 54 54 54 54 54 54 54 54 54 54 54 54 54 54
 54 54 55 55 55 55 55 55 55 55 55 55 55 55 55 55 55 55 55 55 55 55 55 55
 55 55 55 55 55 55 55 55 55 55 55 55 55 55 55 55 55 55 55 55 55 55 56 56
 56 56 56 56 56 56 56 56 56 56 56 56 56 56 56 56 56 56 56 56 56 56 56 56
 56 56 56 56 56 56 56 57 57 57 57 57 57 57 57 57 57 57 57 57 57 57 57 57
 57 57 57 57 57 58 58 58 58 58 58 58 58 58 58 58 58 58 58 58 58 58 58 59
 59 59 60 60 60 60 60 60 60 61 61 61 61 61 61 61 61 61 61 61 61 61 62 62
 62 62 62 62 62 62 62 62 62 62 62 62 62 62 62 63 63 63 63 63 63 63 63 63
 63 63 63 63 63 63 63 63 63 63 63 63 63 63 63 63 63 63 63 63 63 63 63 63
 63 63 63 63 63 63 64 64 64 64 64 64 64 64 65 65 65 65 65 65 65 65 65 66
 66 66 66 66 67 67 67 67 67 67 67 67 68 68 68 68 68 68 68 68 68 68 68 68
 66 66 66 66 66 66 66 66 66 67 67 67 67 68 68 68 68 68 68 66 66 66 67 67
 67 67 67 68 68 68 68 68 68 68 69 69 69 69 69 69 69 69 69 69 69 69 69 69
 69 69 69 69 69 69 69 69 69 69 69 69 69 69 69 69 69 69 69 69 69 69 70 70
 70 70 70 70 70 70 70 70 70 70 70 70 70 70 70 70 70 70 70 70 70 70 70 70
 70 70 70 70 70 70 70 70 70 70 70 70 70 70 70 70 70 70 71 71 71 71 71 71
 71 71 71 71 71 71 71 71 71 71 71 71 71 71 71 71 71 71 71 71 71 71 71 71
 71 71 71 71 71 71 71 71 71 71 71 71 71 71 71 71 72 72 72 72 72 72 72 72
 72 72 72 72 72 72 72 72 72 72 72 72 72 72 72 72 72 72 72 72 72 72 72 72
 72 72 72 72 72 72 72 72 72 72 72 72 72 72 73 73 73 73 73 73 73 73 73 73
 73 73 73 73 73 73 73 73 73 73 73 73 73 73 73 73 73 73 73 73 73 73 73 73
 73 73 73 74 74 74 74 74 74 74 74 74 74 74 74 74 74 74 74 74 74 74]","[10341 13180 13182 13184 17696 18983 11260 13181 17695 18984 12299 16680
 16682 17694 10463 16681 17693 17692 17691 10711 14762 18987 11271 11270
 10341 13180 13182 13184 17696 18974 18983 11260 13181 17695 11262 13183
 11264 18984 12299 16680 16682 17694 16683 18985 14761 14760 10463 16681
 17693 11261 11791 12300 14762 10711 17690 18951 17692 18987 18988 16699
 16698 17691 11271 16700 11270 16109 10341 13180 13182 13184 17696 18974
 18983 11260 13181 17695 11262 13183 11264 18984 12299 16680 16682 17694
 16683 18985 14761 14760 10463 16681 17693 11791 12300 14762 10711 17690
 17692 18987 16699 16698 17691 11271 16700 13779 16109 10462 13778 10341
 13180 13182 13184 17696 18974 18983 11260 13181 17695 11262 13183 11264
 18984 12299 16680 16682 17694 16683 18985 14761 14760 10463 16681 17693
 11261 11791 12300 14762 10711 17690 17692 16699 16698 11790 17691 16700
 13778 13779 16109 16701 13777 10462 10341 13180 13182 13184 17696 18974
 18983 11260 13181 17695 11262 13183 11264 18984 12299 16680 16682 17694
 16683 18985 14761 14760 10463 16681 17693 11261 12300 14762 10711 14732
 17690 17692 18987 18988 16699 16698 11790 17689 17691 11271 16700 11270
 13778 13779 17688 16109 16701 13189 13190 13777 10462 10341 13180 13182
 13184 17696 18974 18983 11260 13181 17695 11262 13183 11264 18984 12299
 16680 16682 17694 18985 14761 14760 10463 16681 17693 11791 12300 14762
 10711 17690 17692 18987 16699 16698 17691 11271 16700 11270 16109 13189
 13190 11268 10341 13180 13182 13184 17696 18974 18983 11260 13181 17695
 11262 13183 11264 18984 12299 16680 16682 17694 18985 14761 14760 10463
 16681 17693 11791 12300 14762 10711 17690 17692 18987 18988 16699 16698
 17691 11271 14764 16700 11270 14763 16701 13191 13189 13190 11272 11268
 10341 13180 13182 13184 17696 18974 18983 11260 13181 17695 11262 13183
 11264 18984 12299 16680 16682 17694 18985 14761 14760 10463 16681 17693
 12300 14762 10711 17692 18987 16699 14756 16698 17691 11271 14764 16700
 16697 11270 16701 13191 13189 13190 11272 11268 13784 10341 13180 13182
 13184 17696 18974 18983 11260 13181 17695 11262 13183 11264 18984 12299
 16680 16682 17694 18985 14761 14760 10463 16681 17693 11791 12300 14762
 10711 17690 17692 13782 18987 16699 14756 16698 17691 13784 11271 14764
 16700 11270 13779 13191 13189 13190 11272 11268 10341 13180 13182 13184
 17696 18974 18983 11260 13181 17695 11262 13183 11264 18984 12299 16680
 16682 17694 16683 18985 14761 14760 10463 16681 17693 11791 12300 14762
 10711 14758 17690 17692 13782 18987 16699 14756 16698 11790 17691 13784
 11271 14764 16700 11270 13779 16109 14763 16701 13191 13189 13190 11272
 11268 10341 13180 13182 13184 17696 18974 18983 11260 13181 17695 11262
 13183 11264 18984 12299 16680 16682 17694 16688 18985 14761 14760 10463
 16681 17693 11791 12300 14762 10711 17690 17692 18987 16699 14756 16698
 11790 17691 11271 14764 16700 11270 13778 13779 14763 16701 13189 13190
 10462 11272 10341 13180 13182 13184 17696 18974 18983 11260 13181 17695
 11262 13183 11264 18984 12299 16680 16682 17694 16683 16688 18985 14761
 14760 10463 16681 17693 11791 12300 14762 10711 17692 18987 18988 16699
 16698 17691 11271 14764 16700 11270 16701 13189 13190 11268 10341 13180
 13182 13184 17696 18983 11260 13181 17695 11264 18984 16680 17694 14761
 17693 11791 14760 14762 17692 10711 16699 18987 17691 16698 11271 16700
 14764 13779 11270 13778 13189 13190 11268 10341 13180 13182 13184 18983
 11260 13181 17695 18984 16680 17694 14761 10463 17693 14760 14762 17692
 10711 16699 18987 16698 16700 10341 13180 13182 13184 18983 11260 17695
 18984 16680 17694 14761 17693 14760 14762 10711 16699 16698 16700 16698
 17694 18983 10711 16698 16699 10341 13180 13184 18984 10711 14760 14762
 16698 16699 14761 18987 16700 11271 18984 13184 18983 17695 10341 13180
 13182 13184 18983 17695 18984 17694 14761 14760 14762 10711 16699 16698
 11271 16700 11270 10341 13180 13182 13184 17696 18983 11260 13181 17695
 11262 13183 11264 18984 12299 16680 17694 16683 18985 14761 14760 17693
 12300 14762 10711 17692 18987 18988 16699 16698 17691 11271 14764 16700
 11270 16701 13191 13189 13190 11272 10341 13180 13182 13184 18984 17691
 17693 17694 10341 13180 13182 13184 11260 18984 16680 17694 17693 10341
 13180 16680 17693 17694 10341 13180 13184 18983 18984 16680 17693 17694
 10341 13180 13182 13184 18983 11260 17695 18984 16680 17694 17693 17692
 10711 16698 16699 11270 16700 11271 18987 13191 11272 10711 16698 16699
 11270 10711 14762 16698 16699 11270 11271 11268 13188 16696 11268 13188
 16696 17705 18978 10466 16695 16696 18978 11268 13188 17705 10341 13180
 13182 13184 17696 18974 18983 11260 13181 17695 11264 18984 16680 17694
 14761 17693 14762 17692 10711 16699 18987 14756 16698 11271 16700 14764
 16697 11270 13191 13189 13190 11272 13192 11268 13188 17705 10341 13180
 13182 13184 17696 18974 18983 11260 13181 17695 11262 13183 11264 18984
 12299 16680 16682 17694 18985 14761 14760 10463 16681 17693 11791 12300
 14762 10711 14758 17692 18987 16699 14756 16698 17691 11271 14764 16700
 11270 14763 13191 13189 11272 11268 10341 13180 13182 13184 17696 18974
 18983 11260 13181 17695 11262 13183 11264 18984 12299 16680 16682 17694
 16683 18985 14761 14760 10463 16681 17693 12300 14762 10711 14758 17692
 18987 16699 14756 16698 11271 14764 16700 16697 11270 14763 16701 13191
 13189 13190 11272 11268 10341 13180 13182 13184 17696 18974 18983 11260
 13181 17695 11262 13183 11264 18984 12299 16680 16682 17694 16683 18985
 14761 14760 16681 17693 12300 14762 10711 14758 17692 18987 16699 14756
 16698 11271 14764 16700 16697 11270 14763 16701 13191 13189 13190 11272
 11268 17705 10341 13180 13182 13184 17696 18983 11260 13181 17695 11262
 13183 11264 18984 16680 17694 18985 14761 17693 12300 14760 14762 18987
 10711 16699 11271 14764 16698 16700 14763 16701 11270 13191 11272 13189
 13190 11268 17705 10341 13180 13182 13184 13181 18984 14761 12300 14760
 14762 18987 10711 16699 11271 16698 16700 11268 13189 13190]"
924,"[44 44 44 44 44 45 45 45 45 45 46 46 46 46 46 46 47 47 47 47 48 48 48 48
 48 48 48 49 49 49 49 49 49 49 49 49 49 50 50]","[10554 14055 14061 16276 16278 10554 14055 16276 16275 16278 11035 16277
 16278 14061 16276 14055 11035 16278 11958 14061 11035 16277 16278 18087
 14061 11958 18086 11035 16278 11958 14060 18085 18086 18089 11959 17190
 18090 14060 18085]"
925,[44],[10563]
926,[44],[11193]
927,[44],[11267]
928,[44 44 44 44 45 45],[11793 13785 13786 13787 11793 13786]
929,[44],[12868]
930,[44],[13252]
931,[44],[13540]
932,[44],[13745]
933,[44],[14534]
934,[44 45 45 ... 74 74 74],[14722 14722 10340 ... 16999 19604 19605]
935,[44 45 46],[16094 16094 16094]
936,[44 44 45],[17039 17040 17040]
937,[44 44],[18040 18643]
938,[44 45 45],[19344 19344 19345]
939,[44],[19721]
940,[44],[20258]
941,"[45 45 45 45 45 46 46 46 46 46 46 46 46 46 46 47 47 47 47 47 47 47 48 48
 49 49 49 49 50 50 50 50 50 50 50 51 51 51 51 51 51 51]","[  92 2912 7412  992 1532   92 2912 7412  992 1532 6392 3512 6393  212
 5852  212 3512 1532 7412  992 4414 6393  212 3512  212 3512 5852 1532
   92 7412 1532 3512  212 3514 5852   92 2912 7412 7413 1532 3512  212]"
942,[45],[124]
943,[45 45 46 46 47 47 48 49 50 51],[ 140 3192  140 3192  140 3190 3190 3190 3190 3190]
944,[45 45 45 45 46 46 46 46 46],[ 297 3770 3772 3771  297 3770 3772 3774 3771]
945,[45],[2056]
946,"[45 45 45 45 45 46 46 46 46 46 46 46 46 46 46 46 46 47 47 47 47 47 47 47
 47]","[2063 4532 8767 2066 8770 2062 4530 4531 4528 4532 2063 8766 8767 2066
 8769 8770 6462 1031 4529 6462 4530 4532 2063 8767 8769]"
947,[45],[2583]
948,[45 45 46 46 46],[3401 7257 3398 3399 7257]
949,[45 45 46 46 46 46 46 47 47 47 47 47 47 48 48 48 48 48 48 48 49 49],"[3499 3500 3499 3500 5846 7396 6369 1525 3500 7398 6369 7399 5846  979
 7398 7399 3502 3499 3500 5846 3499 5846]"
950,[45],[3896]
951,[45 46 46 47 47 48],[4254 4253 4254 4253 4254 4253]
952,[45],[5185]
953,[45],[6006]
954,[45],[6899]
955,[45 45],[7397 7398]
956,[45],[8129]
957,[45],[9273]
958,[45],[9275]
959,[45],[9368]
960,[45],[9484]
961,[45],[9951]
962,[45 46 46],[10020 10020 10023]
963,[45 46 47 48 49 50 51],[10110 10110 10110 10110 10110 10110 10110]
964,"[45 45 45 45 46 46 46 46 46 47 47 47 47 47 47 47 47 47 47 47 48 48 48 48
 48 48 48 48 48 48 48 48 48 48 48 48 48 49 49 49 49 49 49 49 49 50 50 50
 50 50 50 51 51 51 51 52]","[10353 19245 19253 19252 10353 13284 19245 19253 19252 10353 13282 13284
 19245 13283 12387 16868 16869 19252 19251 19342 10753 15045 15051 16869
 12420 15050 13283 16868 19342 19338 11362 13282 16867 17588 12387 19245
 19251 10753 15045 15051 16869 12420 16868 19342 16867 10753 15051 12420
 19342 16868 16869 10753 15051 16869 19342 19342]"
965,"[45 46 46 46 47 47 47 47 47 47 47 47 47 47 47 47 48 48 48 48 48 48 48 48
 48 48 49 49 49 49 49 49 49 49 49 49 50 50 50 50 50 50 51]","[10581 10581 15808 15810 10581 15808 15810 18192 18195 12003 15809 18191
 12727 20251 20252 20253 10581 15808 15810 18195 12003 15809 12727 20251
 20252 20253 10581 15808 15810 18195 12003 15809 12727 20251 20252 20253
 10581 15808 15810 15809 12727 20251 20251]"
966,[45],[10656]
967,[45 45],[11768 17641]
968,[45 46 47 47],[12115 12115 12115 14359]
969,[45],[12420]
970,[45 45 45 45],[13541 17332 17330 17331]
971,[45],[14362]
972,[45 45],[17548 17549]
973,[45 46 46],[17762 14887 17762]
974,[45 45 46 46 46 47 47 47 48 48],[19099 19100 18937 19100 19099 18937 19100 19099 18937 19100]
975,[45],[19683]
976,[45],[20259]
977,[46],[250]
978,[46 46 46],[ 818 6082  819]
979,[46],[891]
980,[46 47 47 47 47 48],[1194 1194 6758 9358 9359 9358]
981,[46 46],[1447 3383]
982,[46 46 46],[1505 7354 6313]
983,"[46 46 47 47 47 47 47 46 47 47 47 47 47 47 48 48 48 48 48 48 48 48 48 48
 48 48 48 48 48 48 48 48 48 48 49 49 49 49 49 49 49 49 49 49 49 49 50 50
 50 50 50 50]","[1702 7813  785 3797 3798 7813 6024 7815 3795 7811 7812 7815 7816 2337
  306 3797 3799 6024 9568 9571  785 3798 6023 1703 9567 2337 9572 7813
 7815 7816 1704 7812 7811 3795  785 3797 6023 7813 3799 6024 3796 9568
 3795 9570 1704 7812 1700 3794 3795 3796 7813 6024]"
984,"[46 46 46 47 47 47 47 47 47 47 47 47 47 48 48 48 48 48 48 48 48 48 48 49
 49 49 49 49 49 49 50 50 50 50 51 51 51 51 51 52 52 52 52 52 52 53 53 53
 53 53 53 53 53 53 54 54 54 54 54 54 55 55 55 55 55 56 56 56 56 57 57]","[2102 4623 8874  235 4622 4624 7510 7513 4623 2102 8873 8872 8874  235
 4622 4624 7510 7513 4623 2102 8873 8872 8874  235 4622 4624 7510 4623
 2102 8874  235 4624 2102 8874  235 4624 7510 2102 8874  235 4622 4624
 7513 2102 8874  235 4622 4624 7513 4623 2102 8873 8872 8874  235 4624
 7513 2102 8873 8872 2102 4624 8874 7510 7513 4622 7510 7512 7513 7510
 7512]"
985,[46],[2267]
986,[46],[2465]
987,[46 47 47 47 47 48 48 49],[ 2523  2523  5664 10125 10126  2523  5664  5664]
988,[46 47 47 47 47],[2579  662 2582 8775 2579]
989,[46],[3502]
990,[46],[3713]
991,[46 46 46],[ 3898  3900 10033]
992,[46],[4072]
993,[46],[4263]
994,[46],[4443]
995,[46],[4729]
996,"[46 47 47 47 47 47 47 47 47 47 48 48 48 48 48 48 49 49 49 49 49 50 50 50
 50 50 50 50 50 50 50 51 51 51 51 51 51 51 52]","[5027  278 5027 6759 6760 9361 1195 6761 5029 3116 1195 3116 6761 2266
 5027 5029 3116 6761 5025 5026 5027 1196 5029 6760 6761 6762 5027 3116
 2266 3117 3119 1196 6760 6761 6762 9361 3116 3117 6760]"
997,[46 47],[5255 5255]
998,[46],[5568]
999,[46 47 48 49 50],[5655 5655 5655 5655 5655]
1000,[46],[5800]
1001,[46],[5887]
1002,[46],[6866]
1003,[46],[6898]
1004,[46 47],[7252 7252]
1005,[46],[7989]
1006,[46],[8238]
1007,[46],[9377]
1008,[46],[9482]
1009,[46],[9653]
1010,[46],[9954]
1011,[46],[10000]
1012,[46],[10014]
1013,[46],[10435]
1014,[46],[10810]
1015,[46 46],[11621 17333]
1016,[46 46 46 47 47],[11835 17801 11836 11835 13856]
1017,[46],[12006]
1018,[46 46 46 47],[12377 14949 14948 14948]
1019,[46],[13918]
1020,[46 47 48 48 48 49],[14023 14023 14022 14023 18031 14022]
1021,[46 46],[17685 17780]
1022,[46],[17892]
1023,[46],[18630]
1024,[46 47],[19459 19459]
1025,[46 47],[19875 19875]
1026,[47 47],[ 227 3597]
1027,[55 55 56 56 57],[2056 8738 2056 8738 8738]
1028,[47],[759]
1029,"[47 47 47 47 47 47 47 47 48 48 48 48 48 48 48 48 48 48 48 48 48 48 48 48
 48 48 48 48 49 49 49 49 49 49 49 49 49 49 48 49 49 49 49 49 49 49 50 50
 50 50 51 51 52]","[1301 5343 6949 6950 6951 6948 7847 5417  313 6948 6949 7844 7847 6950
 1301 6951 5343 1302  586 3223 6954 5349 1303 2397 9749  587 5417 5419
  313 6948 6949 7847 6950 1301 6951 5343  586 5349 2399  587 5417 5421
 9749 2399 3222 3223  313 6948 6949 1301 6948 6950 6950]"
1030,[47],[1852]
1031,[47 47],[2113 8905]
1032,[47 48],[2365 2365]
1033,"[47 47 47 47 48 48 48 48 48 48 48 48 48 48 48 48 48 49 49 49 49 49 49 49
 49 50 51 51 52 52 53]","[ 2492  5587 10032 10038   619  5586  7097 10038  2492  5585  7096 10032
 10030  2491 10028  6084  6083   340  3896  6084 10029 10032  6083  2492
   619  3896  3896  6083  3896  6083  3896]"
1034,[47 48 48 48 48 48 48 48 49 49 49 49 49],"[ 2512   625  5631  5633 10092 10095  2512 10094   625  7124 10092 10091
  2512]"
1035,[47],[2738]
1036,[47],[4846]
1037,[47],[5032]
1038,[47],[5204]
1039,[47 47 48 48 48 48 49 49 49 50],[5238 9616 1265 5238 9616 9617 1265 5238 9616 1265]
1040,[47],[5331]
1041,[47],[5333]
1042,[47],[5899]
1043,[47 47],[6211 8234]
1044,[47],[6213]
1045,[47 48],[6302 6302]
1046,[47 48 49],[6582 6582 6582]
1047,[47],[6899]
1048,[47 48 48],[7305 7305 7306]
1049,[47],[7515]
1050,[47],[8231]
1051,[47],[8771]
1052,[47 47],[9576 9577]
1053,[47],[9683]
1054,[47],[10018]
1055,"[47 47 47 47 47 47 47 47 47 48 48 48 48 48 48 48 48 48 48 49 49 49 50 50
 50 50 50 50 50 51 51 51 51 51 52 52 52 52 52 52 52 53]","[10427 14434 16502 17549 16503 13677 17548 16504 11726 10427 14434 16502
 17549 16503 13677 17548 13080 16504 11726 13677 17548 17549 10427 14434
 16502 17549 16503 13677 17548 13677 17548 17549 16502 16503 10427 16502
 16503 16504 13677 17548 17549 17549]"
1056,[47],[10458]
1057,[47 47],[10767 19469]
1058,[47 47],[11625 20279]
1059,[47],[12079]
1060,"[47 47 47 47 47 48 48 48 48 48 48 48 48 48 49 49 49 49 49 49 49 50 50 50
 50 51]","[12550 15368 19723 19724 19721 12550 15368 15369 19723 19724 15367 19721
 17063 17065 12550 15368 19723 19724 15367 19721 17063 15367 15368 17063
 19723 19723]"
1061,[47],[12599]
1062,[47 47 47 47 48 48 49],[12636 15583 19983 19980 15583 19980 19980]
1063,[47],[13412]
1064,[47],[13756]
1065,"[47 47 47 48 48 48 48 48 48 48 48 48 48 48 48 48 49 49 49 49 49 49 49 50
 50 50 50 50 50 50 51 51]","[14589 19729 19730 10679 14585 14587 16592 16593 19730 19733 19729 18772
 11210 19734 19732 14589 12552 15372 19729 19730 19732 12553 14589 12552
 15372 19729 19730 19732 12553 14589 19729 19730]"
1066,[47],[14849]
1067,[47],[15492]
1068,[47 48],[16814 16814]
1069,[47],[17156]
1070,[47],[17716]
1071,[47],[18645]
1072,[47],[19263]
1073,"[48 48 49 50 50 50 50 51 51 51 51 51 51 52 52 52 52 52 53 53 53 53 53 53
 53 53 53 54]","[ 364 8058  364  364 3969 8058 3975  364 3967 3969 8058 1808 3975  364
 3967 3969 8058 3975  364 3967 3969 8058 1808 3974 3975 3973  365 8058]"
1074,[48 48 48 48 49 49],[1979 8525 9486 9485 9485 9486]
1075,[48],[2055]
1076,[48],[2360]
1077,[48 49],[2514 2514]
1078,[48 48 49 49 49 50 50 50 51 52],[2613 2614 2613 2614 8044 2614 8043 8044 2614 2614]
1079,[48 48 48],[3135 6796 6795]
1080,[48 49],[3714 3714]
1081,[48],[5639]
1082,[48],[5986]
1083,"[48 49 49 50 50 50 50 50 51 51 51 51 51 51 51 51 52 52 52 52 52 53 53 53
 53 53 53 54]","[6008 6008 7782  778 3776 6010 7782 1689  778 3775 3776 6008 7782 3777
 5984 1689  778 3776 6008 3777 5984  297 3768 3774 7782 3776 5984 3768]"
1084,[48 48],[6374 8577]
1085,[48],[6377]
1086,[48 49 49 50 51],[6897 1272 6897 6897 6897]
1087,[48],[6908]
1088,[48 49 49],[7994 6100 7994]
1089,[48 49],[8430 8430]
1090,[48 48],[8529 8531]
1091,[48],[9605]
1092,[48],[9831]
1093,[48 49],[10000 10000]
1094,[48 48 48 48 48 48 49 49 49 49 49 49 49 49],"[10338 13172 17685 17779 17780 13844 10338 17685 17779 17780 11827 13843
 13844 16147]"
1095,[48],[10550]
1096,[48 48 48 48 49 50],[10681 16596 18780 18779 10681 10681]
1097,[48 48 48 49],[10743 15052 11365 11365]
1098,[48 48],[10826 15570]
1099,[48 49],[11622 11622]
1100,[48],[11676]
1101,[48 48 49 49 50 50],[12006 20276 12006 18198 12006 18198]
1102,[48 48],[12033 14187]
1103,[48 48 49],[12118 18489 12118]
1104,[48],[12171]
1105,[48 48 48 48 48 48 49 49 49 49 49 49 50 50 50 50 50 50 51 51 51 51],"[12729 15814 15815 20258 20259 15813 12729 15814 15815 20258 20259 15813
 12729 15814 15815 20258 20259 15813 12729 20258 20259 15813]"
1106,[48],[12814]
1107,[48],[13378]
1108,[48],[13476]
1109,[48 48 49 49 49 49 50 50],[14616 14617 10449 14616 14618 14617 10449 14616]
1110,[48],[14710]
1111,[48],[14970]
1112,[48 48],[15043 19330]
1113,[48 49 50 51],[15338 15338 15338 15338]
1114,[48 49 49 49],[16515 16515 17565 17566]
1115,[48],[16934]
1116,[48],[17388]
1117,[48],[17672]
1118,"[48 48 49 49 49 50 51 52 52 53 53 54 54 54 55 55 55 55 55 55 56 56 56 57
 57 57 57 58 58 58 58]","[18221 20332 12017 18221 20332 12017 12017 12017 20332 12017 20332 12017
 13558 13560 12017 15877 18223 20332 13560 13558 12017 15877 18223 12017
 15877 20332 12754 12017 20332 13560 13558]"
1119,[48],[18592]
1120,[48 48],[18894 18896]
1121,[48],[19925]
1122,[49 49],[  64 2836]
1123,[49],[127]
1124,[49],[730]
1125,[49],[2338]
1126,[49 49 50 50 50 51 51 51 51 52 52 52 52],[2339 5207 2339 9577 9580 2339 9576 9577 9580 2339 5207 9576 9577]
1127,[49],[2583]
1128,[49],[2696]
1129,[49],[2808]
1130,[49 49 50 50 51 51],[3175 7724 3175 3177 1257 3177]
1131,[49 50 50 51 51 52 52],[3212 3210 3212 3210 3212 3210 3212]
1132,[49],[3326]
1133,[49 50],[3397 3397]
1134,[49],[4226]
1135,[49 49 49 50 50 50],[4387 8580 8579 1999 4386 8579]
1136,[49],[4568]
1137,"[49 50 50 50 51 51 51 51 51 52 52 52 52 52 52 52 52 52 52 52 52 52 52 52
 53 53 53 53 53 53 53 53 53 53 53 53 53 53 53 53 53 53 53 53 54 54 54 54
 54 54 54 54 54 54 54 54 54 54 54 54 54 54 54 54 54 54 55 55 55 55 55 55
 55 55 55 55 55 55 55 55 55 55 55 55 55 55 55 56 56 56 56 56 56 56 56 56
 56 56 56 56 56 56 56 56 56 56 56 57 57 57 57 57 57 57 57 57 57 57 57 57
 57 57 58 58 58 58 58 58 58 58 58 58 58 58 58 58 58 58 58 59 59 59 59 59
 59 59 59 59 59 59 59 59 59 59 59 59 59 59 59 60 60 60 60 60 60 60 60 60
 60 60 60 60 60 60 60 60 60 60 60 60 60 60 61 61 61 61 61 61 61 61 61 61
 61 61 61 61 61 61 61 61 61 61 61 61 62 62 62 62 62 62 62 62 62 62 62 62
 62 62]","[5332 5330 5331 5332 2390 5331 5332 5330 9732  584 5328 5330 5332 5334
 6943 6944 5331 2390 5333 2391 9732 1297 6945 9727  584 5328 5330 5332
 5334 6943 6944 1296 5329 6942 5331 2390 5333 2391 9732 1297 6945 1298
 9727 5336  584 5328 5330 5332 5334 6943 6944 1296 5329 6942 5331 2390
 5333 2391 9732 1297 6945 1298 3216 9727 3217 3218  584 5328 5330 5332
 5334 6943 6944 6942 5331 2390 5333 2391 9732 1297 6945 1298 3216 9727
 5336 3217 3218  584 5328 5330 5332 5334 6943 6944 6942 5331 2390 5333
 2391 9732 1297 6945 1298 3216 9727 3217 3218  584 5328 5330 5332 5334
 6943 6944 6942 5331 2390 5333 9732 1297 6945 3218  584 5328 5330 5332
 5334 6943 6944 6942 5331 2390 5333 2391 9732 1297 6945 9727 3218  584
 5328 5330 5332 5334 6943 6944 1296 5329 6942 5331 2390 5333 2391 9732
 1297 6945 1298 9727 3218  584 5328 5330 5332 5334 6943 6944 1296 5329
 6942 5331 2390 5333 2391 9732 1297 6945 1298 3216 9727 5336 3217 3218
  584 5328 5330 5332 5334 6943 6944 1296 5329 6942 5331 2390 5333 2391
 9732 1297 6945 1298 3216 9727 5336 3218  584 5328 5330 5332 5334 6943
 6944 5331 2390 5333 9732 1297 6945 9727]"
1138,[49],[6539]
1139,[49 50 50],[6797 1216 6797]
1140,[49],[6970]
1141,[49],[7138]
1142,[49],[7546]
1143,[49],[7695]
1144,[49],[7832]
1145,[49],[8119]
1146,[49],[8329]
1147,[49],[8706]
1148,[49],[9351]
1149,[49 50 51 52],[10818 10818 10818 10818]
1150,[49],[11078]
1151,[49],[11307]
1152,[49 49],[11616 15803]
1153,[49],[11941]
1154,[49],[12169]
1155,[49 49 50 51 51 52 53 53 54 54 54 54 54 55 55 55 55 55],"[12345 14869 14869 12345 14869 14869 14869 14863 12345 14869 19117 14867
 14863 10727 14861 19117 14860 12345]"
1156,[49 50 50],[12737 12737 20284]
1157,[49 49],[12781 20417]
1158,[49 50 51],[13536 13536 13536]
1159,"[49 50 50 50 50 50 50 50 50 50 50 50 50 51 51 51 51 51 51 51 51 51 51 51
 51 51 51 51 51 51 52 52 52 52 52 52 52 52 52 52 52 52 52 52 52 52 52 52
 52 53 53 53 53 53 53 53 53 53 53 53 53 53 53 53 53 53 53 53 53 53 53 53
 53 53 53 53 54 54 54 54 54 54 54 54 54 54 54 54 54 54 54 54 54 54 54 54
 54 54 54 54 55 55 55 55 55 55 55 55 55 55 55 55 55 55 55 55 55 55 55 55
 55 55 55 55 56 56 56 56 56 56 56 56 56 56 56 56 56 56 56 56 56 57 57 57
 57 57 57 57 57 57 57 57 57 57 57 57 57 57 57 57 57 58 58 58 58 58 58 58
 58 58 58 58 58 58 58 58 59 59 59 59 59 59 59 59 59 60 60 60 60 60 60 60
 60 60 60 60 60 60 60 60 60 60 60 60 60 61 61 61 61 61 61 61 61 61 61 61
 61 61 61 61 61 62 62 62 62 62 62 62 62 62 62 62 62 62 62 62 62 62 63 63
 63 63 63 63 64 64 64 64 64 64 64 64 64 64 64 64 64 64]","[14417 10305 13364 17947 18548 18557 19627 18556 19628 14418 12517 14417
 12518 10305 13364 17947 18548 18557 11444 19627 18556 19628 14418 12517
 19629 14417 19631 12518 15294 15295 10305 13364 18557 19627 18556 19628
 14418 12517 19629 14417 19631 14415 12518 15294 15295 15296 10787 15297
 15299 10305 13364 17947 18548 18557 11444 19627 18556 19628 14418 12517
 19629 14417 19631 14415 12518 15294 15295 15296 10787 15297 15299 17020
 12520 19639 19640 15301 10305 13364 17947 18548 18557 11444 19627 19628
 15291 12517 19629 19631 12518 15294 15295 15296 10787 15297 15299 17020
 12520 19639 19640 15301 10305 13364 17947 18548 18557 11444 19627 18556
 19628 12517 19629 19631 12518 15294 15295 15296 10787 15297 15299 17020
 12520 19639 19640 15301 10305 13364 19627 19628 12517 19629 19631 12518
 15294 15295 15296 10787 15297 15299 19639 15301 19640 10305 13364 17947
 18548 18557 19627 18556 19628 14418 12517 19629 14417 19631 12518 15294
 15295 15296 10787 15297 15299 10305 13364 18557 19627 18556 19628 14418
 12517 19631 12518 15295 15296 10787 15297 15299 10305 13364 19627 10787
 15295 15297 15299 12518 19639 10305 13364 18557 19627 18556 19628 12517
 19629 19631 12518 15294 15295 15296 10787 15297 15299 12520 19639 19640
 15301 10305 13364 19627 19628 12517 19629 19631 12518 15294 15295 10787
 15297 15299 19639 15301 19640 10305 13364 18557 19627 18556 19628 14418
 12517 19629 19631 12518 15294 15295 10787 15297 15299 19639 10305 13364
 18557 19627 18556 14418 10305 13364 18557 19627 18556 19628 14418 12517
 19629 19631 12518 15295 15297 15299]"
1160,[49 49 49 50],[14611 14613 16610 14611]
1161,[49],[14630]
1162,[49],[16672]
1163,[49 49 50 50 51 52 53 54 55 56 57 58],[16695 18978 16695 18978 18978 18978 18978 18978 18978 18978 18978 18978]
1164,[49 49],[16851 16852]
1165,[49],[17591]
1166,[49 50],[17968 17968]
1167,[49 50],[18200 18200]
1168,"[50 50 50 50 50 51 51 51 51 51 51 51 51 51 51 51 52 52 52 52 52 52 52 52
 53 53 53 53 53 53 53 53 53 53 53 52 53 53 54 54 54 54 54 54 54 54 54 54
 55 55 55 55 55 55 56]","[   4 2012 4412 4413 4414    4 2581 2582 8612 8613  661 9186 2012 8614
 4412 4413 2012 4412 4413 8614 2579 2581 2583 9186   92 2912  992 6392
  452 4412 4414 4546 2579 2582 2583 3514 3512 3514   92 2912 7412  992
 1532 3512  452 4412 4414 2582  992 2913 6392 6394 2582 3512 3512]"
1169,[50 50 51 52 53],[ 182 3427  182  182  182]
1170,[50],[186]
1171,[50 51],[363 363]
1172,"[50 50 50 50 50 50 50 51 51 51 51 51 51 51 52 52 52 52 52 52 52 52 52 52
 52 52 52 52 52 52 52 53 53 53 53 53 53 53 53 53 53 53 53 53 53 53 53 53
 53 53 53 53 53 53 53 53 53 54 54 54 54 54 54 54 54 54 54 54 54 54 54 54
 54 54 54 55 55 55 55 55 55 55 55 55 55 55 55 55 55 55 55 55 55 56 56 56
 56 56 56 56 56 56 56 56 56 56 56 56 56 56 56 56 56 56 57 57 57 57 57 57
 57 57 57 57 57 57 57 58 58 58 58 58 58 58 58 58 58 58 59 59 59 59 59 59
 59 59 59 59 59 59 59 59 59 59 59 60 60 60 60 60 60 60 60 60 60 60 60 60
 60 60 60 60 60 60 60 60 60 61 61 61 61 61 61 61 61 61 61 61 61 61 61 61
 61 61 61 61 61 61 61 61 62 62 62 62 62 62 62 62 62 62 62 62 62 62 62 62
 62 62 63 64 64 64 64 64 64 64 64 64 64 64 64 64 64]","[ 797 2718 6043 1953 4290 8459 8460  797 2718 6043  799 2719 8463 8460
  317 6043 8460 8463  797 6045 8464 8459 2717 2718 4290 2719  799 1953
 2720 8456 6050  317 6043 8460 8463  797 6045 8464 1954 8459 2717 2718
 4290 8458 2719  799 1953 2720 6049 4288 8456 6050 8455 1950 3842 4281
 4279  317 6043 8460 8463  797 6045 8464 8459 2717 2718 4290 2719  799
 1953 2720 6049 6050 3842  317 6043 8460 8463  797 6045 8464 8459 2717
 2718 4290 2719  799 1953 2720 6049 6050 3842  317 6043 8460 8463  797
 6045 8464 1954 8459 2717 2718 4290 8458 2719  799 1953 2720 8456 6050
 8455 3842  317 6043 8460 8463  797 8459 2718 4290 2719 1953 2720 8456
 6050  797 2718 6043  799 2719 8463 2720 8460 6050 8459 3842  317 6043
 8460 8463  797 6045 8464 8459 2717 2718 4290 2719  799 2720 6049 6050
 3842  317 6043 8460 8463  797 6045 8464 1954 8459 2717 2718 4290 8458
 2719  799 1953 2720 6049 8456 6050 3842 3844  317 6043 8460 8463  797
 6045 8464 1954 8459 2717 2718 4290 8458 2719  799 1953 2720 6049 8456
 6050  800 3842 3844  317 6043 8460 8463  797 6045 8464 8459 2717 2718
 4290 2719  799 1953 2720 6049 6050 3842 1953  317 6043 8460 8463  797
 6045 8464 8459 2717 2718 4290 2719  799 1953]"
1173,[50 50],[ 890 6212]
1174,[50],[1030]
1175,"[50 50 50 50 50 50 50 50 50 51 51 51 51 51 51 51 51 51 51 51 51 51 51 51
 51 51 51 51 51 51 51 52 52 52 52 52 52 52 52 52 52 52 52 52 52 52 52 52
 52 52 52 52 52 52 52 52 52 52 52 52 52 53 53 53 53 53 53 53 53 53 53 53
 53 53 53 53 53 53 53 53 53 53 53 53 53 53 53 53 53 53 53 53 53 53 53 53
 53 53 53 53 53 53 53 53 53 53 53 54 54 54 54 54 54 54 54 54 54 54 54 54
 54 54 54 54 54 54 54 54 54 54 54 54 54 54 54 54 54 54 54 54 54 54 54 54
 54 54 54 55 55 55 55 55 55 55 55 55 55 55 55 55 55 55 55 55 55 55 55 55
 55 55 55 55 55 55 55 55 55 55 55 55 55 55 55 56 56 56 56 56 56 56 56 56
 56 56 56 56 56 56 56 56 56 56 56 56 56 56 56 56 56 56 56 57 57 57 57 57
 57 57 57 57 57 57 57 57 57 57 57 57 57 57 57 57 57 57 57 57 57 57 57 57
 57 57 57 57 57 58 58 58 58 58 58 58 58 58 58 58 58 58 58 58 58 58 58 58
 58 58 58 58 58 59 59 59 59 59 59 59 59 59 59 59 59 59 59 59 59 59 59 59
 59 60 60 60 60 60 60 60 60 60 60 60 60 60 60 60 60 60 60 60 60 60 60 60
 60 60 60 60 60 60 60 60 60 60 60 60 60 60 60 61 61 61 61 61 61 61 61 61
 61 61 61 61 61 61 61 61 61 61 61 61 61 61 61 61 61 61 61 61 61 61 61 61
 61 61 61 62 62 62 62 62 62 62 62 62 62 62 62 62 62 62 62 62 62 62 62 62
 62 62 62 62 62 62 62 62 63]","[1313 6972 6973 3233 1314 6974 3234 9793 9794 1312 3232 3233 6972 3234
 1314 6973 7862 9793 6974 9794 1724 7863 5386 2413 5385 7864 5387 7865
 1725 6976 7867  318 5385 5387 6975 7865 7868 5386 1315 7869 7867 1726
 9793 9794 7870 3838 3836 3837 1314 3234 1727 7871 3233 6973 3232 3840
 1312 6972 1313 6970 6971  318 5385 5387 6975 6976 7865 7868 1724 5386
 7864 2413 1315 7869 1725 7867 1726 7862 7863 9793 9794 7870 3838 3836
 3837 3234 1314 6974 1727 7871 3839  319 3232 3233 6973 3840 7873 3841
 1312 6972 1313 1729 7874 6970 6971  423 5379  318 5385 5387 6975 6976
 7865 7868 1724 5386 7864 2413 1315 7869 1725 7867 1726 7862 7863 9793
 9794 7870 3838 7866 3836 3837 3234 1314 6974 1727 7871 3839 3835  319
 3840 7873 7872 3841 1729 7874 7875  318 5385 5387 6975 6976 7865 7868
 1724 5386 7864 2413 1315 7869 1725 7867 1726 7862 7863 9793 9794 7870
 3838 7866 3836 3837 3234 1314 6974 1727 7871 3839  319 3840 7873 3841
 1729  318 5385 5387 6975 6976 7865 7868 1724 5386 7864 2413 1315 7869
 7867 1726 9793 9794 7870 3838 3836 7866 3837 1314 1727 7871 3839 3840
 3841  318 5385 5387 6975 6976 7865 7868 1724 5386 7864 2413 1315 7869
 1725 7867 1726 7862 7863 9793 9794 7870 3838 3836 3837 3234 1314 6974
 1727 3839 3233 6973 1312 6972 1313  318 5387 6975 6976 7865 7868 7869
 7867 1726 1314 3233 3234 6973 9793 9794 7862 1724 1727 3839 3840 3841
 1729 7874 7875  318 5385 5387 6975 7865 7868 5386 7864 1315 7869 7867
 1726 7870 3838 3836 3837 1727 7871 3839 3840  318 5385 5387 6975 6976
 7865 7868 1724 5386 7864 2413 1315 7869 1725 7867 1726 7862 7863 9793
 9794 7870 3838 7866 3836 3837 3234 1314 1727 7871 3839 3835  319 6973
 3840 7873 3841 1729 7874  318 5385 5387 6975 6976 7865 7868 1724 5386
 7864 2413 1315 7869 1725 7867 1726 7862 9793 9794 7870 3838 3836 3837
 3234 1314 1727 7871 3839  319 6973 3840 7873 3841 1729 7874 7875  318
 5385 5387 6975 6976 7865 7868 1724 5386 7864 2413 1315 7869 1725 7867
 1726 7862 9793 9794 7870 3838 3836 3837 3234 1314 1727 7871 3839 3840
 3837]"
1176,[50 51],[1537 1537]
1177,[50],[1564]
1178,[50],[3363]
1179,[50 51 51],[3712 3712 3714]
1180,[50 50],[3768 3770]
1181,[50],[4186]
1182,"[50 51 51 51 51 51 51 51 51 51 51 52 52 52 52 52 52 52 52 52 52 52 53 53
 53 53 53 53 53 54 54 54 54 54 55 55]","[4263 1943 4267 8430 4265 8431 4263 6303 6302 1711 7832 1711 7832 7830
 8430 8431 4263 4265 6303 4267 6302 4269 1711 7832 7830 8430 1943 8431
 4267 1711 7832 7830 8430 4267 7830 7832]"
1183,[50 51 52],[4715 4715 4715]
1184,[50 50 51 51 51 51 52],[6430 6431 6427 6428 6430 6431 6431]
1185,[50 51],[6583 6583]
1186,[50],[6872]
1187,[50],[7818]
1188,[50],[7914]
1189,[50],[8126]
1190,[50],[8337]
1191,[50],[9095]
1192,[50],[9355]
1193,[50],[9617]
1194,[50],[10704]
1195,"[50 50 51 51 50 50 50 51 52 52 52 52 53 53 53 53 53 54 54 54 54 54 54 54
 54 55 55 55 55 55 56 56 56 56]","[11244 13164 11244 13164 12268 14687 18894 18894 11244 18893 18894 18896
 10458 14687 12268 18894 11244 10458 14687 12268 11242 13163 18292 11244
 13164 10458 14687 12268 11244 13164 10458 17672 11244 12268]"
1196,[50 50 50 50 51 51 51 51 51 52 52 52 52 52 52 53 53 53 53 53],"[11253 16669 11254 16670 11253 16668 16669 11254 16670 11253 16668 16669
 11254 16670 16672 11253 16669 11254 16670 16672]"
1197,[50],[11937]
1198,[50 50],[12237 18809]
1199,[50 50 50 50 50],[12634 19975 19976 14088 14087]
1200,[50 50 50 51 51 51 51 51 51 51 51],[12754 20336 12755 12754 15878 20333 20334 20336 12755 15881 15883]
1201,[50],[13378]
1202,[50],[13560]
1203,[50],[14023]
1204,[50],[14874]
1205,"[50 51 51 51 51 52 52 52 52 52 52 52 52 52 52 52 52 51 52 52 53 53 53 53
 53 53 53 53 53 53 53 53 53 53 53 53 53 53 53 54 54 54 54 54 54 54 54 54
 54 54 54 54 54 54 55 55 55 55 55 55 55 55 55 55 55 55 55 55 55 55 55 55
 56 56 56 56 56 56 56 56 56 56 56 56 56 56 56 57 57 57 57 57 57 57 58 58
 58 58 58 58 58 58 58 59 59 59 59 59 59 59 59 59 59 59 59 59 59 59 60 60
 60 60 60 60 60 60 60 60 60 60 60 60 60 60 60 60 61 61 61 61 61 61 61 61
 61 61 61 61 61 61 61 61 61 61 61 62 62 62 62 62 62 62 62 62 62 62 62 62
 63 64 64 64 64 64 64 64 64 64 64 64 64 64 65 65 65 66 66 66 66 66 66 66
 66 66 66 66 66 66 66 66 66 66 66 66 66 66 66 66 67 67 67 67 67 67 67 67
 67 67 67 67 67 67 67 67 67 68 68 68 68 68 68 69 69 69 69 69 69 69 69 69
 69 69 69 69 69 69 69 69 69 69 69 70 70 70 70 70 70 70 70 70 70 70 70 70
 70 70 70 70 70 70 71 71 71 71 71 71 71 71 71 71 71 71 71 71 71 71 71 71
 71 71 71 71 71 71 72 72 72 72 72 72 72 72 72 72 72 72 72 72 72 72 73 73
 73 73 73 73 73 73 73 73 73 73 73 73 73 73 73 73 74 74 74 74 74 74 74 74
 74 74 74 74 74 74 74]","[15277 15277 15278 17009 19612 10785 15277 17009 11440 15278 17008 11441
 19612 19613 13360 12511 15276 19609 11163 19609 10785 15277 15279 17009
 11440 15278 17008 11441 17006 17007 19612 19613 13360 13361 15276 12511
 15275 19610 19609 11440 15277 15278 17006 17007 17008 19612 15279 17009
 19613 15276 13360 11441 12511 13361 10785 15277 15279 17009 11440 15278
 17008 11441 17006 17007 19612 19613 13360 13361 15276 12511 15275 19610
 11440 15277 15278 17006 17007 17008 19612 15279 17009 19613 15276 13360
 11441 12511 19610 11440 15277 15278 17008 19612 17009 11441 11440 15277
 15278 17008 19612 17009 11441 13360 12511 11440 15277 15278 17006 17007
 17008 19612 15279 17009 15276 13360 11441 12511 13361 19610 10785 15277
 15279 17009 11440 15278 17008 11441 17006 17007 19612 19613 13360 13361
 15276 12511 15275 19610 10785 15277 15279 17009 11440 15278 17008 11441
 17006 17007 19612 19613 13360 13361 15276 12511 13359 15275 19610 11440
 15277 15278 17006 17007 17008 19612 17009 15276 13360 11441 12511 13361
 15277 11440 15277 15278 17008 19612 17009 11441 13360 15276 13361 15275
 19609 19610 15277 15278 19612 10784 15276 17005 17006 12511 15275 19612
 11439 17007 11440 19610 19611 19613 15278 13359 13360 17008 15277 19614
 15279 13361 11441 17009 11440 15278 17006 17007 17008 19612 15279 19613
 15276 13360 11441 17009 12511 19611 15275 13361 19610 11441 13360 13361
 17008 17009 15277 10785 15277 15279 17009 11440 15278 17008 11441 17006
 17007 19612 13360 13361 15276 12511 13359 19635 15275 19610 19611 10785
 15277 15279 17009 11440 15278 17008 11441 17006 17007 19612 19613 13360
 13361 15276 12511 13359 15275 19610 10369 13359 13361 19635 11439 13360
 11441 17005 17007 17008 17009 10784 17006 11440 15277 15276 19612 15278
 15279 12511 15275 19613 19610 19611 11440 15277 15278 17006 17007 17008
 19612 15279 17009 19613 15276 13360 11441 12511 13359 13361 11440 15277
 15278 17006 17007 17008 19612 15279 17009 19613 15276 13360 11441 12511
 19611 15275 13361 19610 11440 15277 15278 17006 17007 17008 19612 15279
 17009 19613 15276 13360 11441 12511 13361]"
1206,[50 50 51 51 52 52],[15572 15574 15574 15575 15574 15575]
1207,[50 51],[15909 15909]
1208,[50],[16785]
1209,[50],[17386]
1210,[50],[17713]
1211,[50 51],[18398 18398]
1212,[50],[19150]
1213,[50 51 51 52 52],[19893 19892 19893 12607 19893]
1214,[51],[2050]
1215,[51],[2523]
1216,[51 51 52 52 53],[3736 7729 3736 7729 7729]
1217,[51],[3767]
1218,[51],[4528]
1219,"[51 52 52 52 52 52 52 52 53 53 53 53 53 53 54 54 54 54 54 54 54 54 54 54
 54 55 55 55 55 55 55 56 56 56 56 56 56 56 57 57 57 57 57 57 57 57 57 57
 57 57 57 57 57 57 54 54 55 55 56 56 56 57 57 57 57 57 57 57 57 58 58 58
 58 58 58 58 58 58 58 58 58 58 58 58 58 58 58 58 59 59 59 59 59 59 59 59
 59 59 59 59 59 59 59 59 59 59 59 58 59 59 59 59 59 59 59 59 59 60 60 60
 60 60 60 60 60 60 60 60 60 60 60 60 60 60 60 60 60 60 60 60 60 60 60 60
 60 60 60 60 60 60 60 60 60 60 61 61 61 61 61 61 61 61 61 61 61 61 61 61
 61 61 61 61 61 61 61 61 61 61 61 61 61 61 62 62 62 62 62 62 62 62 62 62
 62 62 62 62 62 63 63 63 63 63 63 63 63 64 63 64 64 64 64 64 64 64 64 64
 65 65 65 65 65 65 65 65 65 66 66 66 66 66 66 66 66 66 66 66 66 67 67 67
 67 67 67 67 67 67 67 67 67 67 67 67 67 67 67 67 67 67 67 67 67 67 67 67
 67 68 68 68 68 68 68 68 68 68 68 68 68 68 68 68 68 68 68 68 68 68 68 68
 68 68 68 68 68 68 68 68 68 68 68 68 68 68 69 69 69 69 69 69 69 69 69 69
 69 69 69 69 69 69 69 69 69 69 69 69 69 69 69 69 69 69 69 69 69 70 70 70
 70 70 70 70 70 70 70 70 70 70 70 71 71 71 71 71 71 71 72 72 72 72 73]","[4532  471 4532 2063 4531 8759 2062 8757  471 4528 4532 8766 8767 8759
  471 4528 4530 4532 2062 4531 2063 8757 8759 8768 7294 2062 4531 2066
 8768 8769 8759 2062 4529 4531 8757 2066 8759 6463   62 8759 8758 8767
 4531 8757 2066 8766 2062 4532 4529  471 1031 4528 6462 6463 1896 4164
 1896 4164 4164 1897 4166 1896 4164 8301 6242 4166 1897 4168 8304   62
 7294 8759 2063 4531 4532 2062 4530 8757  471 4529 4528 6241 1031 6463
  400 6242 4164 1896   62 7294 8759 2063 4531 4532 8766 4530 8757  471
 4528  400 4164 1896 8300 5040 5041 9376  759 4178 1901 4178 8314 1902
 8317 8313 8318 4169 4166  401 5040 8300 8303 1896 1897 8301 4166 4167
 4169  662 2582 5800 8775 2579 8774 2068 8771 8770 8769 2066 7294 8768
 8767 2063 4531 4532 4530 4528  452 4414 4543 1036 6472 6471 2912 2955
   92 2912 2955 7412  992 2956 1035 1532 6471 6469 1036 4543 4544  452
 4545 2068 8774 5800 8771  662 2582 2066 4166 4167 8301 4169 4528 8303
   92 2912 7412 2956 1532 6471 1036 4543 4544 4545 4412 4546  662 2582
 8771   92 2912  992 6392  452 6471 8771 8774  452 2066 2063 4532 8767
 2066 8768 8769 7294 8770 8771  471 4528 4532 1480 7294 8769 8770 8768
 8767 1480 7294 8769 8770 8768 2066 8771 8767 8766 4532 2582 4412    4
 2579 2581 2582 8612 2583 8776 2012 5802 4546 4412 4413 5800 4545  452
 4414  182 3427 8771 8770 8769 2066 8768 8767   62 2063 8766 4532    4
 2579 2581 2582 8612 8613 2583 9186  662 8776 2012 8614 5802 9187 5800
 8775 4546 4412 4413  182  452 3427 8771 6393 8770 6394 4541 8769 2913
 2066 7294 8768 2914 8767 8759 7413 8766    4 2579 2581 8613 2583 8614
 5802 2012 5800 4412  182 8774  452 4414 8771 6393 8770 4541 8769 2066
 8768 8767 8759 2063 8766 2827 8758 4532 2913 7413 9187  182 5800 8771
 8770 4541 8769 2066 2012 2579 2582 2583 4414 8766 9187  182 5800 8771
 8770 4541 2066 9187  182 5800 8770 9187 5800]"
1220,[51],[4736]
1221,[51],[5238]
1222,[51],[6018]
1223,[51],[6414]
1224,[51],[6462]
1225,[51],[6553]
1226,[51 51 52],[7416 7419 7416]
1227,[51 52 52],[7693 1651 7693]
1228,[51 52],[7919 7919]
1229,[51],[8142]
1230,[51 51 51 52 52 52 52 53 54],[8329 8330 8331 1906 8329 8330 8331 1906 1906]
1231,[51],[9431]
1232,[51 51],[9620 9621]
1233,[51],[10563]
1234,[51],[10700]
1235,[51 51],[11944 18054]
1236,[51 51 52],[12631 19967 12631]
1237,[51],[12988]
1238,[51 52 52 53 54 54 55 55 55 56],[13766 10938 13766 10938 10938 16100 10938 16100 17670 16100]
1239,[51 51 52 52],[13774 13776 13774 13776]
1240,[51],[14166]
1241,[51],[14689]
1242,[51 52],[14703 14703]
1243,[51 52 52 52 53 53 53],[15803 15803 17324 17323 11616 17323 17324]
1244,[51],[16100]
1245,[51],[16133]
1246,[51 52 53],[16147 16147 16147]
1247,[51],[17565]
1248,[51],[18023]
1249,[51],[18083]
1250,[51 52],[18321 18321]
1251,[51],[18674]
1252,[51],[18916]
1253,[52],[56]
1254,[52 52 53 53],[ 136 3197 3197 3199]
1255,[52 52 53],[ 164 3367  164]
1256,[52 53 54],[576 576 576]
1257,[52],[914]
1258,[52],[1279]
1259,[52 53 54 55],[3871 3871 3871 3871]
1260,[53 54],[4259 4259]
1261,[52],[5041]
1262,[52],[6797]
1263,[52],[6909]
1264,[52],[8301]
1265,[52 53],[8376 8376]
1266,[52],[8656]
1267,[52],[9095]
1268,[52],[9581]
1269,[52 53 54],[9712 9712 9712]
1270,[52],[10374]
1271,[52],[10457]
1272,"[52 52 52 52 52 52 52 52 52 52 52 52 52 52 52 53 53 53 53 53 53 53 53 53
 53 53 53 53 53 53 53 53 53 53 53 53 53 53 53 53 53 53 53 53 53 53 53 53
 53 53 53 53 54 54 54 54 54 54 54 54 54 54 54 54 54 54 55 55 55 55 55 55
 55 55 55 55 55 55 55 55 55 55 55 55 55 55 55 55 56 56 56 56 56 56 56 56
 56 56 56 56 56 56 56 56 56 56 56 56 56 56 56 56 57 57 57 57 57 57 57 57
 57 57]","[10522 13962 18560 12144 18562 18561 11445 13365 17015 17954 17955 17953
 11901 13968 17951 10370 13365 13367 13369 17956 11445 13366 17955 13368
 17015 17017 17954 13968 10523 17953 11901 17950 17952 13966 11900 17951
 13963 13964 16219 13962 10522 18559 18560 18563 12144 18562 14421 18561
 14423 16493 11155 16495 10370 13365 13367 13369 17956 11445 13366 17955
 17015 17954 13968 11901 13966 17952 10370 13365 13367 13369 13371 17956
 11445 13366 17955 13368 17015 17017 17954 13968 10523 17953 11901 17950
 17952 13966 11900 17951 10370 13365 13367 17956 11445 13366 17955 17015
 17017 17954 13968 17953 11901 17950 17952 13966 11900 17951 13963 13964
 16219 13962 10522 18560 10522 18560 12144 18562 11901 13966 13968 17954
 17951 17955]"
1273,[52],[10702]
1274,[52 52],[10736 16803]
1275,[52 52],[11134 18917]
1276,[52 53],[11399 11399]
1277,[52],[12146]
1278,[52],[12535]
1279,[52],[12620]
1280,[52 53 53 53 53],[14212 14212 14213 18295 18296]
1281,[52],[14690]
1282,"[52 53 52 53 53 53 54 54 54 54 54 54 54 54 54 55 55 55 55 55 55 55 55 55
 55 55 55 55 55 55 55 54 55 55 55 54 54 54 54 54 54 55 55 55 55 55 55 55
 56 56 56 56 56 56 56 56 56 56 56 56 56 56 56 56 56 56 56 56 56 56 56 56
 56 56 56 56 56 56 56 56 56 56 56 56 57 57 57 57 57 57 57 57 57 57 57 57
 57 57 57 57 57 57 57 57 57 57 58 58 58 58 58 58 58 58 58 59 59]","[15157 15157 17891 16934 17891 19466 10508 15155 15157 16934 16935 17890
 12462 17891 19466 10508 15155 15157 16934 16935 17890 11872 15156 12462
 17891 17889 17885 19466 11873 16933 15150 10300 10300 13317 13318 10509
 13926 16196 13925 16197 17896 10509 13926 16196 13925 16197 11875 17896
 10300 13317 13319 13318 16931 16932 11398 15150 16933 19465 19466 12462
 15156 15157 11872 15155 10508 17885 17886 17887 16934 17890 13918 11873
 17889 17891 13923 11875 13924 13925 10509 13926 11877 17896 16196 16197
 10300 13317 10508 15155 15157 17890 11872 15156 17889 17891 19465 13923
 16933 19466 11875 15150 13925 15151 13926 10509 16196 16197 10509 13926
 16196 13925 11875 17896 15151 15155 17891 13926 15151]"
1283,[52],[16047]
1284,[52],[16657]
1285,[52 52],[17365 17366]
1286,[52],[17684]
1287,[52],[18491]
1288,[52 53],[19595 19595]
1289,[53],[140]
1290,[56 56 56 56 56 56 56 57],[ 740 2660 5942 2658 8182 8238 1852 8238]
1291,[53 54 55 56],[311 311 311 311]
1292,[53 53 54 55],[ 444 4373  444  444]
1293,[53 53],[ 844 6125]
1294,[53],[1547]
1295,[53],[1701]
1296,[53 53],[1885 4140]
1297,[53],[2321]
1298,[53 53 53],[2465 5518 9951]
1299,[53],[2613]
1300,[53],[6158]
1301,[53 54 55 55],[6462 6462 1031 6462]
1302,[53],[6840]
1303,[53],[6899]
1304,[53 54 54 54 54 54 54 54 54 55 55 55 55 55 55 55 56 56 56],"[6949 1301 6949 6950 6951 6948 1302 3223 6954 1301 6949 6950 6951 6948
 1302 6954 1302 6951 6950]"
1305,[53],[7444]
1306,[53],[7765]
1307,[53],[8060]
1308,[53 54],[8680 8680]
1309,[53],[9574]
1310,[53 54 55 55],[9575 9575 9575 9576]
1311,[53 54 54 54 54 54 55 55 55 55 55],[9816  984 6378 9817 9816 2420 2420 9816 9817 6378 6379]
1312,[53 53],[10528 13983]
1313,[53 53 53 53 54 55],[10797 19715 19714 15361 19715 19715]
1314,"[53 53 53 53 53 53 53 53 53 54 54 54 54 54 54 54 54 54 54 54 55 55 55 55
 55 55 55 55 55 55 56 56]","[10798 15364 12548 15363 19717 19718 12545 19709 19708 10798 15364 12548
 15363 19717 19718 12545 19709 19708 11910 19707 11910 19708 12545 19709
 19717 19718 12548 15363 15364 15362 12545 19709]"
1315,[53 54 55 54 55 55 56 56 56 56],[11505 11505 11505 19852 12591 19852 11505 15473 12593 19852]
1316,[53 54],[12197 12197]
1317,[53 54 54],[12387 12387 14974]
1318,[53],[12544]
1319,[53],[12581]
1320,[53],[12599]
1321,[53 54 54 54],[13643 13642 13643 13644]
1322,[53],[13995]
1323,[53 54 54 54 54 55 55],[13997 13394 17996 13997 13996 13996 13997]
1324,[53 53],[14911 19169]
1325,[53],[15348]
1326,[53 53],[15498 19880]
1327,[53],[16031]
1328,[53],[16411]
1329,[53],[17155]
1330,[53],[17492]
1331,[53 54],[18028 18028]
1332,"[53 54 54 54 54 54 54 55 55 55 56 56 56 56 57 57 57 57 57 57 57 58 58 58
 58 58 58 59 59 59 59 59 59 59 59 59 60 60 60 60 60 60 60]","[18054 11944 14038 18053 18054 18052 18050 11944 14038 18054 11944 14037
 18053 18049 11942 14036 14037 18049 18050 18052 18048 14035 14036 18049
 14037 18050 18051 10547 15514 18053 14037 18052 14036 18050 14035 18049
 11943 15514 18051 18052 18053 14037 14036]"
1333,[53 54],[18913 18913]
1334,[53],[19735]
1335,[54 54],[ 219 3532]
1336,[54],[759]
1337,[54],[928]
1338,[54 54 54 54 54],[1009 2929 6423 8678 8679]
1339,[54 54 54 54 54 55 55 55 55 55 55 55 56 56 56 56 56 57 57],"[1914 4205 8352 9369 9372 1914 4205 4206 8351 8352 9372 9369   29 8352
 1914 8351 9372 9369 9372]"
1340,[54 55],[2068 2068]
1341,[54 54 54 54 54 55 55 55 55 55 55 55 55],[2425 9832 5420 9835 9834 2425 9832 5418 2426 5419 5420 9834 9835]
1342,[54 54],[3440 7313]
1343,[54],[3713]
1344,[54 54 54 55],[4139 4183 8322 8322]
1345,[54],[5041]
1346,[54],[5238]
1347,[54],[5417]
1348,"[54 55 55 55 56 56 56 56 57 57 57 57 57 58 58 58 59 59 60 60 60 60 61 61
 61 61 61 61 62 62 62 62 63 63 63 63 64]","[6429 1013 6429 8689  461 4474 6429 1013 1013 4476 6429 8689 4474 1013
 6429 8689 1013 4475 1013 4475 4476  461  461 6429 1013 8689 4475 4476
 1013 6429 8689 4474  461 4474 6429 1013 6429]"
1349,[54],[6874]
1350,[54],[7442]
1351,[54 55],[7576 7576]
1352,[54],[7919]
1353,[54 55 55],[9658 9658 9659]
1354,"[54 54 54 54 54 55 55 55 55 55 55 55 55 55 55 55 55 56 56 56 56 56 56 57
 57]","[10329 13568 18815 12236 14614 10329 13566 13568 18232 18806 18815 13567
 11648 12236 12239 17379 14614 10687 14623 12239 18816 13566 13567 10687
 16616]"
1355,[54],[10633]
1356,[54],[10937]
1357,[54],[11011]
1358,[54],[11024]
1359,[54 54 55],[11037 14069 14069]
1360,[54],[11110]
1361,[54 54 54 54 55],[11476 17074 11477 17075 17074]
1362,[54],[11965]
1363,[54 54],[12020 20357]
1364,[54],[12022]
1365,[54 54 55 55 56 57],[12341 14857 12341 14857 12341 12341]
1366,"[54 54 54 54 54 54 55 55 55 55 55 56 57 57 57 57 57 58 58 59 59 59 60 60
 60 60 60 61 61 61 62 62]","[12607 19893 14610 18801 14612 18802 14608 14610 19893 18801 14612 14610
 10684 14610 16607 19893 19896 10684 16607 11219 16607 14610 10684 14608
 14610 16607 11219 14608 14610 18801 14608 14610]"
1367,[54],[12727]
1368,[54],[13218]
1369,[54],[14538]
1370,[54 55],[14589 14589]
1371,[54],[14848]
1372,[54 54 54 54 54 55 55 55 55 55],[15321 17033 19666 15323 15324 11455 15323 17033 19666 15324]
1373,[54 55],[15331 15331]
1374,[54 55],[15496 15496]
1375,[54],[15808]
1376,[54],[16657]
1377,[54],[17156]
1378,[54],[17182]
1379,[54],[17638]
1380,[54],[18702]
1381,[54 54 55 55 56],[19247 19248 19248 19251 19248]
1382,[54 54 54 55 55 55],[19721 19723 19724 19721 19723 19724]
1383,[54 54 54],[19730 19733 19734]
1384,[54],[19820]
1385,[54],[19878]
1386,[54 55 55 56],[19972 15575 19972 19972]
1387,[55 55],[1619 3657]
1388,[55 55 56],[1622 7625 7625]
1389,[55 56 56 56],[1923 1923 8374 8375]
1390,[55 56 57 58],[2051 2051 2051 2051]
1391,[55],[2309]
1392,[55],[4098]
1393,[55 56],[4841 4841]
1394,[55],[5865]
1395,[55],[6220]
1396,[55],[7269]
1397,[55 56 56 57],[8298 8296 8298 8298]
1398,[55 56 56 57],[8641 2614 8641 8641]
1399,[55 56 57],[9054 9054 9054]
1400,[55 55 56 56 56 56 56 56 57],[9354 9355 1488 3440 3441 7313 9355 9354 9355]
1401,[55],[9487]
1402,[55],[9626]
1403,[55],[10871]
1404,[55 56 56],[11787 11787 17684]
1405,[55 56 57 58],[12599 12599 12599 12599]
1406,[55],[12601]
1407,[55 56 56 57],[12989 12989 16338 12989]
1408,[55],[13200]
1409,[55],[13817]
1410,[55 56 56],[14166 14166 14168]
1411,[55],[14363]
1412,[55],[14597]
1413,[55 56],[14871 14871]
1414,[55],[14981]
1415,[55 56 56 57 57 58 58 58 59 59],[15508 10818 15508 15508 17145 12607 15508 17145 15508 17145]
1416,[55],[15818]
1417,[55],[16281]
1418,[55],[16606]
1419,[55 55],[17164 17165]
1420,[55 55],[17331 17332]
1421,[55],[18501]
1422,[55 56],[18915 18915]
1423,[55],[18943]
1424,[55],[19101]
1425,[55],[19111]
1426,"[55 56 56 56 56 56 56 56 57 57 58 58 58 58 58 58 58 59 59 59 59 59 59 59
 59]","[19254 10353 13284 13286 19254 13283 19253 16869 13284 16869 10353 13284
 13286 19254 13283 19253 16869 10353 13282 13284 19245 13283 11364 16868
 16869]"
1427,[55],[19340]
1428,[55 56 56 57 57],[19344 19344 19345 19344 19345]
1429,[55],[20258]
1430,[56 56 57 57 57 57 57 57 57 57 57 57 58 58 58 58 59 59],"[ 182 8771  182 5800 8771  662 8775 8770 2582 2583 8776 2579  182 5800
 2579 2582  182 3427]"
1431,[56 57 58 58 59],[ 765  765  765 3738  765]
1432,[56 57],[1195 1195]
1433,[56 56 56],[1200 8305 8306]
1434,[56],[1350]
1435,[56],[1748]
1436,"[56 56 57 57 58 58 58 58 58 58 58 58 58 58 59 59 59 59 59 59 59 59 60 60
 60 60 60 60 60 60 60 60 60 60 60 59 59 60 60 60 60 60 61 61 61 61 61 61
 61 61 61 61 61 61 61]","[1885 8273 1886 8273 1885 4140 8272 8273 4139  760 5976 8322 8323 8321
 1883 4140 4183 8323 1885 8322 8273 1886  760 5976 8322 8323 8321 1903
 4183 1883 4139 4140 1885 8273 1886  900 6230  900 6228 6229 6230 2820
  760 5976 8322 8323 8321 4183 1883 4139 4140 4141 1885 8272  900]"
1437,[56],[2238]
1438,[56],[2338]
1439,[56],[3585]
1440,[56],[4435]
1441,[56],[5509]
1442,[56],[6006]
1443,[56],[6456]
1444,[56],[6562]
1445,[56],[7672]
1446,[56 56 57],[7914 7916 7916]
1447,[56 57 57],[8704 2045 8704]
1448,[56 57],[8980 8980]
1449,[56],[9277]
1450,[56],[9366]
1451,[56 57],[9486 9486]
1452,[56],[9712]
1453,[56 56 57],[10948 16119 16119]
1454,[56],[11272]
1455,[56 56 57],[12106 18454 18454]
1456,[56 57 57 57 57 57 57 57 57 57],[12124 10629 14379 12124 14378 18507 18504 16191 16193 16194]
1457,[56],[12135]
1458,[56 56 57],[12420 19342 19342]
1459,[56],[12818]
1460,[56],[12909]
1461,"[56 56 56 57 58 58 58 59 58 59 59 60 60 60 60 61 61 61 61 62 62 63 63 63
 62 63 63 63 62 63 64 64 64 64 64 64 64 64 64 65 65 65 65 65 65 65 66 66
 66 66 66 67 68 68 69 69 70 71 71 67 68 69 70 71 72 72 72]","[13649 16030 16029 16029 10897 16029 16031 16029 12814 12814 12818 10897
 12818 16029 12814 10417 16029 10897 12814 10897 12814 10417 16029 10897
 10896 10896 12816 12814 10416 10416 10416 13644 16028 10896 12816 12814
 10417 16029 10897 10416 13642 13644 10417 16029 12814 12818 10417 16029
 12814 13642 13644 16029 10897 16029 10897 16029 10897 10897 16029 13647
 13647 13647 13647 13647 10417 13647 16029]"
1462,[56],[13784]
1463,[56],[14377]
1464,[56],[14458]
1465,[56],[15819]
1466,"[56 56 57 57 57 57 57 57 57 58 58 58 58 58 58 58 58 58 58 58 58 59 59 59
 59 59 59 59 60 60 60 60 60 60 60 60 60 60 61 61 61 61 61 61 61 61 61 61
 61 61 61 61 61 61 61 61 61 61 61 61 61 61 62 62 62 62 62 62 62 62 62 62
 62 62 62 62 62 62 62 62 62 62 62 62 62 62 62 62 62 62 62 62 62 62 62 63
 63 63 63 63 63 63 63 63 63 63 63 63 63 63 63 63 63 63 63 63 63 63 63 63
 63 63 63 63 63 63 63 63 63 64 64 64 64 64 64 64 64 64 64 64 65 65 65 65
 65 66 66 66]","[16462 16463 11138 16462 16464 18495 16465 12120 16460 11138 14371 18495
 14372 18496 12120 14368 18493 11714 16460 17517 17515 12120 18493 18494
 18496 18497 14366 18498 11138 16464 18495 16465 12120 18496 14366 12123
 18504 16191 10629 14339 14379 12107 12124 14378 14380 18457 18506 18507
 18504 15080 16191 10987 12123 16466 16465 16467 11139 16464 16468 11138
 18495 16194 10266 12909 18454 12106 15080 18457 12107 18459 14339 14341
 10629 14377 14379 11140 14378 12124 14380 16467 18504 18506 18507 11139
 16465 16191 10987 13058 16464 16192 16193 10988 17888 16194 13920 10266
 12909 18454 12106 10629 14339 14377 14379 16443 18458 11140 14378 16468
 12124 14380 11128 14341 18459 16466 16465 16464 13058 16463 11137 16461
 16462 17523 13660 10988 16192 16193 16194 17888 16191 10420 16462 10629
 11128 16446 13048 12909 16194 16468 18454 18459 10266 12909 18454 10629
 14377 10629 14377 16468]"
1467,[56 57 58 58 58 59 59 59 59 60 60 61 62 63],"[17116 17116 11500 17116 13420 11456 13420 17116 11500 13420 17116 17116
 17116 17116]"
1468,[56 56 57],[17548 17549 17549]
1469,[56],[17713]
1470,[56 57 57 57 57 57 57 57 57 57],[18441 10626 14319 14321 18437 18440 18441 12099 18439 14326]
1471,[56],[19459]
1472,[56 57],[19863 19863]
1473,"[56 57 57 57 58 58 58 58 58 58 58 58 58 58 59 59 59 59 59 59 59 59 59 59
 59 60 60 60 60 60 61]","[20251 20251 20252 10581 10581 15808 15810 18192 12003 15809 18191 12727
 20251 20252 10581 15808 15810 18192 15809 18191 12727 12004 20251 20252
 20253 12727 15809 20252 15808 20251 20251]"
1474,[57 58 58 58 59 59],[ 139  139 3182 7797  139 7797]
1475,[61 61],[6018 6019]
1476,[57 57 58 58 58 58 58 58 58],[1012 1014   96 2932 2934 1012 2931 2933 1014]
1477,[57],[1469]
1478,[57],[1564]
1479,[57 58 58],[1906 1906 8328]
1480,[57 57 57 57],[2568 5773 5774 5771]
1481,[57 57],[2613 5854]
1482,[57],[2899]
1483,[57 57],[3624 7572]
1484,[57 57],[4414 6393]
1485,[57],[5860]
1486,[57 58],[6487 6487]
1487,[57],[7807]
1488,[57],[7832]
1489,[57 57],[9275 9276]
1490,[57],[10291]
1491,"[57 57 58 58 58 58 59 59 60 60 60 61 61 61 61 62 62 62 62 63 64 64 65 65
 65 65 65 65 65 66 66 66 67 67 68 68 68 68 68 69 69 69 69 69 70 70 70]","[10736 16804 10736 14937 16803 16804 10736 16803 10736 14937 16804 10736
 14937 16803 16804 10736 14937 14939 16803 16803 10736 16803 10736 14933
 14935 14937 14939 16803 14936 10736 14937 14939 10736 16803 10736 14933
 16803 11327 16805 10736 14933 14935 11327 16805 14933 14935 14936]"
1492,[57 58 58 59 59 59 59 59 59 59 59 60],[10753 10753 12420 10436 16064 16065 19340 12420 19342 15051 10753 10436]
1493,[57],[10768]
1494,[57],[10816]
1495,[57 57],[12388 14976]
1496,[57 57 57 57 57 57 57 58],[12457 15145 19450 19451 19452 12458 19448 12457]
1497,[57],[13039]
1498,[57 57],[13304 17863]
1499,[57 58 59 59 60 60 61 61],[13378 13378 10372 13378 10372 13378 10372 13378]
1500,[57],[13643]
1501,[57 57 58 58 59 59],[13647 13648 13648 17507 13648 13649]
1502,[57],[13978]
1503,[57],[15141]
1504,[57 58 58 59 60 60 60 61 61 61 61 62 62 63],"[15333 15331 15333 15333 15331 15333 19682 12536 15333 19682 15331 12536
 15333 12536]"
1505,[57 58 58 59 59 59 60 61],[15497 15497 19879 15497 15498 19879 19879 19879]
1506,[57 57 58 58 59 59 59 59],[15579 15581 15579 15581 15579 15580 15581 19978]
1507,[57 57 58 59 60],[16453 18476 18476 18476 18476]
1508,[57],[16468]
1509,[57],[17058]
1510,[57],[17494]
1511,[57 57 58],[17506 18464 18464]
1512,[57],[17523]
1513,[57 58],[18489 18489]
1514,[57],[18499]
1515,[57],[18534]
1516,[57],[18537]
1517,[57 58],[18917 18917]
1518,[57],[19147]
1519,[57],[19220]
1520,[57 57 58 59],[19707 19708 19708 19708]
1521,[57],[19978]
1522,[57],[20365]
1523,[58 58],[  48 7486]
1524,"[58 58 58 58 59 59 59 59 59 58 58 59 59 59 59 60 60 60 60 60 60 61 61 61
 62]","[ 140 3190 3192 3191  140 3190 3191 6896 6897 3793 3796 3793 3794 3795
 3796  140 3190 3191 7807 1700 3793 3190 3191 7807 3190]"
1525,"[58 58 58 58 58 59 59 59 59 59 59 59 59 59 59 59 59 59 59 59 59 59 59 59
 59 59 59 59 60 60 60 60 60 60 60 60 60 60 60 60 60 60 60 60 60 60 60 60
 60 60 60 60 60 61 61 61 61 61 61 61 61 61]","[ 363 4437 6407 6408 4440  363 4437 6406 6407 2023 4436 8644 1000 6408
 1001 8645 4439 2921 6409 4438 4440 1002 2922 4441 2025 8649 8656 8657
  363 4437 6406 6407 2023 8644 1000 6408 1001 8645 4439 2920 2921 6409
 4438 4440 2922 1002 4441 7424 2025 7423 8649 8656 8657 1000 2921 6406
 6408 1002 2922 6409 1001 4440]"
1526,[58 58 59 59 59 59 59 59 59],[ 444 4373  444 4371 4373 4372 8562 8563 1404]
1527,[58],[699]
1528,[60 61],[6445 6445]
1529,[58],[1029]
1530,[58 58 58],[1256 6870 3176]
1531,[58],[1852]
1532,[58],[2102]
1533,[58],[2585]
1534,[58],[2961]
1535,[58],[3775]
1536,[60 60 60 61 61 61],[1901 8314 8317 1901 8314 8317]
1537,[58],[6206]
1538,[58],[7424]
1539,[58 59 59 59 60 60 60 60 60 60 61],[8286 8286 1644 3698 1644 3698 7674 7672 8286 8285 8286]
1540,"[58 59 60 60 60 60 61 61 61 61 61 61 61 62 62 62 62 62 62 62 62 62 63 63
 63 63 63 63 63]","[8350 8350 1914 8351 8352 8350   29 2687 2691 8352 8351 8350 9373   29
 2691 8352  771 9403 1914 8351 9374 9373   29 2691 8352  771 1914 8351
 9374]"
1541,[58 59],[9577 9577]
1542,[58],[10888]
1543,"[58 58 58 58 58 58 58 58 58 59 59 59 59 59 59 59 59 59 59 59 59 59 59 60
 60 60 60 60 60 60 60 60 60 60 61 61 61 61 61 62 62 62 63]","[10966 13854 11834 13855 13856 13857 11835 17801 11836 10966 13854 16152
 11834 13855 17795 16151 13856 13857 18421 11835 17801 11836 14976 10966
 13854 16152 11834 13855 16151 13856 18421 11835 17801 11836 10966 13854
 11834 13856 11835 11835 13856 13854 11835]"
1544,[58 58],[11026 16262]
1545,[58],[11267]
1546,[58],[11621]
1547,[58],[11858]
1548,[58],[12123]
1549,[58 59],[12601 12601]
1550,[58],[13040]
1551,[58],[13050]
1552,[58],[13644]
1553,[58],[13983]
1554,[58 59 60],[14311 14311 14311]
1555,[58],[14456]
1556,[58],[14924]
1557,[58 59],[15021 15021]
1558,[58],[16452]
1559,[58],[16514]
1560,"[58 59 60 60 60 61 61 59 60 60 60 60 60 60 60 60 60 60 61 61 61 61 61 61
 61 61 61 61 61 61 61 61 61 62 62 62 62 62 62 62 62 62 62 62 62 62 62 63
 63 63 63 63 63 63 63 63 63 63 64]","[16937 16937 16934 16936 16937 11400 16936 15160 15160 15161 10506 19457
 19459 12461 15153 19461 12462 19468 10506 19460 19459 19461 15153 12461
 15154 19470 19471 19469 15161 19468 15160 15159 10768 10363 13322 13321
 16936 16937 11401 15158 16938 15159 19467 10768 15160 16939 19468 10363
 13320 13322 13321 11401 15158 15159 19467 16938 19468 16939 15159]"
1561,[58 59 59 60],[18141 18141 18142 18141]
1562,[58],[18415]
1563,[58 59 59 59 59 59 59 60 60 60 60 60 61 61 62 62],"[18487 11135 16458 16459 18486 12117 18487 12117 18485 18486 18487 15147
 18486 18487 18486 18487]"
1564,[58],[19089]
1565,[58],[19107]
1566,[58 58],[19250 19251]
1567,[58 58 59 59 60 60],[19304 19306 19304 19306 12408 19304]
1568,[58],[19449]
1569,[58 59 59 59 60],[20276 12006 18198 20276 20276]
1570,[59],[110]
1571,[59 59 60 60 60 60 60 60 61 61 61 62],[ 235 4624  235 4624 7510 2102 8874 4626  235 2102 4626 2102]
1572,[59 60 60],[ 334  334 7929]
1573,[59],[372]
1574,[59],[494]
1575,[59 60],[1066 1066]
1576,[59 60 61],[1122 1122 1122]
1577,[59 59 59 60 60 60 61 61],[1302 6951 6950 1302 6951 6950 1302 6950]
1578,[59],[1398]
1579,[59 59],[1668 7733]
1580,[59 60],[1939 1939]
1581,[59 59 60 60 61],[1992 8559 1992 8559 8559]
1582,[59 59 60 60],[2113 8905 2113 8905]
1583,[59 59 59],[2350 9605 9607]
1584,[59 60 60 60 61 61 61 61],[2365 2365 9653 9654 2365 9651 9653 9654]
1585,[59 60 60],[2426 2426 5418]
1586,[59],[2687]
1587,[59 60 61],[2928 2928 2928]
1588,[59 60],[3364 3364]
1589,[59],[3656]
1590,[59],[3739]
1591,[59 60 61 61 61 62],[4050 4050 4007 4049 4050 4007]
1592,[59 60],[4138 4138]
1593,[59],[5024]
1594,[59 59 60 60 61 61 61 61],[6222 6223 6222 6223  896 6222 8253 6223]
1595,[59],[6361]
1596,[59 60 60 60 61 61 61 61 61 62 62 62 62],[6462 1030 6462 6456 1030 6459 6462 6458 6456 1030 6462 6456 6458]
1597,[59],[6606]
1598,[59],[6764]
1599,[59 60],[7710 7710]
1600,[59],[7794]
1601,[59],[7814]
1602,[59 60],[8212 8212]
1603,[59 59 60],[8555 8556 8556]
1604,[59],[8942]
1605,[59],[8990]
1606,"[59 59 59 59 59 59 59 59 59 59 59 60 60 60 60 60 60 60 60 60 60 60 60 60
 60 60 60 60 60 60 60 60 60 60 60 60 61 61 61 61 61 61 61 61 61 61 61 61
 61 61 61 61 61 61 61 61 61 61 61 61 61 61 61 61 61 61 61 61 62 62 62 62
 62 62 62 62 62 62 62 62 62 62 62 62 62 62 62 62]","[10370 13365 13367 13369 17956 11445 13366 17955 17954 13968 11901 10370
 13365 13367 13369 13371 17956 11445 13366 17955 13368 17015 17017 17954
 13968 10523 17953 11901 17950 17952 13966 11900 17951 13963 13964 10522
 10370 13365 13367 13369 13371 17956 17957 11445 13366 17955 11447 13368
 11449 13370 17015 17017 17954 17018 13968 10523 17953 11901 17950 17952
 13966 11900 17949 17951 13963 13964 13962 10522 10370 13365 13367 13369
 13371 17956 11445 13366 17955 17015 17017 17954 13968 17953 11901 17950
 17952 13966 11900 17951]"
1607,[59],[10704]
1608,[61 61 61 61 61 62 62 62],[10455 14662 16640 17658 18868 11238 18868 14664]
1609,[59],[11505]
1610,[59],[11784]
1611,"[59 60 60 60 61 61 61 61 61 61 61 61 61 61 62 62 62 62 62 62 62 62 62 62
 62 62 63 63 63 63 63 63 64 64 64 65]","[11863 11862 17864 11863 11861 13900 13901 17858 17859 13902 11862 17857
 13903 17864 11861 13899 13900 13901 17858 17859 13902 11862 13903 17864
 11864 17865 11861 13899 13900 13902 13903 11864 11864 13903 13902 13903]"
1612,"[59 59 59 60 60 60 60 61 61 61 61 61 61 61 61 61 60 60 61 61 61 61 61 61
 61 61 61 61 61 61 62 62 62 62 62 62 62 62 62 62 62 62 62 62 62 62 62 62
 62 62 62 62 62 62 62 62 62 63 63 63 63 63 63 63 63 63 63 63 63 63 63 63
 63 63 63 63 63 63 64 64 64 64 64 64 64 64 64 64 64 64 64 64 64 64 64 64
 65 65 65 65 65 65 65 65 65 65 65 65 65 65 65 65 65 65 66 66 66 66 66 66
 66 66 66 66 66 66 66 66 67 67 67 67 67 67 67 67 67]","[12100 14326 18441 12100 14326 18441 18438 10626 14319 14321 18437 18440
 18441 18436 18439 12100 13040 16454 10294 13041 13052 17495 13040 11132
 13053 16452 16454 16453 14354 12113 10294 13039 13041 13052 17495 11119
 13040 13053 11121 18435 11132 16431 16454 16433 18436 16452 11133 16453
 10626 18437 18476 14319 14321 18440 18439 18441 12100 10626 14319 14321
 16433 18437 18440 12098 18441 18436 11119 13039 13040 13053 16431 13052
 11132 16452 16453 11133 18476 12113 10294 13039 13041 13052 17495 13040
 16431 10626 14319 14321 18440 12097 14320 18441 12100 18439 12099 16452
 10294 13041 13052 17495 13053 16454 16453 10626 14319 14321 18437 18440
 12097 14320 18441 18436 18439 12100 10294 13041 13052 17495 10626 14319
 14321 18437 18440 18441 18439 12100 16453 16454 10294 13041 13052 13040
 12100 18439 18440 18441 14321]"
1613,[59 59 59 59 59],[12279 14714 18927 18918 13054]
1614,[59],[12390]
1615,[59 59 60 60 60 60 61],[13541 17332 11620 13539 13540 13541 13539]
1616,[59 59 60],[13784 18972 13784]
1617,[59 60 60 61],[13909 13909 18875 18875]
1618,[59],[14752]
1619,[59],[15487]
1620,[59 60],[15803 15803]
1621,[59 60],[15819 15819]
1622,[59],[15877]
1623,[59],[16438]
1624,[59 59 60 60 61],[17039 17040 17039 17040 17039]
1625,[59],[17323]
1626,[59 60],[17496 17496]
1627,[59],[17516]
1628,[59],[17679]
1629,[59],[18611]
1630,[59],[18969]
1631,[59],[20259]
1632,[59],[20334]
1633,[60],[293]
1634,[60 61 62],[311 311 311]
1635,[60 60 60],[ 408 6267 9372]
1636,[60 61 62 63 64],[467 467 467 467 467]
1637,[60],[1273]
1638,[60],[1466]
1639,[60],[2051]
1640,[60],[2112]
1641,[60],[2960]
1642,[60],[3193]
1643,[60],[3211]
1644,[60],[3668]
1645,[60],[4122]
1646,[60 60],[4467 8680]
1647,[60 61 62 62 63],[4771 4771 4771 9052 4771]
1648,[60 61],[5228 5228]
1649,[60 61 62 63 63],[5583 5583 5583 5581 5583]
1650,[60],[5769]
1651,[60 60 61 61],[6522 6524 6522 6524]
1652,[60],[6870]
1653,[60],[7454]
1654,[60 60],[7576 7577]
1655,[60 61],[7581 7581]
1656,[60 61 62 63 62 63 64 64 64 64 65 65 66 66],[7832 7832 7832 7832 8430 8430 7830 7832 8430 8431 7832 8430 7832 8430]
1657,[60],[8142]
1658,[60 61],[8995 8995]
1659,[60],[9669]
1660,[60 61],[9712 9712]
1661,[60 61],[9715 9715]
1662,[60],[10553]
1663,[60],[10980]
1664,[60],[11362]
1665,[60 60 60 60 60 60 61 61 61 61 61 61],[11913 13985 13986 17982 17983 13988 11913 13985 13986 17982 17983 13988]
1666,[60],[12097]
1667,[60],[12387]
1668,[60],[12989]
1669,[60],[13141]
1670,[60],[13644]
1671,[60 61 62 63],[13982 13982 13982 13982]
1672,[60],[15014]
1673,[60],[15077]
1674,[60 61 61],[15106 12443 15106]
1675,[60 60],[15493 15494]
1676,[60 61],[15542 15542]
1677,[60 60 60 60 61 61 61],[15813 15814 15815 20258 12729 15814 20258]
1678,[60 60],[16172 19239]
1679,[60 61],[16814 16814]
1680,[60],[17077]
1681,[60 61 62 63 64],[17507 17507 17507 17507 17507]
1682,[60 60],[17677 17678]
1683,[60],[17793]
1684,[60],[17837]
1685,[60],[18055]
1686,[60],[18424]
1687,[60],[18587]
1688,[60],[18867]
1689,[60],[19248]
1690,[60],[19798]
1691,[61],[114]
1692,[61 61],[ 139 9630]
1693,[61 61 61 61 61 61 61 61 62 62 62 62 62 62 62 62 62 62 63 63 63 63 63 63],"[  340  3898  3900 10032  3897 10033  2492  6082   818  6082   819  3896
  3897  7951  3898  1763  7952 10033   818  6082  1763  3898  3896  3900]"
1694,[61],[914]
1695,[61 62],[1694 1694]
1696,[61 61 62 62],[ 1775 10090  1775 10090]
1697,[61],[2059]
1698,[61 61 62 62 63 63 63],[2269 9371 2269 9371 2269 9371 9372]
1699,[61],[2353]
1700,[61],[2650]
1701,[61],[3076]
1702,[61],[3363]
1703,[61 62],[3592 3592]
1704,[61],[3777]
1705,[66],[907]
1706,"[61 62 62 63 63 64 65 65 66 66 66 66 67 67 67 67 67 67 67 67 67 67 67 67
 67 68 68 68 68 68 68 68 68 68 69 69 69 69 69 69 69 69 69 69 69 69 69 69
 69 69 70 70 70 70 70 70 70 70 70 70 70 70 71 72 72 72]","[ 4388   446  4388   446  4388  4388   446  4388   446  4388  6377  2000
   446  4388  6377 10020 10023  2000 10024 10019  2488  2489  8582 10025
 10026   446  4384  4388  6377  2000  8582 10026  2488  8577   446  4384
  4388  6377 10020 10023   982  2000 10024  2488  2489  8577 10025 10021
 10026  7089  2000  4388 10024 10025 10023 10026 10020  2488  6377 10021
  4384  7089  2000  2000 10024 10025]"
1707,[61],[4519]
1708,[61],[5234]
1709,[61],[5248]
1710,[61],[5252]
1711,[61],[5565]
1712,[61 62],[5568 5568]
1713,[61],[5630]
1714,[61],[6606]
1715,[61],[6900]
1716,[63],[6914]
1717,[61 62 62 62 62 62 62],[7438  698 5862 5863 7438 1543 7437]
1718,[61],[8185]
1719,[61],[8191]
1720,[61],[8297]
1721,[61],[8374]
1722,[61 62],[8376 8376]
1723,[61],[8378]
1724,[61],[8412]
1725,[61],[9054]
1726,[61],[9524]
1727,[61],[9585]
1728,[61],[9596]
1729,[61],[9599]
1730,[61],[9702]
1731,[61],[9816]
1732,[61],[10298]
1733,[61 62],[10552 10552]
1734,[61],[10559]
1735,[61],[10704]
1736,[61],[10940]
1737,[61 62],[11070 11070]
1738,[61 62],[11129 11129]
1739,[61],[11236]
1740,[61],[11831]
1741,[61],[11858]
1742,"[61 61 61 61 62 62 62 62 62 62 62 63 63 63 63 63 63 63 63 64 64 65 65 65
 66 66 67]","[12456 19448 19450 19451 12456 19448 19450 19451 12457 19452 19453 12456
 19448 19450 19451 12457 19452 15145 19453 12456 15145 12456 12457 15145
 12456 19450 12456]"
1743,[61],[12951]
1744,[61 61],[13077 16498]
1745,[61 62],[13247 13247]
1746,[61 62],[13655 13655]
1747,[61 61 61 61 62 62],[13884 13886 19242 19243 13886 19242]
1748,[61 61 61],[13923 13924 13926]
1749,[61 62],[14458 14458]
1750,[61 61],[14495 18654]
1751,[61],[14537]
1752,[61],[15079]
1753,[61],[15515]
1754,[61],[15550]
1755,"[61 61 61 61 62 62 62 62 62 62 62 62 62 62 62 62 62 63 63 63 63 63 63 63
 63 63 63 63 64]","[15577 17188 17189 19981 10827 15577 15579 17189 19982 11540 15578 17188
 11541 19981 19975 19976 19977 10827 15577 15579 17189 19982 15578 17188
 15580 11541 19981 19978 15579]"
1756,[61 62],[16012 16012]
1757,[61],[16180]
1758,[61],[16429]
1759,[61],[16680]
1760,[61],[16892]
1761,[61],[16930]
1762,[61 61 62 62 62],[17150 17152 17150 17151 17152]
1763,[61 61 61 61],[17546 17547 17548 17549]
1764,[61],[17681]
1765,[61],[17838]
1766,"[65 65 65 65 64 65 65 66 66 66 66 66 66 66 66 66 66 66 66 66 66 66 67 67
 67 67 67 67 68 68 68 68 69 69 69 69 69 69 69 69 69 69 70 70 70 70 70 70
 71 71]","[11399 13318 13319 18490 14363 14363 18498 11135 14363 16459 14364 14366
 12119 18497 18498 18490 18491 12121 14373 11397 18500 13319 12118 14363
 14364 14365 12119 18499 14363 14364 14365 18490 11397 13318 16931 18490
 16932 14365 18491 15150 16933 14363 10300 18491 18490 13318 16932 15150
 15150 16932]"
1767,[61],[18921]
1768,[61],[19397]
1769,[61 62],[20035 20035]
1770,[61],[20106]
1771,[61],[20332]
1772,[61],[20356]
1773,[62],[412]
1774,[62 62 63 63 63 63 63 63 63 63 63 63 63 64 64],"[ 470 4522  470 4521 4523 6460 6461 4522 6459 8754 8745 8746 2058 4521
 4522]"
1775,[62 63 63 63],[ 471  471 4528 6463]
1776,[62 62],[1105 6597]
1777,[62],[1936]
1778,[62],[2087]
1779,[62],[2106]
1780,[62 62],[2113 8905]
1781,[62],[2145]
1782,[67 67 67],[1525 3500 3501]
1783,[62],[2294]
1784,[62],[2613]
1785,[62 63],[2684 2684]
1786,[62 63],[3212 3212]
1787,[62],[4112]
1788,[62],[5227]
1789,[62],[5588]
1790,[62],[5920]
1791,[62],[7314]
1792,[62],[7423]
1793,[62 62],[7454 8732]
1794,[62],[7570]
1795,[62],[8250]
1796,[62 63],[8302 8302]
1797,[62],[8959]
1798,[62],[9086]
1799,[62],[9458]
1800,[62 62 62 62 62 62 62 62 62 62 63 63 63 63 63 63 64 64],"[10264 12889 12902 10969 12903 10982 12901 16184 16181 10983 10982 12901
 12903 16184 12889 10983 10983 16184]"
1801,[62 62 62 62 62 62 62 62 62],[10438 13711 13713 16068 19919 19922 10918 19918 12615]
1802,[62],[10555]
1803,[67 67 67 67 67 67 67 68 68 69 69 70],[12421 19342 15051 19101 19103 19263 19345 19101 19103 19101 19103 19101]
1804,[62],[10917]
1805,[62 63 64 64],[10929 10929 10929 16087]
1806,[62 62],[11037 16281]
1807,"[62 62 62 62 63 63 63 63 63 63 63 63 64 64 64 64 64 64 64 64 64 64 64 64
 64 65 65 65 65 65 65 65 65 65 66 66 66 66 66 66 66 66 66 66 66 66 66 66
 66 67 67 67 67 67 67 67 67 67 67 67 68 68 68 68 68 68 68 68 68 69 69 69
 69 69 69 69 69 69 70 70 70 70 70 70 70 70 70 70 70 63 63 64 64 65 65 65
 66 66 66 66 67 67 67 67 67 67 68 68 68 68 68 68 69 69 69 69 69 69 69 70
 70 70 70 70 69 70 70 71 71 71 71 71 71 71 71 71 71 71 71 71 71 71 71 71
 71 71 71 71 71 71 71 71 72 72 72 72 72 72 72 72 72 72 72 72 72 72 72 72
 73 73 73 73 73 73 73 74 74]","[11157 11158 16496 16522 11156 13077 16496 16498 16522 11158 16497 11157
 11156 13077 16496 16498 16522 11158 16499 14467 16497 11157 14429 14430
 14431 11156 13077 16496 16498 16522 11158 16499 14467 11157 11156 13077
 16496 16498 16499 14467 16497 11157 14429 14430 14431 12149 14432 18575
 13384 11156 13077 16496 16498 16522 16499 14467 16497 11157 14429 14430
 11156 13077 16496 16498 16499 16497 11157 14429 14430 11156 13077 16496
 16498 16499 11157 14429 14430 14431 11156 13077 16496 16498 16522 16499
 16497 11157 14429 14430 12149 17548 17549 17548 17549 13677 17548 17549
 17546 17547 17548 17549 10306 13087 17546 17547 17548 17549 13087 17546
 17547 17548 13677 17549 10306 13087 17546 17547 17548 13677 17549 13677
 17548 17549 17546 17547 18575 13384 18575 10306 13076 13087 17546 17547
 13077 17548 11727 16498 16499 17549 11157 16496 16497 14429 14430 18571
 14467 14431 12149 18574 11464 18575 13384 13386 10306 13087 17546 17547
 10646 14467 16496 16497 16498 11157 18571 13077 14430 18572 11464 17549
 10646 14467 13077 16498 17546 17547 17549 17546 17547]"
1808,"[62 62 63 63 63 63 63 64 64 64 65 65 65 65 66 66 66 66 67 67 68 68 68 69
 69 69 70 70]","[11267 13187 11267 13186 16693 18976 13185 11267 18976 13185 11267 16693
 18976 18977 13187 18975 18976 18977 18975 18976 16693 18976 18975 11267
 13187 16693 11267 13187]"
1809,[62],[11871]
1810,[62 62 62],[12406 15017 15018]
1811,[62 63],[12613 12613]
1812,[62 63 64 65],[13784 13784 13784 13784]
1813,[62],[14073]
1814,[62],[14074]
1815,[62],[14310]
1816,[62],[14313]
1817,[62],[14415]
1818,[62],[14538]
1819,[62],[15088]
1820,[62],[15151]
1821,[62 62 63 63],[15350 19701 15350 19701]
1822,[62],[15510]
1823,[62],[15622]
1824,[62 62 63 63 63],[16151 18421 12093 14311 18421]
1825,[62],[16197]
1826,[62],[16354]
1827,[62 62],[16374 18307]
1828,[62],[16561]
1829,[62],[17874]
1830,[62],[17976]
1831,[62],[18072]
1832,[62],[18105]
1833,[62],[18116]
1834,[62 62],[18471 18472]
1835,[62],[18705]
1836,[62],[19303]
1837,[62],[19398]
1838,[62],[19446]
1839,[63 63 63 63 64 64 64 64 64 64 64 64 64 64],[1312 6972 1313 6973 1314 3233 3234 6973 9793 9794 7862 1724 5386 5387]
1840,[63],[1680]
1841,[63 64],[1878 1878]
1842,[63],[2051]
1843,[63],[2086]
1844,[63],[2702]
1845,[63],[2960]
1846,"[63 63 63 63 64 64 64 65 65 65 65 65 65 66 66 66 66 67 67 67 67 67 67 68
 68 68 68 68 68 69 69 69 69 69 69 69 69 69 69 69 69 69 69 69 70 70 70 70
 70 70 71 71 71 71 71 71 71 71 72 72 72 72 72 72 72 73 73 73 74 74 74]","[3221 6950 6948 7847 3221 6948 7847 1302 3221 6951 6950 6949 7847 1302
 6951 6954 6950 1302 6951 6952 6954 6950 6948 1302 6951 6952 6954 6950
 6948  586 5343 5349 6952 6953 1301 6951 1302 6954 6949 6950 3221 3223
 6948 7847 1302 6951 6952 6954 6950 6948 1301 6949 6950 6951 6948 1302
 6952 6954 1302 6951 6952 6954 6950 6948 6949 1302 6951 6950 1302 6951
 6950]"
1847,[63],[3407]
1848,[63],[3653]
1849,[63 64 65 66],[3929 3929 3929 3929]
1850,[63],[6224]
1851,[63],[6904]
1852,[63],[7950]
1853,[63],[8766]
1854,[63 63],[9356 9357]
1855,[63 63 63],[10361 13302 11382]
1856,[63 64],[10888 10888]
1857,[63],[11078]
1858,[63],[11135]
1859,[63],[11524]
1860,[63 63],[12144 18562]
1861,[63 63 63],[13410 13412 18018]
1862,[63],[13913]
1863,[63],[13922]
1864,[63 64 64 64 65 66 66 67 68],[14924 10704 14924 12367 14924 10704 14924 14924 14924]
1865,[63],[15354]
1866,[63],[15649]
1867,[63],[16428]
1868,[63],[17793]
1869,[63 64 64],[18120 10562 18120]
1870,[63],[18464]
1871,[63],[19243]
1872,[63],[19718]
1873,[63 63 64 64 64],[19895 19896 12607 19895 19896]
1874,[63],[20244]
1875,"[64 64 64 64 65 65 65 65 65 66 66 66 66 66 66 66 67 67 67 67 67 67 68 68
 68 68 69 69 70]","[ 304 3794 3796 3793  304 3794 3796 6021 3793  304 3794 3796 6021 3793
 1702 7814 1702 7812 7814 7815 1703 3793 1702 7812 7814 7815 7814 7815
 7814]"
1876,[64 65],[444 444]
1877,[64 65],[578 578]
1878,[64 64],[ 654 5785]
1879,"[64 64 64 64 64 64 64 64 64 64 65 65 65 65 65 65 65 65 65 65 65 65 66 66
 66 66 66 66 66 66 66 66 66 66 66 66 66 66 66 66 66 66 66 67 67 67 67 67
 67 67 67 67 67 67 67 67 67 67 67 67 67 67 67 67 67 67 68 68 68 68 68 68
 68 68 68 68 68 68 68 68 68 68 68 68 68 68 69 69 69 69 69 69 69 69 69 69
 69 69 69 69 69 69 69 69 69 69 69 69 69 70 70 70 70 70 70 70 70 70 70 70
 70 70 70 70 70 70 70 70 70 70 70 70 70 70 71 71 71 71 71 71 71 71 71 71
 71 71 71 71 71 71 71 71 71 71 71 71 71 71 71 72 72 72 72 72 72 72 72 72
 72 72 72 72 72 72 72 72 72 72 72 72 72 73 73 73 73 73 73 73 73 73 73 73
 73 73 73 73 73 73 73 73 73 73 74 74 74 74 74 74 74 74 74 74 74 74 74 74
 74 74 75 75 75 75 75 75 75 75]","[1296 5329 5330 5331 5332 5334 6944 9732 6945 1297 1296 5329 6941 6942
 5330 1297 5332 5334 6944 9732 5336 9727  584 5328 5330 5332 5334 6943
 6944 1296 5329 6942 5331 2391 9732 6945 1298 6941 9727 5336 3218 6946
 6947  584 5328 5330 5332 5334 6943 6944 1296 5329 6942 2389 5331 5333
 2391 9732 1297 6945 1298 6941 5336 3218 6946 6947  584 5328 5330 5332
 5334 6943 6944 1296 5329 6942 5331 2391 9732 1297 6945 1298 9727 5336
 3218 6947  584 5328 5330 5332 5334 6943 6944 1296 5329 6942 5331 2390
 5333 2391 9732 1297 6945 1298 3216 9727 5336 3217 3218  584 5328 5330
 5332 5334 6943 6944 1296 5329 6942 5331 2390 5333 2391 9732 1297 6945
 1298 6941 3216 9727 5336 3217 3218 6946  584 5328 5330 5332 5334 6943
 6944 1296 5329 6942 2389 5331 2390 5333 2391 9732 1297 6945 1298 6941
 3216 9727 5336 3217 3218  584 5328 5330 5332 5334 6943 6944 1296 5329
 6942 2389 5331 2390 5333 2391 9732 1297 6945 1298 9727 5336 3218  584
 5328 5330 5332 5334 6943 6944 1296 5329 6942 5331 2390 5333 2391 9732
 1297 6945 1298 9727 5336 3218  584 5328 5330 5332 5334 6943 6944 6942
 5331 2390 5333 2391 9732 1297 6945 1298  584 5334 6943 6944 9732 1297
 6945 1298]"
1880,[64 64 65],[ 1398 10090  1398]
1881,[64],[2804]
1882,[64],[3014]
1883,[64 64 65 65 65 66 66 67 67 67 66 67 68 68 68 69],"[3190 3191 3190 3191 6897 3190 3191 3190 3191 6897 5254 5254 1271 5254
 6897 1271]"
1884,[64],[4374]
1885,[64],[5774]
1886,[64],[6084]
1887,[64],[6361]
1888,[64],[6915]
1889,[64 64],[6953 6954]
1890,[64],[6975]
1891,[64],[7324]
1892,[64],[8298]
1893,[64 64],[8775 8776]
1894,[64],[10032]
1895,[64 64 64 65],[10248 12848 12850 12848]
1896,[64],[10506]
1897,[64 64 64 64 64 64 64 64 64 64 64 64 64 64 64 64 64 64],"[10523 17015 17950 17953 11445 17017 17954 11900 17952 11901 13365 13366
 17955 13968 13963 13964 17951 13966]"
1898,[64],[10783]
1899,[64],[11248]
1900,[64 64 64 64 65 65 65 66 66],[11392 13313 16922 16923 13313 16922 16923 13313 16922]
1901,[64],[13036]
1902,[64],[13655]
1903,[64 64 65],[13886 19242 19242]
1904,[64 64 64 65],[13909 18875 18876 13909]
1905,[64],[15525]
1906,[64],[16009]
1907,[64 64 65],[17038 17039 17039]
1908,[64],[17838]
1909,[64],[18575]
1910,[64],[19342]
1911,[64],[19604]
1912,[64],[19968]
1913,[64 65],[20336 20336]
1914,[65 66 66 67 67 67 68 68 69 70 71 71 72 72 73 74 75],"[ 311  311 7834  311 6936 7834  311 7834  311  311  311 7834  311 7834
  311  311  311]"
1915,[65],[470]
1916,[65],[1040]
1917,[65],[1458]
1918,[65 66],[1657 1657]
1919,[65],[2238]
1920,[65 66 66 66 66 66 66],[ 2491   340  6084 10029 10032  2491  2492]
1921,[65],[2684]
1922,[65 65 66 66 66 66 66 66 66 66 67 67 67 67 67 67 68 68 68 69],"[3787 8408  302 3787 6016  782 6018 2702 2703 8408  302 3787 6016  782
 6018 2702 2702 8408 6018 2702]"
1923,[65],[3871]
1924,"[65 66 66 66 66 66 67 67 67 67 67 67 67 67 67 67 67 67 67 67 67 67 67 67
 67 67 67 67 67 67 67 68 68 68 68 68 68 68 68 68 68 68 68 68 68 68 68 68
 68 68 68 68 68 68 68 68 68 68 68 68 68 68 68 68 68 68 68 69 69 69 69 69
 69 69 69 69 69 69 69 69 69 69 69 69 69 69 69 69 69 69 69 69 70 70 70 71]","[3874 3874 3875 7919  531 9272  124 3270 7914 9277 1350 3271 9276 7916
 9275 1352 3871 2238 9929 1748 9273 7919 7920 9272 3874 1749 4951 3875
  531 5080 9951  124 3270 3272 7914 7915 9277 1350 3271 9276 1352 9928
 7916 9275 4955 9929 3871 7917 2238 9274 1748 7918 9273 7919 7920 9272
 3874 1749 4951 3875  531 3877 5080 5082 9951 9952 2465  124 3270 7914
 9277 1350 3271 9276 7916 9275 1352 4955 3871 2238 9929 1748 9273 7919
 9272 3874 3875 3877 9951 9952  531 5080 2238 3271 9277 3271]"
1925,[65],[5233]
1926,"[65 66 66 66 66 66 66 66 66 66 66 67 67 67 67 67 67 67 67 67 67 67 67 67
 67 67 67 67 66 67 67 67 67 67 67 67 67 67 68 68 68 68 68 68 68 68 68 68
 68 68 68 68 68 68 68 68 68 68 68 68 68 68 68 68 68 68 68 68 68 68 68 68
 68 68 68 68 68 69 69 69 69 69 69 69 69 69 69 69 69 69 69 69 69 69 69 69
 69 69 69 69 69 69 69 69 69 69 69 69 69 70 70 70 70 70 70 70 70]","[ 5630  2510  5630  5631 10085 10086 10087  5629  3511  1775 10090  1398
  7124 10090 10091  5629  1775  5635  5630  5631  2510 10085 10086 10087
  3511  3510  7410  7411  6386   450  6387  6386  2908   991  2514  5640
  5639  5638    91  2907  2909  2911  7411   987  2908  7410   989  2910
   991 10099  1531  3510  6387  6389  6390  2514  3511 10087   450   990
  5640  5641 10086  2510  5632  5639  5630  5631  5633  5638  5629   625
  1400  1398 10090  1775  5634    91  2907  2909  7411 10089   987  2908
  7410   989 10088  6389  5632 10087   990  6388  6390  2510  5631  5633
  4408  8606   991  5630   625  5629  8607 10099  2514  5640  5639  5638
 10090   991  2514  4408  8606  8607  6388  6389  5639]"
1927,[65],[6495]
1928,[65],[7429]
1929,[65 66 66 67 67],[7760 7760 7762 7760 7762]
1930,[65],[9457]
1931,[65],[9941]
1932,[65 65 65],[10399 13565 11645]
1933,[65],[11331]
1934,[65],[11824]
1935,[65 65 65 65 65 65],[11913 13985 13986 17982 17983 13988]
1936,[65],[12124]
1937,"[65 65 66 66 66 66 66 67 67 67 67 67 67 67 67 67 67 67 68 68 68 68 68 68
 68 68 68 68 68 69 69 69 69 69 69 69 69 69 69 69 70 70 70 70 70 70 71 71
 71 71 71 71 71 71 72 72 72 72 72 72 72 73 73 73 73 73 73 74 74 74 74 74
 75]","[12153 18587 11911 13984 18586 18587 12153 11911 13984 13985 18586 18587
 13986 11913 12153 17982 17983 13988 11911 13984 13985 18586 18587 13986
 11913 12153 17982 17983 13988 11911 13984 13985 18586 18587 13986 11913
 12153 17982 17983 13988 11911 13984 18586 18587 13986 12153 11913 13985
 13986 17982 17983 13988 12153 18587 12153 18586 18587 13984 13986 17982
 13988 11913 13985 13986 17982 12153 18587 11913 13985 13986 17982 13988
 17982]"
1938,[65 66 67],[12276 12276 12276]
1939,[65 65],[12462 19468]
1940,[65],[13005]
1941,[65],[13638]
1942,[65],[13981]
1943,[65],[14074]
1944,[65],[14312]
1945,[65 66],[14458 14458]
1946,[65],[14608]
1947,[65],[14696]
1948,[65],[15362]
1949,[65 65 65 66 66 66 66 66 67],[15808 15809 15810 15808 15809 15810 18191 20251 20251]
1950,[65],[16929]
1951,[65],[17152]
1952,[65],[17711]
1953,[65 65],[17935 18957]
1954,[65],[18105]
1955,[65],[18388]
1956,[65],[18705]
1957,[65],[19715]
1958,[65 65 66 66 67 67 67 67 67 68 68 68 68 69 69 70 70],"[19723 19724 19721 19723 12550 19723 19724 19721 17049 17049 19721 19723
 19724 19721 19724 19721 19724]"
1959,"[65 66 66 67 68 68 69 69 70 70 70 70 70 71 71 71 71 71 72 72 72 72 72 72
 72 73 73]","[19818 15448 19818 19818 15448 19818 12581 19818 11930 15448 12581 15449
 19818 11930 15447 15448 12581 19818 11930 15447 15448 18021 15449 12581
 19818 11930 15448]"
1960,[66],[92]
1961,[66],[206]
1962,[66],[232]
1963,[66 67],[259 259]
1964,"[66 66 66 66 66 66 66 66 67 67 67 67 67 67 67 67 67 67 67 67 67 67 67 68
 68 68 68 68 68 69 69 69 69 69 69 69 69 69 69 69 69 69 69 69 69 69 69 69
 69 69 69 69 69 69 69 69 69 69 69 69 69 69 69 69 69 69 69 69 70 70 70 70
 70 70 70 70 70 70 70 70 70 70 70 70 70 70 70 70 70 70 70 70 70 70 70 70
 70 70 70 70 71 71 71 71 71 71 71 71 71 71 71 71 71 71 71 71 71 71 71 71
 71 71 71 71 71 71 71 71 71 71 71 71 71 71 71 71 71 71 71 71 71 72 72 72
 72 72 72 72 72 72 72 72 72 72 72 72 72 72 72 72 72 72 72 72 72 72 72 72
 72 72 73 73 73 73 73 73 73 73 73 73 73 73 73 73 73 73 74 74 74 74 74 74
 74 74 74 74 74]","[ 320 5407 7875 1728 7874 1729 7872 7873  320 5407 7875 1728 7874 1729
 7872 7873 3840 3841 7871 1727 3839 7870 3838  320 5407 7875 1728 7874
 1729  318 5385 5387 6975 6976 7865 7868 1724 5386 7864 2413 1315 7869
 1725 7867 1726 7862 7863 9793 9794 7870 3838 3836 3837 3234 1314 6974
 1727 7871 3839  319 3232 3233 3840 3841 1312 1729 7874 7875  319 3835
 3839 3841 3836 1727 3840 1729 7867 7870 7871 7873 7874 7875 1725 7865
 7864 5385 1724 7863 5386 7862 9793 2413 9794 3234 1314 6974 6973 1313
 6975 6976  318 5385 5387 6975 6976 7865 7868 1724 5386 7864 2413 1315
 7869 1725 7867 1726 7862 7863 9793 9794 7870 3838 3836 3837 3234 1314
 6974 1727 7871 3839  319 3233 6973 3840 7873 7872 3841 1729 7874 1728
 7875  318 5385 5387 6975 6976 7865 7868 5386 7864 2413 1315 7869 7867
 1726 9794 7870 3838 3836 3837 1727 7871 3839  319 3840 7873 3841 1729
 7874 7875  318 5385 5387 6975 7865 7868 7869 1726 3838 7870 3836 3837
 1727 7871  319 3841  318 5385 5387 6975 7865 7868 1724 7864 1726 7862
 7870]"
1965,[66],[418]
1966,[66],[630]
1967,"[66 66 66 66 66 67 67 67 67 67 67 67 67 67 67 67 67 68 68 68 68 68 68 68
 68 69 69 69 69 69 69 69 69 69 69 69 69 69 69 69 69 70 70 70 70 70 70 70
 70 70 70 70 70 70 70 70 71 71 71 71 71 71 71 71 71 71 71 71 71 71 71 71
 71 71 71 72 72 72 72 72 72 72 72 72 72 72 72 72 72 72 72 72 72 72 72 73
 73 73 73 73 73 73 73 73 73 73 73 73 74 74 74 74 74 74 74]","[ 800 3842 6050 3844 3845  797 2717 2718 2719  799 2720 6049 6050  800
 3842 3844 3845  797 2718 6043  799 2719 8463 2720 6050  797 2717 2718
 6043 6045 8464 2719  799 8463 2720 6049 8460 6050  800 3842 3844  797
 2717 2718 6043 2719  799 8463 2720 6049 8460 6050 8459 3842 4290 1953
  797 2718 6043  799 2719 2720 6050 3842 3844 3845 1953 4288 8456 8458
 8455 8459 1954 3832 8460  317 6043 8463  797 6045 8464 2717 2718 2719
  799 2720 6049 6050  800 3842 3844 1953 4290 1954 8459  797 2717 2718
 6043 2719  799 8463 2720 6049 8460 6050 3842 3844  797 2718  799 2719
 2720 6050 3842]"
1968,"[66 66 66 66 66 66 66 66 67 67 67 67 67 67 67 67 67 67 67 67 67 68 68 68
 68 68 68 68 68 68 68 69 69 69]","[1411 3330 3331 3332 3329 3328 7142 7143  158 3329 3331 1409 3328 3330
 1411 3332 7142 7143 7145 7141 5660  158 3327 3329 3331 3333 3328 3330
 3332 7141 7145  158 3327 3333]"
1969,[66 66 67 67 67 67],[1618 3653 1618 3654 3653 8232]
1970,[66 66],[1902 8320]
1971,"[66 66 66 66 66 66 66 67 67 67 67 67 67 67 67 67 67 67 68 68 68 68 68 69
 69 70]","[1914 8351 8352 2687 8350 8349 2691   29 2687 2691  767 2688 8351  771
 8350 4205 1913 4206   29 2691 1913 8350 8351 8350 8351 8351]"
1972,[66 66 66 67 67 67 68],[ 2521 10120 10121  5659 10120 10121  5659]
1973,[66 66 66 66 67 67 67],[ 2531  5685 10149  5686  2531  5684 10149]
1974,[66 66 67 67],[2862 2863 2862 2863]
1975,[66 67 67 67 68 68 68],[2970 1050 2970 2972  104 2972 1050]
1976,[66],[3017]
1977,[66 67],[3544 3544]
1978,[66],[4000]
1979,[66 66 67 67 67 67 68 68 69 69 69 69 70 70 70 70 70 70 70 71 71 71 71],"[4114 8235  891 4114 8234 8235 8233 8235 4114 8235  382 6213  382 4113
  891 4114 6213 8234 8235  382  891 4114 8234]"
1980,[66],[4177]
1981,[66],[4182]
1982,[66 67],[4259 4259]
1983,[66],[5263]
1984,"[66 66 67 67 67 67 67 67 67 67 67 67 67 68 68 68 68 68 68 68 68 68 68 68
 68 68 68 68 68 68 68 68 68 68 68 68 68 69 69 69 69 69 69 69 69 69 69 69
 69 69 69 69 69 69 69 69 69 69 69 69 69 69 69 69 69 69 69 69 69 69 69 69
 69 69 69 70 70 70]","[5418 9833 2426 5418 5419 5420 9833 9834 9835 9836  690 2610 9593    7
 2609 2611 9593 9755  689 2610 9836 5847 5849 9835 5420 5848 9834  690
 2426 5419 3506 7406 9833 5418 5417 2425 9832    7 2609 2611 9755  689
 2610 9836 2399 5847 5849 9835 5420  209 5848 9834 2426 5419 3504 3506
 9831 7406 9833 5418  587 5417 1527 3505 9830 1529 2425 9832 9749 7403
 1528 8594 8595 8596 8599 2425 5418 5420]"
1985,[66],[5588]
1986,[66],[6230]
1987,[66],[6392]
1988,[66],[7428]
1989,[66],[7557]
1990,[66],[8286]
1991,[66],[8455]
1992,[66],[8558]
1993,[66 67],[8886 8886]
1994,[66],[8906]
1995,[66],[9186]
1996,"[66 67 67 67 68 68 68 68 68 69 69 69 69 69 69 69 69 69 69 69 69 69 69 69
 69 70 70 70 70 70]","[9974 2473 9974 9973 2473 5536 5537 9974 9973  612 5535 5537 7065 7066
 2472 5536 2473 9976 1365 7067 1366 9972 9973 9974 2745 2472 5535 9972
 9974 9976]"
1997,[66 67],[10702 10702]
1998,[66 66 66 66 66 66 67 67 67 67 67 67 67 67 67 67 67 67 67 67 67 67],"[11449 13369 13370 17025 13371 11451 10370 13365 13367 13369 13371 17956
 11445 13366 17955 11447 13368 11449 13370 11451 17015 17017]"
1999,[66 66 67 67 67],[11518 13437 11518 13437 19900]
2000,[66],[11625]
2001,[66 66 67],[11799 17713 17713]
2002,[66],[11872]
2003,[66],[11958]
2004,[66],[12139]
2005,[66 66 67],[13420 17116 17116]
2006,[66],[13626]
2007,[66 67 67 67],[13926 11875 13925 13926]
2008,[66 67 68 69 70],[14311 14311 14311 14311 14311]
2009,[66],[14610]
2010,[66],[14703]
2011,[66 66],[14775 14777]
2012,[66 67 67],[15157 12462 15157]
2013,"[66 66 66 66 67 67 67 67 67 67 67 68 68 68 68 68 69 69 69 69 69 69 69 69
 69 69 69 69 69 69 69 69 70 70 70 70 70 70 70 70 70 70 70 70 70 70 70 70
 70 70 70 70 70 71 71 71 71 71 71 71 71 71 71 71 71 71 71 71 71 71 71 71
 71 72 72 72 72 72 72 72 72 72 72 72 72 72 72 72 72 72 72 72 73 73 73 73
 73 73 73 73 73 73 73 73 73 73 73 73 73 74 74 74 74 74 74 74 74 74 74 74
 74 74 74]","[15299 19639 15301 15302 12521 15301 15302 19640 19639 15299 15297 12518
 15295 19631 15297 12521 10787 15295 15297 15299 12518 15294 19639 19631
 19640 12517 19629 19628 19627 13364 18556 18557 10305 13364 18548 18557
 11444 19627 18556 19628 14418 12517 19629 19631 12518 15294 15295 15296
 10787 15297 15299 19639 15301 10305 13364 18557 19627 18556 19628 12517
 19629 19631 12518 15294 15295 15296 10787 15297 15299 12520 19639 19640
 15301 10305 13364 19627 19628 12517 19629 19631 12518 15294 15295 15296
 10787 15297 15299 17020 12520 19639 19640 15301 10305 13364 18557 19627
 19628 12517 19629 19631 12518 15294 15295 10787 15297 15299 19639 15301
 19640 10787 15295 15297 15299 12518 15294 19639 19631 15301 12517 19629
 19628 19627 13364]"
2014,[66 67 68],[15333 15333 15333]
2015,[66 66 66],[16461 16463 17523]
2016,[66],[16466]
2017,[66 66 67 67],[16934 17891 16934 17891]
2018,[66],[17040]
2019,[66],[18020]
2020,[66],[18077]
2021,[66],[19903]
2022,[67 68 68 68 68 68 68 68 68 69 69],[   41    41  2759 10107 10134   839  2760 10135   841 10107 10134]
2023,[67 67 67],[ 307 3802 8884]
2024,[67 68],[334 334]
2025,"[67 67 67 67 67 68 68 68 68 68 68 68 68 68 69 69 69 69 69 69 69 69 70 70
 70 70]","[ 461 6429 1013 4475 4476  461 4470 4474 6429 8689 1013 4476 4475 2039
  461 4474 6429 8689 1013 4476 4475 2039 1013 4475 4476 8689]"
2026,[67 67 67 67 67 68 68 68 68 68 68 68 68 69 69 69 69 70 71 71 71 71],"[ 760 5976 5978 1885 4183  760 5976 8322 8323 4183 4139 4140 1885  280
 5976  760 4183  760  760 8322 8323 8321]"
2027,[67 68 68 69],[1029 1029 6457 1029]
2028,[67 67],[1030 2950]
2029,[67],[1198]
2030,[67],[1365]
2031,[67 67 67 67 68 68 68 68 68 69],[ 1379  7089  7088  3299  1380  3299 10046  7090  7088  1380]
2032,[67 67 68 68],[1465 7260 1465 7260]
2033,[67 67],[1467 3405]
2034,[67 68 68 69],[1932 1932 8401 8401]
2035,[67],[2194]
2036,[67],[2305]
2037,[67],[2684]
2038,[67],[2956]
2039,[67 67],[3326 7990]
2040,[67],[3958]
2041,[67 67],[4001 8092]
2042,[67 68 69 69 70 70 70 71 71 71 72 72 72 73 74 75],"[4373 4373  444 4373  444 4371 4373  444 4371 4373 4371 4372 4373 4372
 4372 4372]"
2043,[67],[4379]
2044,[67],[4440]
2045,[67],[4518]
2046,[67 68 68],[4528  471 4528]
2047,[67 68 69 69 70 71 71 72],[4728 4728 1096 4728 1096 1096 4728 1096]
2048,[67 68],[4741 4741]
2049,[67 68 69 69 70 70 71 71],[5085 5085 5085 5086 5085 9432 9431 9432]
2050,[67],[5397]
2051,[67 67 67 67 67 68 68 68 68 68 68 68 68 69 69 69 69 69 69 69 69 69],"[5508 5509 6361 6362 6363 5508 5509 9941 9939 9942 6363 6362 6361 5508
 5509 7051 9941 9939 9942 6363 6362 6361]"
2052,[67],[5518]
2053,[67],[5679]
2054,[67 68 68],[6267  408 6267]
2055,[67 67 68],[6840 6841 6840]
2056,[67],[7711]
2057,[67],[8238]
2058,[67],[8567]
2059,[67],[8896]
2060,[67],[9054]
2061,[67],[9352]
2062,[67],[9475]
2063,[67 68 69 70 70 70],[9673 9673 9673  686 2606 9673]
2064,[67],[9961]
2065,[67 68 68 68 68 68],[9990  153 9981 9990 9989 2478]
2066,[67],[10128]
2067,[67],[11452]
2068,[67 67],[11520 17150]
2069,[67 67],[11901 17952]
2070,[67 68],[12808 12808]
2071,[67],[12909]
2072,[67 67 68 68 69 69 69 69 69 69 69 69],[13996 13997 13996 13997 11476 13396 13397 13394 17996 13997 13996 13994]
2073,[67 68],[14055 14055]
2074,[67 68],[14589 14589]
2075,[67 67 67 67 68 68 68 69],[14608 14609 14612 18801 14608 14610 18801 14608]
2076,[67],[15575]
2077,[67],[15904]
2078,[67],[16049]
2079,[67 68],[16366 16366]
2080,[67],[16452]
2081,[67],[16462]
2082,[67 67],[16563 19937]
2083,[67],[17039]
2084,[67 68],[17110 17110]
2085,[67],[17216]
2086,[67],[17506]
2087,[67 68],[18289 18289]
2088,[67],[18656]
2089,[67],[19338]
2090,[67],[19729]
2091,[67],[20333]
2092,[68 68 68 69 69 69 69 70 70 70 70 70 71 71 71 71 71],"[1012 2933 1014 1012 2933 1014 6554 1012 2933 1014 3001 6554 1012 2933
 6427 1014 6554]"
2093,[68],[1036]
2094,[68 68 68 69],[1353 3273 7924 3273]
2095,[68],[1358]
2096,[68 69],[1782 1782]
2097,[68],[2009]
2098,[68 68 69],[2060 8750 8750]
2099,[68],[2062]
2100,[68],[2163]
2101,[68],[2306]
2102,[68 68 68 68 69 69],[2464 5514 5515 7053 5514 9946]
2103,[68],[2654]
2104,[68],[2949]
2105,[68],[3310]
2106,[68],[3389]
2107,[68],[3514]
2108,[68 69],[3789 3789]
2109,[68 69],[3926 3926]
2110,[68],[4002]
2111,[68 69 69 70 71],[4170  183 4170  183  183]
2112,[68],[4732]
2113,[68],[4739]
2114,[68 68 68],[5146 9507 9508]
2115,[68 69],[5196 5196]
2116,[68],[5520]
2117,[68],[5581]
2118,[68 69 69 69 70 70 70 71 71 71 72],[6208  889 6207 6208  889 6207 6208  889 6207 6208 6208]
2119,[68],[6249]
2120,[68],[6758]
2121,[68],[7068]
2122,[68],[7710]
2123,[68],[7725]
2124,[68],[8459]
2125,[68 69 70 70 71 71],[8562 8562 8562 8563 8562 8563]
2126,[68 69],[9651 9651]
2127,[68 69 69],[9933 9932 9933]
2128,[68],[10041]
2129,[68],[10300]
2130,[68 68],[10681 18780]
2131,[68 69 70 70],[11873 11873 11873 17887]
2132,[68 69],[12239 12239]
2133,[68],[12566]
2134,[68],[12814]
2135,[68 68],[12950 12951]
2136,[68 68 69],[13784 18972 13784]
2137,[68],[14038]
2138,[68 69],[14611 14611]
2139,[68],[14722]
2140,[68 68],[14775 14777]
2141,[68],[14853]
2142,[68],[16120]
2143,[68],[16197]
2144,[68],[17074]
2145,[68],[18454]
2146,[68],[20334]
2147,[69 69 70 71],[1001 6407 6407 6407]
2148,[69],[1550]
2149,"[69 69 69 69 69 70 70 70 70 70 71 71 71 71 71 72 72 72 72 73 73 73 73 73
 73 74]","[1710 7830 7832 8430 8429 1710 7830 7832 8430 8429 1710 7830 7832 7831
 8429 7830 7832 8429 8430 1711 7832 7830 8430 1943 8431 7832]"
2150,[69 69 69],[2008 4403 8603]
2151,[69],[2146]
2152,[69],[2148]
2153,"[69 70 70 71 71 70 71 72 72 72 72 72 72 72 72 72 72 72 73 73 74 74 74 74
 74 75 75 75 75 76 76 76]","[2269 2269 5033 5033 9367 9373 9373 1914 4205 4206 8351 8352 9373 8350
 9372 9369 2269 5033 1914 9372 1914 4205 8351 8352 8350   29 2691 8352
 8351   29 2691 8351]"
2154,[69],[3015]
2155,[69],[3212]
2156,[69],[3408]
2157,[69],[3513]
2158,[69 69 70 70 70 70 70 70 70 70 70 70 71 71],[3653 8232  258 3653 5936 1616 3654 7612 1618 7611 7614  259 1618 3653]
2159,[69],[4081]
2160,[69 69],[4102 8227]
2161,[69],[4204]
2162,[69],[4848]
2163,[69],[5397]
2164,[69],[6229]
2165,[69],[6439]
2166,[69],[7208]
2167,[69 70],[7267 7267]
2168,[69],[7557]
2169,[69],[7705]
2170,[69],[8286]
2171,[69],[9954]
2172,[69],[10117]
2173,"[69 69 69 69 69 69 69 69 69 69 69 69 69 69 69 69 69 69 69 69 69 69 69 69
 69 69 69 70 70 70 70 70 70 70 70 70 70 71 71 71 71 72 72 72 73 73 73 73
 73 73 73 73 73 73 73 73 73 74 74 74]","[10370 13365 13367 13369 13371 17956 17957 11445 13366 17955 11447 13368
 11449 13370 17015 17017 17954 17018 13968 10523 17016 17953 11901 17950
 17952 13966 11900 10370 13365 13367 13369 13371 17956 13366 11447 13368
 11449 11449 13370 17025 11451 11451 13370 13371 10370 13365 13367 13369
 13371 17956 11445 13366 17955 13368 11449 17954 13968 10370 13367 13369]"
2174,[69],[10486]
2175,[69],[11011]
2176,[69],[11222]
2177,[69 69 69 70 70 70 70 70 70 71 71 71 71 71 72 72 72 72 72],"[11361 13279 15043 11361 13281 19329 19330 13279 15043 11361 13281 19329
 13279 15043 11361 13280 13281 19329 15043]"
2178,[69 69 69 70],[11872 15155 17885 17885]
2179,[69],[11954]
2180,[69 70 71],[12599 12599 12599]
2181,[69],[12757]
2182,[69],[12952]
2183,[69 70 70 70 70 70],[13925 11875 13925 13926 16196 16197]
2184,[69],[15329]
2185,[69 69],[15367 15368]
2186,[69],[15391]
2187,[69 69 70],[16275 16276 16275]
2188,[69],[16353]
2189,[69 70 70 70 70 70 70 70 71 71 71 71 71 71 72 72 72 72 72 72],"[16462 11138 16462 16463 16464 18495 16461 17523 16461 16462 16463 17523
 16464 16465 11138 16462 16463 16464 16465 16466]"
2190,[69],[16795]
2191,[69 70 70],[17891 16934 17891]
2192,[69 70],[18121 18121]
2193,[69 70 71],[18236 18236 18236]
2194,[69 69],[18624 18625]
2195,[69],[18808]
2196,[69],[18811]
2197,[69],[19255]
2198,[70 70 70 70 70],[ 153 9990 2478 9989 5549]
2199,[70 71 72 72 72],[ 334  334  334 5523 7929]
2200,[70],[654]
2201,[70 71],[688 688]
2202,[70],[890]
2203,[70 70 71 71],[ 919 6265  919 6265]
2204,[70],[1008]
2205,[70],[1253]
2206,[70],[1465]
2207,[70],[1542]
2208,[70],[1913]
2209,"[70 70 71 71 72 72 72 72 72 72 72 72 73 73 73 73 73 73 73 73 74 74 74 74
 74 74 75 75 75 75 75]","[ 1992  8559  1992  8559  8559  1991  5650  8556  8557 10108  2518  8558
  1992  4367  4368  8558  8559  8556  5649  5650  1992  4368  8558  5650
  8555  8556  4368  5649  5650  8558  8555]"
2210,[70 70 71 71],[2222 4920 2222 4920]
2211,[70 71],[2922 2922]
2212,[70],[3053]
2213,[70 70 70 71 71],[3285 3286 3287  152 3287]
2214,[70],[3931]
2215,[70],[4202]
2216,[70],[4470]
2217,[70],[4521]
2218,[70 70 71 71],[5516 5517 5516 5517]
2219,[70],[6522]
2220,[70],[6901]
2221,[70 70],[7091 7092]
2222,[70],[7710]
2223,[70],[8229]
2224,[70],[9202]
2225,[70],[9706]
2226,[70 71 71 71 71 71 72 72 72],[9959 2468 5525 5526 9959 9958 5525 9959 9960]
2227,[70],[10553]
2228,[70],[10825]
2229,[70],[11140]
2230,[70 70],[11297 16747]
2231,[70 70],[11981 18141]
2232,[70 70],[12003 20251]
2233,[70 70],[12106 15080]
2234,[70],[12264]
2235,[70],[12353]
2236,[70],[12998]
2237,[70 71 72 73],[13443 13443 13443 13443]
2238,[70],[13628]
2239,[70 71 71 72 73],[13980 11007 13980 13980 13980]
2240,[70 70],[14013 18018]
2241,[70],[14053]
2242,[70],[14509]
2243,[70],[14610]
2244,[70 71 72],[14613 14613 14613]
2245,[70 70],[15156 15157]
2246,[70],[15333]
2247,[70 70 71],[15350 19701 19701]
2248,[70],[15548]
2249,[70 71 71 71 71 71 72 72 72 72],[16087 10929 13741 16087 13743 13744 10929 16087 13743 13744]
2250,[70],[16255]
2251,[70],[16278]
2252,[70 70 71 71 72 72 72 72 72],[16695 18978 16695 18978 10466 14755 16695 17701 18978]
2253,[70],[17152]
2254,[70],[17258]
2255,[70 71 72],[17506 17506 17506]
2256,[70],[17880]
2257,[70],[18273]
2258,[70],[19084]
2259,[71 72 72 72 73 73 73 73 73 74 74 74 74 74 75 75 75],"[  88   88 2899 7400   88 2899 7400  979 1526   88 2899 7400  979 1526
 2899 7399 3502]"
2260,[71 72],[217 217]
2261,[71 71 71 71 71 71 72 72 72 72 72 72 72 73 73 73 74 74],"[ 232 3568 3574 5888 5889 5887  232 3568 3574 5888 5889 5887  712  712
 5887 3568 3568 5887]"
2262,[71],[242]
2263,[71],[1458]
2264,[71],[1566]
2265,[71 71 71 72 72 72 72 72],[1610 3643 3644 1610 3643 3644 9000 2144]
2266,[71 71 71 71 71 71 72 72 72 72 72 72 72],[2061 4526 8752 8753 8755 8751 1894 8751 8752 4526 2061 8753 8755]
2267,[71 71],[2113 8905]
2268,[71],[2125]
2269,[71 72 72 73],[2383 2383 9706 2383]
2270,[71 72 73 74],[2614 2614 2614 2614]
2271,[71 72],[2836 2836]
2272,[71 72],[3009 3009]
2273,[71 71],[3116 6762]
2274,[71],[3364]
2275,[71],[3713]
2276,[71],[4109]
2277,[71],[4116]
2278,[71 71 71 72 72],[4184 4227 4228 1924 4228]
2279,[71],[4263]
2280,[71],[5171]
2281,[71],[5565]
2282,[71 72],[6017 6017]
2283,[71 71],[6167 6168]
2284,[71],[6393]
2285,[71],[6445]
2286,[71 71 71 72],[6500 6502 6503 6502]
2287,[71 72 72],[7068 3286 7068]
2288,[71],[7810]
2289,[71],[8186]
2290,[71],[8317]
2291,[71 71 72 72 72],[8694 8941 2040 4479 8694]
2292,[71 72],[9193 9193]
2293,[71],[10508]
2294,[71 72],[10554 10554]
2295,[71 71],[10581 15810]
2296,[71 71 71 71 71 71 71 72 72],[10878 15954 15956 15958 17416 20451 20454 15954 15956]
2297,[71 71],[11078 16354]
2298,[71],[11106]
2299,[71 71],[11129 16446]
2300,[71 72 72],[11708 11708 13645]
2301,[71 71],[11944 18054]
2302,[71],[12086]
2303,[71 71 72 72],[12380 19225 12380 19225]
2304,[71 72],[12622 12622]
2305,[71 71 71 71 71 72],[12782 15950 20417 12783 20422 12782]
2306,[71],[12863]
2307,[71],[13120]
2308,[71],[13784]
2309,[71 71 71 72 72 73 73 73 73],[13795 13797 13798 13795 16120 10454 13795 13797 13798]
2310,[71],[13913]
2311,[71 71],[14472 14473]
2312,[71 72],[14538 14538]
2313,[71],[14878]
2314,[71 72],[15331 15331]
2315,[71 72],[15354 15354]
2316,[71],[15361]
2317,[71],[15547]
2318,[71 72 72],[15570 10826 15570]
2319,[71],[16133]
2320,[71],[16268]
2321,[71],[16802]
2322,[71],[16852]
2323,[71 72],[17112 17112]
2324,[71],[17892]
2325,[71],[18142]
2326,[71 71],[18963 18964]
2327,[71 72],[19094 19094]
2328,[71 71],[19593 19596]
2329,[71 72],[19689 19689]
2330,[71 72 73],[19715 19715 19715]
2331,[71 72 73 74],[19723 19723 19723 19723]
2332,[71 71],[20252 20253]
2333,[71 72 72 73],[20332 15877 20332 15877]
2334,[72 73 73 73 73 73 74 74 74 75 75 75 75 75 76 76 77 77 77 78],"[ 258  258 3653 1616 3654 1618 1616 3653 8231 1616 3653 3654 8231 8232
 1616 8231 1616 8231 8232 8232]"
2335,[72 72 72 73],[ 293 7760 7763  293]
2336,[72 73 74 74],[1465 1465 1465 7259]
2337,[72 72 73],[1532 3512 3512]
2338,[72 72 73 73 73],[1576 7515 1062 7515 1576]
2339,[72 72 72],[1652 7694 7695]
2340,[72],[1702]
2341,[72 72 72 73 73],[2426 5418 5419 2426 5418]
2342,[72 72 73 73 73 73],[ 2482  5559  2482  5559 10004  2483]
2343,[72],[2582]
2344,[72],[2813]
2345,[72],[3898]
2346,[72 72 73 73 73],[4044 4046 4044 4045 4046]
2347,[72],[4122]
2348,[72],[4225]
2349,[72],[4412]
2350,[72],[4739]
2351,[72],[5234]
2352,[72 73],[6377 6377]
2353,[72],[6865]
2354,[72 73 73 74 74],[6914 6913 6914 6913 6914]
2355,[72],[7396]
2356,[72],[8044]
2357,[72],[8970]
2358,[72],[9365]
2359,[72],[9655]
2360,[72],[10471]
2361,[72 72 72],[11394 13314 13315]
2362,[72 72 73 73 73 73 73 73 73 74 74 75 76],"[11527 18070 11527 17163 17165 18069 18070 14050 11951 11527 17165 17165
 17165]"
2363,[72 72],[11858 17854]
2364,[72],[11949]
2365,[72 72 72 72 73 73 73 73 73 73 73 73],[11965 14074 18702 12197 11965 14074 18701 18702 12196 18704 18703 12197]
2366,"[72 72 73 73 74 74 74 74 75 76 76 76 77 77 77 77 78 78 78 78 79 79 79 79
 80 80 80 81 81 82]","[11981 18139 11981 18139 11981 14099 18139 18142 18142 17258 18142 11981
 11981 18141 18142 17258 11981 14099 17258 18142 11981 14099 17258 18142
 14099 17258 18142 14099 18142 18142]"
2367,[72],[13259]
2368,[72],[13688]
2369,[72],[13708]
2370,[72 73],[13769 13769]
2371,[72],[14857]
2372,[72],[15080]
2373,[72],[15543]
2374,[72 72 73],[16274 16275 16274]
2375,[72 72],[16920 16921]
2376,[72],[17597]
2377,[72],[18076]
2378,[72 73],[18104 18104]
2379,[72],[18500]
2380,[72],[20254]
2381,[72 73 73 74 74],[20423 15952 20423 15952 20423]
2382,[73 73 73 73],[   4 8613 8614 2012]
2383,"[123 123 123 124 124 124 124 125 125 125 125 125 125 126 126 126 126 126
 126 126 127 127 127 127 128 128 128 129]","[ 444 4371 4373  444 4371 4373 8563  444 4371 4373 4372 8562 8563  444
 4371 4373 1404 7134 8562 8563  444 4371 4373 8563  444 4371 4373 4371]"
2384,[73 73 74 74 74 74 74 75 75 75 75 75 75 76 76 77 77],"[ 259 2194  259 4848 7614 2194 9142  259 4848 7614 2194 4847 9142 2194
 7614 2194 7614]"
2385,[73],[404]
2386,"[73 73 74 74 74 74 74 74 75 75 75 75 75 74 74 75 75 76 76 76 76 76 76 76
 77 77 77 77 77 78 78 78 78 78 78 78 79 79 79 79 79 79 79 79 80 80 80 80
 80 80 80 80 80 80 80 80 81 81 81 81 81 81 81 81 81 81 81 81 82 82 82 82
 82 82 81 81 81 81 81 81 82 82 82 82 82 82 82 82 82 82 82 82 82 82 82 82
 82 83 83 83 83 83 83 83 83 83 83 83 83 83 83 83 83 83 83 83 83 83 83 83
 83 84 84]","[ 891 6212  891 4113 4114 8234 8235 4110  891 6213 8234 4112 4110  890
 6210  890 6210  890 6210 6212 6211 6213 8234 1871  890 6210 6212 6211
 8234  891 6211 6213 4112 2811 4110 1870  890 2811 6210 1871 4112 8234
 4110 8231  891 8234 1871 4111 8231 1616 2811  888 2809 6208 6209 4108
  390 4108 6211 4109 6212 1870  890 2811 4111 8231 6209 6208  889 6207
 6208 6209 8225  890 1133 3053 8220 3055 1617 7612 1133 3053 8219 8220
 3055 8221 1867 7611 8229 4102 7612 1870 4109 8227 8231 4108 6211  889
 4106 6207 6208 6209 8225 4108 6210 6206  890 4109 4110 6211 6212 2811
 1870  891 8234 8231 1616 3053 3055 8220 7611 4109 6208]"
2387,[73],[910]
2388,[79],[1651]
2389,[73 74],[1852 1852]
2390,[73 73 73 73],[1920 8365 6272 4210]
2391,[73 73],[2145 9003]
2392,[73 74],[2352 2352]
2393,[73 73],[2370 9667]
2394,[73],[2576]
2395,[73],[2687]
2396,[73 73 74 74 74 75 75 76 76],[4198 4199 1910 4197 4199 4197 4199 4197 4199]
2397,[73],[4475]
2398,[73],[5031]
2399,[73 73],[5236 9616]
2400,[73 73],[5853 5854]
2401,[73 74 74 75],[6080 6080 6081 6080]
2402,[73 74],[6263 6263]
2403,[73],[7309]
2404,[73],[7430]
2405,[73 74 74],[8300 8300 8302]
2406,[73 74 75 75 76],[8337 8337 8337 8339 8339]
2407,[73],[8689]
2408,[73 74 74],[9658 1276 9658]
2409,[73 73 73 73],[10558 20031 20030 15623]
2410,[73 74],[11366 11366]
2411,[73],[11556]
2412,"[73 73 73 73 73 74 74 74 74 74 74 75 75 75 75 75 76 76 76 76 76 77 77 77
 77 77 78]","[12234 14609 14610 18801 14608 10684 14608 14610 14609 12234 18801 10684
 14608 14610 19893 18802 14608 14610 18801 14612 18802 12235 14612 18801
 14610 14608 14608]"
2413,[73],[12235]
2414,[73],[12625]
2415,[73],[12814]
2416,[73 73 74 75 75 75 76],[13644 13646 13646 10416 13646 19189 13646]
2417,[73],[13997]
2418,[73],[14167]
2419,[73 73],[14186 14187]
2420,[73 74 75],[14311 14311 14311]
2421,[73],[14512]
2422,[73],[14615]
2423,[73],[14957]
2424,[73],[14974]
2425,[73],[14980]
2426,[73],[14983]
2427,[73],[15396]
2428,[73],[15547]
2429,[73],[15904]
2430,[73],[16049]
2431,[73],[16283]
2432,[73],[16803]
2433,[73],[17837]
2434,[73 74],[17839 17839]
2435,[73],[17891]
2436,[73],[18075]
2437,[73],[18433]
2438,[73],[18491]
2439,[73],[18815]
2440,[73 73],[19110 19111]
2441,[73],[19247]
2442,[73],[19919]
2443,[74],[53]
2444,[74],[62]
2445,[74 74],[ 183 6246]
2446,[74],[656]
2447,[74 74 74 74 74 74 75 75 75 75 75 75],[ 728 5918 7572 3624 1599 3623  728 5918 7572 3624 1599 3623]
2448,[74 75],[782 782]
2449,[74],[1052]
2450,[74],[1404]
2451,[74],[1761]
2452,[74 75],[1762 1762]
2453,[74 74 74 74 74 74 74 74],[1894 8752 2061 8753 8755 2062 8757 8758]
2454,[74],[2268]
2455,[74],[2277]
2456,[74 74],[3190 7807]
2457,[74],[3514]
2458,[74],[3716]
2459,[74],[3893]
2460,[74],[3975]
2461,[74],[4121]
2462,[74],[4164]
2463,[74],[4435]
2464,[74],[4631]
2465,[74],[4651]
2466,[74],[5025]
2467,[74],[6189]
2468,[74],[6216]
2469,[74],[6714]
2470,[74 75 76],[7694 7694 7694]
2471,[74],[8050]
2472,[74 75],[8147 8147]
2473,[74],[8366]
2474,[74],[9369]
2475,[74],[9402]
2476,[74],[9484]
2477,[74],[10002]
2478,[74],[10255]
2479,[74 75],[10704 10704]
2480,[74],[10816]
2481,[74 75],[11175 11175]
2482,[74],[11246]
2483,[74 74 74 74 74 74 74 75 75 75 75 75 75 75 76 76 76 76],"[11394 13313 13314 16922 16920 16921 17880 11394 13313 13314 13316 16920
 16921 17880 11394 13314 16920 16921]"
2484,[74],[11830]
2485,[74],[11861]
2486,[74 74 75 75 76],[12456 19448 12456 19448 19448]
2487,[74],[12817]
2488,[74],[12953]
2489,[74 75 75],[13436 11516 13436]
2490,[74 74 74 75 75 76 77 77],[13558 13560 20332 13558 13560 13558 13558 13560]
2491,[74 75 76],[14015 14015 14015]
2492,[74],[15493]
2493,[74 75 76 76 76],[15954 15954 10878 15954 15956]
2494,[74 75 75 76],[16029 10897 16029 10897]
2495,[74 75],[16428 16428]
2496,[74],[16463]
2497,[74 75 75 76 76 76 77 77 78],[16673 16672 16673 16671 16672 16673 16672 16673 16673]
2498,[74],[16870]
2499,[74],[17176]
2500,[74],[18046]
2501,[74],[18231]
2502,[76],[16274]
2503,[74 74],[19193 19194]
2504,[75],[1217]
2505,[75 75 76 76],[1576 7515 1576 7515]
2506,[75 75],[2276 5053]
2507,[75],[2291]
2508,[75 76],[2309 2309]
2509,[75],[3173]
2510,[75],[3211]
2511,[75],[4202]
2512,[75],[4206]
2513,[75],[4727]
2514,[75 76],[5566 5566]
2515,[75],[5577]
2516,[75],[5894]
2517,[75 76 76],[7081 7081 7082]
2518,[75],[7391]
2519,[75],[7414]
2520,[75 75],[7779 7780]
2521,[75],[8199]
2522,[75],[8756]
2523,[75],[8759]
2524,[75],[9481]
2525,[75 76],[9483 9483]
2526,[75 76 77 78 78 78 78 78 79 79 79 79],[10016 10016 10016  2484  5565 10016  5563  5561  2484  5565 10015 10016]
2527,[75 75],[10353 13284]
2528,[75],[11140]
2529,[75 75 75 76],[11362 16868 16869 16868]
2530,[75 76],[11505 11505]
2531,[75],[11944]
2532,[75 75 76 77],[12017 15877 15877 15877]
2533,[75 75 76 76 76 77 77 78 78 79 79],[12586 15527 12586 15527 19833 12586 15527 15527 19916 15527 19916]
2534,[75 75],[13797 13798]
2535,[75 76],[13909 13909]
2536,[75 76 76 76 76 76 76 77 77 77 77 77 77 77 78 78 78 78 78 79 79 80],"[14167 12021 14167 18231 18233 18815 18814 12021 14167 18231 18233 18816
 18815 12239 12021 14167 18816 12239 18815 14167 18816 18816]"
2537,[75],[14697]
2538,[75],[14973]
2539,"[75 75 76 76 76 77 77 77 78 78 79 79 80 80 81 81 81 82 82 82 83 83 83 84
 84 85 85 86 86 87]","[15331 15333 15331 15333 19689 15331 15333 19689 15331 15333 15331 15333
 15331 15333 15331 15333 19689 15331 15333 19689 15331 15333 19689 15331
 15333 15331 15333 15331 15333 15331]"
2540,[75 75],[15488 15489]
2541,[75 75],[15802 20245]
2542,[75],[17864]
2543,[75],[17883]
2544,[75],[18071]
2545,[75],[19204]
2546,[75],[19828]
2547,[75],[20255]
2548,[76 76 76 76],[  92 2912 7412 1532]
2549,[76],[216]
2550,[76],[408]
2551,[76],[616]
2552,[76],[1288]
2553,[76],[2485]
2554,[76 76],[ 2489 10022]
2555,[76],[3898]
2556,[76],[4186]
2557,[76],[4367]
2558,[76],[4388]
2559,[76],[4631]
2560,[76],[4651]
2561,[76],[5205]
2562,[76 77 78 78 78 78 78 79 79 79 79 79 79 80 80 80 81 81 82 83],"[5887 5887  232 3568 5888 5889 5887  232 3568 3570 5888 5889 5887  232
 5888 5887  232 5888  232  232]"
2563,[76 77],[7725 7725]
2564,[76],[7760]
2565,[76],[8058]
2566,[76],[8328]
2567,[76],[9357]
2568,[76],[9710]
2569,[76],[9712]
2570,[76 76 76 76 76 76],[10248 12848 12850 12849 20242 16086]
2571,[76],[10547]
2572,[76 76 76 76],[11006 16228 11007 13980]
2573,[76],[11925]
2574,[76],[12171]
2575,[76],[13986]
2576,"[76 77 77 78 78 77 78 78 78 78 79 79 79 79 79 79 79 80 80 80 80 80 80 81
 81 81 81 81 81 81 82 82]","[14458 14457 14458 14457 14458 13688 13687 13688 16515 17564 13687 13688
 17563 17561 17564 14457 14458 13687 13688 17563 17561 14457 14458 13687
 13688 17563 17561 14457 14458 14459 13688 14459]"
2577,[76],[15805]
2578,[76],[16065]
2579,[76],[16410]
2580,[76],[17131]
2581,[76],[17152]
2582,[90 90 90 91 91 92 92],[10427 16502 16503 16502 16503 16502 16503]
2583,[76],[17637]
2584,[76],[17935]
2585,[76],[18610]
2586,[76],[19214]
2587,[76],[19248]
2588,[76 77 77 78],[19464 11399 19464 19464]
2589,[77],[54]
2590,[77 77],[ 250 8207]
2591,[77 78 79 80 81 82 82 83 84 85],[ 311  311  311  311  311  311 7834  311  311  311]
2592,[77],[371]
2593,[77],[382]
2594,[77 77 78 78],[ 384 4075  384 4075]
2595,[77],[1032]
2596,[77 77 77 78],[1217 3137 6801 1217]
2597,[77 78],[1275 1275]
2598,[77 78 78 78 79 79 79 80 80 80 81 81 82 82 83 83 84 84],"[2113 2113 8904 8905 2113 8905 8906 2113 8904 8905 2113 8905 2113 8905
 2113 8905 2113 8905]"
2599,[77],[2143]
2600,"[77 77 77 77 78 78 78 78 78 78 78 78 78 78 78 78 78 78 78 78 78 79 79 79
 79 79 79 79 79 79 79 79 79 79 79 79 79 79 79 79 79 79 80 80 80 80 80 80
 80 80 80 80 80 80 80 80 80 80 80 80 80 80 81 81 81 81 81 81 81 81 81 81
 81 81 81 81 81 81 81 81 81 81 81 82 82 82 82 82 82 82 82 82 82 82 82 82
 82 82 82 82 82 82 83 83 83 83 83 83 83 83 83 83 83 83 83 84 84 84 84 84
 84 84 84 84 84 84 85]","[2390 5331 5332 5330  584 5328 5330 5332 5334 6943 6944 6942 5331 2390
 5333 2391 9732 1297 6945 1298 9727  584 5328 5330 5332 5334 6943 6944
 1296 5329 6942 5331 2390 5333 2391 9732 1297 6945 1298 9727 5336 3218
  584 5328 5330 5332 5334 6943 6944 6942 5331 2390 5333 2391 9732 1297
 6945 1298 3216 9727 5336 3218  584 5328 5330 5332 5334 6943 6944 6942
 5331 2390 5333 2391 9732 1297 6945 1298 3216 9727 5336 3217 3218  584
 5328 5330 5332 5334 6943 6944 6942 5331 2390 5333 2391 9732 1297 6945
 1298 9727 5336 3218  584 5328 5330 5332 5334 6943 6944 5331 2390 9732
 1297 6945 1298  584 5330 5332 5334 6943 6944 5331 2390 9732 6945 1298
 5332]"
2601,[77 77 77 78 78],[2650 2651 2652 2650 2651]
2602,[77],[3529]
2603,[77],[3767]
2604,[77 78 78],[5246 5246 5247]
2605,[77],[6909]
2606,[77 77 77],[8567 8569 8570]
2607,[77],[9054]
2608,[77],[9478]
2609,[77 77],[9651 9654]
2610,[77],[10448]
2611,[77],[10704]
2612,"[77 78 78 78 78 78 78 78 78 78 78 78 78 78 78 78 78 79 79 79 79 79 79 79
 79 79 79 79 79 79 79 79 79 79 79 79 79 79 79 80 80 80 80 80 80 80 80 80
 80 80 80 80 80 80 80 80 80 80 80 80 80 80 80 80 81 81 81 81 81 81 81 81
 81 81 81 81 81 81 81 81 81 81 81 81 81 81 81 81 81 81 82 82 82 82 82 82
 82 82 82 82 82 82 82 82 82 82 82 82 82 82 82 82 82 82 83 83 83 83 83 83
 83 83 83 83 83 83 83 83 83 83 84 84 84 84 84 84 84]","[10787 10305 13364 18557 19627 18556 19628 12517 19629 19631 12518 15294
 15295 10787 15297 15299 19639 10305 13364 17947 18548 18557 19627 18556
 19628 14418 12517 19629 19631 12518 15294 15295 15296 10787 15297 15299
 19639 15301 19640 10305 13364 17947 18548 18557 11444 19627 18556 19628
 14418 12517 19629 14417 19631 14415 12518 15294 15295 15296 10787 15297
 15299 19639 15301 19640 10305 13364 17947 18548 18557 11444 19627 18556
 19628 14418 12517 19629 14417 19631 12518 15294 15295 15296 10787 15297
 15299 17020 12520 19639 19640 15301 10305 13364 17947 18557 11444 19627
 18556 19628 14418 12517 19629 14417 19631 12518 15294 15295 10787 15297
 15299 17020 12520 19639 19640 15301 10305 13364 18557 19627 18556 19628
 12517 19629 19631 12518 15294 15295 10787 15297 15299 19639 12518 15295
 19631 15297 15299 13364 19627]"
2613,[77 77],[11128 16446]
2614,[77 77],[11250 16664]
2615,[77],[11297]
2616,"[77 77 77 77 77 77 77 77 77 77 77 78 78 78 78 78 78 78 78 78 78 78 78 78
 78 78 78 79 79 79 79 79 79 79 79 79 79 79 79 79 79 79 79 79 79 79 79 80
 80 80 80 80 80 80 80 80 80 80 80 80 80 80 80 80 80 80 80 80 81 81 81 81
 81 81 81 81 81 81 81 81 81 81 81 81 81 81 81 82 82 82 82 82 82 82 82 82
 82 82 82 82 82 82 82 82 82 83 83 83 83 83 83 83 83 83 83 83 83 83 83 83
 84 84 84 84 84 84 84 84 84 84 84 84 84 84 84 84]","[11440 15278 17006 17008 19612 15276 11441 13360 17009 12511 19610 11440
 15277 15278 17006 17007 17008 19612 15279 17009 15276 13360 11441 12511
 15275 13361 19610 10785 15277 15279 17009 11440 15278 17008 11441 17006
 17007 19612 19613 13360 13361 15276 12511 19611 13359 15275 19610 10785
 15277 15279 17009 11440 15278 17008 11441 17006 17007 19612 19613 13360
 13361 15276 12511 19611 13359 15275 19610 19609 10785 15277 15279 17009
 11440 15278 17008 11441 17006 17007 19612 19613 13360 13361 15276 12511
 19611 15275 19610 11440 15277 15278 17006 17007 17008 19612 15279 17009
 19613 15276 13360 11441 12511 19611 15275 13361 19610 11440 15277 15278
 17006 17007 17008 19612 17009 15276 13360 11441 12511 15275 13361 19610
 11440 15277 15278 17006 17007 17008 19612 15279 17009 15276 13360 11441
 12511 15275 13361 19610]"
2617,[77],[11527]
2618,[77],[12943]
2619,[77 77],[13049 17506]
2620,[77],[13140]
2621,[77 77 77 78 78 78 78 79 79 79 79 79 79],"[13626 13638 17493 11115 17493 13638 13626 11115 13035 17493 11697 13638
 13626]"
2622,[77],[13647]
2623,[77],[13655]
2624,[77 77 77],[14049 14050 14051]
2625,[77],[17883]
2626,[77 78 78],[18454 12106 18454]
2627,[77],[18459]
2628,[77],[19145]
2629,[77],[19342]
2630,[77],[19344]
2631,[78],[218]
2632,"[78 78 78 78 78 78 78 78 78 78 78 79 79 79 79 79 79 79 79 79 79 79 79 79
 79 79 79 79 79 79 79 79 79 79 79 79 79 79 79 79 79 79 80 80 80 80 80 80
 80 80 80 80 80 80 80 80 80 80 80 80 80 80 80 80 80 80 80 80 80 80 80 80
 80 80 80 80 80 81 81 81 81 81 81 81 81 81 81 81 81 81 81 81 81 81 81 81
 81 81 81 81 81 81 81 81 81 81 81 81 81 81 81 81 81 81 81 81 81 81 81 82
 82 82 82 82 82 82 82 82 82 82 82 82 82 82 82 82 82 82 82 82 82 82 82 82
 82 82 82 82 82 82 82 83]","[ 318 5387 6975 7868 7869 1726 3838 7870 3837 1727 3839  318 5385 5387
 6975 6976 7865 7868 1724 5386 7864 2413 1315 7869 1725 7867 1726 7862
 7863 9793 9794 7870 3838 3836 3837 3234 1314 1727 7871 3839 3840 7873
  318 5385 5387 6975 6976 7865 7868 1724 5386 7864 2413 1315 7869 1725
 7867 1726 7862 7863 9793 9794 7870 3838 3836 3837 3234 1314 6974 1727
 7871 3839 3232 3233 6973 3840 7873  318 5385 5387 6975 6976 7865 7868
 1724 5386 7864 2413 1315 7869 1725 7867 1726 7862 7863 9793 9794 7870
 3838 7866 3836 3837 3234 1314 6974 1727 7871 3839  319 3232 3233 6973
 3840 3841 1312 6972 1313 6970 6971  318 5385 5387 6975 6976 7865 7868
 1724 5386 7864 2413 1315 7869 1725 7867 1726 7862 7863 9793 9794 7870
 3838 3836 3837 3234 1314 1727 7871 3839  319 3840 3841 3234]"
2633,"[78 78 78 78 78 78 78 78 78 78 78 78 79 79 79 79 79 79 79 79 79 79 79 79
 79 79 79 79 79 79 79 80 80 80 80 80 80 80 80 80 80 80 80 80 80 80 80 80
 80 80 80 80 80 80 81 81 81 81 81 81 81 81 81 81 81 81 81 81 81 81 81 81
 81 81 81 82 82 82 82 82 82 82 82 82 82 82 82 82 82 82 82 82 82 82 83 83
 83 83 83 83 83 83 83 83 83 83 83 84 84 84 84 84 84 84 84 84 84]","[ 797 2717 2718 6043 2719  799 8463 2720 6049 8460 6050 3842  317 6043
 8460 8463  797 6045 8464 8459 2717 2718 4290 2719  799 1953 2720 6049
 6050 3842 3844  317 6043 8460 8463  797 6045 8464 8459 2717 2718 4290
 8458 2719  799 1953 2720 6049 4288 8456 6050 8455 3842 3844  317 6043
 8460 8463  797 6045 8464 8459 2717 2718 4290 2719  799 1953 2720 6049
 8456 6050 8455 3842 3844  317 6043 8460 8463  797 6045 8464 8459 2717
 2718 4290 2719  799 1953 2720 6049 6050 3842 3844  317 6043 8460 8463
  797 8459 2717 2718 2719  799 2720 6049 6050  797 2717 2718 6043 2719
  799 2720 4290 8459 8460]"
2634,[78 78 78],[1112 3031 6609]
2635,[78 79 80 80 81],[1254 1254 1254 6866 1254]
2636,[78 78],[1277 3197]
2637,[78],[1280]
2638,[79 79 79 79 80 80 80 81 81 81],[1463 7255 3398 7252 7252 7254 7255 7252 7254 7255]
2639,[78 78 78],[1525 3500 7397]
2640,[78 78 79 79],[1857 8194 1857 8194]
2641,[78],[2371]
2642,[78 79 80 81],[2798 2798 2798 2798]
2643,[78],[2809]
2644,[78 78 78 79 79 79 80 80 80 81 81 81 79 80 81 82 82 82 82 82 82 83],"[4198 4199 8342 4198 4199 8342 1910 4198 8342 1910 4198 8342   65   65
   65   65 7736 8343 8342 4198 1910   65]"
2645,[78],[4730]
2646,[78],[6841]
2647,"[78 78 78 78 78 78 78 79 79 79 79 79 79 79 79 79 79 79 79 79 79 80 80 80
 80 80 80 80 80 80 80 80 80 80 80 80 80 80 80 80 80 80 80 80 80 80 80 80
 80 80 81 81 81 81 81 81 81 81 81 81 81 81 81 81 81 81 81 81 81 81 81 81
 81 81 81 81 81 81 81 81 81 81 82 82 82 82 82 82 82 82 82 82 82 82 82 82
 82 82 82 83 83 83 83 83 84 84]","[10370 13365 13367 17956 11445 13366 17955 10370 13365 13367 13369 13371
 17956 11445 13366 17955 13368 11449 17954 13968 11901 10370 13365 13367
 13369 13371 17956 11445 13366 17955 11447 17954 13968 11901 13966 17952
 17951 11900 17950 13964 16219 13963 10522 13962 18560 18563 18559 12144
 18562 18561 10370 13365 13367 13369 17956 11445 13366 17955 17015 17017
 17954 13968 10523 17953 11901 17950 17952 13966 11900 17949 17951 13963
 13964 16219 13962 10522 18559 18560 18563 12144 18562 18561 10370 13365
 13367 17956 11445 13366 17955 17015 17017 17954 13968 10523 17953 11901
 17950 17952 13966 10370 13365 13367 17956 17955 13365 13367]"
2648,[78 78 78 78 78 78 78],[10455 14662 16640 17658 16641 18868 16642]
2649,[78 78 79],[10562 18120 18120]
2650,[78 79 80 80 80],[11528 11528 11528 15541 19929]
2651,"[78 78 78 78 78 78 79 79 79 79 79 79 79 78 79 79 80 80 80 80 80 80 80 80
 80 80 80 80 81 81 81 81 81 81 81 81 81 81 81 82 82 82 82 82 82 82 82 82
 82 82 82 83 83 83 83 83 83 83 83]","[11913 13985 13986 17982 17983 13988 11913 13985 13986 17982 17983 16232
 13988 12153 12153 18587 11911 13984 13985 18586 18587 13986 11913 12153
 16232 17982 17983 13988 11911 13984 13985 18586 18587 13986 11913 12153
 17982 17983 13988 11911 13984 13985 18586 18587 13986 11913 12153 16232
 17982 17983 13988 11913 13985 13986 17982 17983 13988 12153 18587]"
2652,[78],[12420]
2653,[78],[12729]
2654,[78 79 79 80 81],[12829 12829 19100 19100 19100]
2655,[78],[13028]
2656,"[78 78 78 78 79 79 79 79 79 79 79 80 80 80 80 80 80 81 81 81 81 81 81 82
 82 82]","[13195 17716 13798 13797 10454 13795 13797 13798 17716 11275 13195 11275
 13195 17716 13798 13797 13795 10454 13795 13797 13798 17716 11275 13797
 13798 17716]"
2657,[78],[13420]
2658,[78],[13982]
2659,[78 79 79 79],[14849 14848 14849 14850]
2660,[78 79 79 80 81 82],[15153 15153 19461 15153 15153 15153]
2661,[78],[16133]
2662,[78 78],[16818 19231]
2663,[78 78],[18610 18611]
2664,[78],[19343]
2665,[78 79 79 79 80 80 80 81 81 81 81 81 82 82 82 82],"[19721 19721 19723 19724 19721 19723 19724 12550 19723 19724 19721 19722
 12550 19723 19724 19721]"
2666,[78 79 79 79 80 80 81],[19819 17108 19818 19819 12581 19818 12581]
2667,[79 79 80],[ 531 5080 5080]
2668,[79 79 79 79 79 80 80 80 80 80 80 80 80 81 81 81 81 81 81 81 82 82 82],"[ 572 5232 5234 2352 5226  572 5232 5234 5233 2352 9611 2349 5226  572
 5232 5234 5233 2352 9611 5226 2352 5234 5232]"
2669,[79 79 80 80 80 80 80 80 80 80 81 81 81 81 81 82],"[ 760 8322  280 5976 5977 8318  760 5978 8322 8323  760 5976 5978 8322
 8323 8323]"
2670,[79],[1023]
2671,[79],[1257]
2672,[79],[1487]
2673,[79],[1696]
2674,[79 79 79 79 80 80 80 80 81 81 81 81 81 82],[2426 5420 9835 9836 2426 5420 9835 9836 2426 5418 5420 9835 9832 5420]
2675,[79 79],[2482 5559]
2676,[79],[2485]
2677,[79],[2687]
2678,[79],[2764]
2679,[79],[2899]
2680,[79],[3211]
2681,[79],[3447]
2682,[79],[3607]
2683,[79],[4847]
2684,[79],[5077]
2685,[79],[5208]
2686,"[79 80 80 80 80 80 80 80 81 81 81 81 81 81 81 81 81 81 81 81 82 82 82 82
 82 82 82 82 82 82 82 82 82 82 82 82 82 82 83 83 83 83 83 83 83 83 83 83
 83 83 83 83 83 83 84 84 84 84 84 84 84 84 84 84 84 84 84 84 84 84 84 84
 84 85 85 85 85 85 85 85 85 85 85 85 85 85 85 85 85 85 86 86 86 86 86 86
 86 86 86 86 86 86 86 86 86 86 86 86 87 87 87 87 87 87 87 87 87 87 88 88
 88 88 88 88 88 88 88 88 89 89 89 89 89 89 89 89 89 90 90 90 90 90 90 90
 90 90 90 90 90 90 90 90 90 91 91 91 91 91 91 91 91 91 91 91 91 91 91 91
 91 91 91 91 91 91 92 92 92 92 92 92 92 92 92 92 92 92 92 92 92 92 92 92
 92 92 93 93 93 93 93 93 93 93 93 93 93 93 94 94 94 94 94 94 94 94 94 94
 94 95 95 95 95 95 95 96 96 96 96 96 96 97 97 97 97 97 97 97 98 98 98 99]","[ 5846   208  3503  5846 10002  3502 10001  7399   208  3501  3503 10002
 10005  3502  1526 10001  7398  7399  7400   979   208  3501  3503  5846
 10002 10005  1525  3502  1526 10001  2482  7398  7399  7400  5559   979
  2899  2291   208  3503  5846 10002 10005  1526 10006 10001  2482 10004
  7400 10007  5559  2291   979  1525   208  3503  5846 10002 10005  1526
  3502 10006 10001  2482 10004  7399  7400  5559  2899  2291  5558  9433
  2292   208  3503  5846 10002 10005  1526  3502 10001  2482  7399  7400
  5559  2899  2291  5558  2292  9436   208  3501  3503  5846 10002 10005
  1526 10006 10001  2482 10004  7399  7400  5559   979  2899  5088  9436
   208  3501  3503  5846 10002  1525  1526 10006 10001  7400   208  3501
  3503  5846 10002  3502  1526 10001  7399  7400   208  3501  3503  5846
  3502  1526  7399   979  2899    88  2899  7400   979  7399  1526  6369
  7398  3502  3503   207  7397  1525  3501   208  5846    88  2899  7400
   979  7399  1526 10007  7398  3502  3503  1525  7397  3501   208   207
  3499  5846  2482  5559 10003 10004    88  2899  7400   979  7399  1526
  6369  3502  3503   207  1525  3501   208  3499  5846 10002 10001  2482
 10003  5562    88  2899  7400   979  7399  1526  3502  3503  1525  3501
   208 10001   208  3501  3503 10002  1525  1526 10001  7399  7400   979
  2899    88  2899  7400  1526  3503  3501    88  2901  2903  7400   983
  6376    88  2899  2901  2903 10017  7399  6376    88 10017  7399  7399]"
2687,[79],[5869]
2688,[79],[6359]
2689,[79 79 80],[6396 8624 8624]
2690,[79],[6889]
2691,[79 80 80 80 80 80 80 81 81 81 81],[ 7083  1375  7083 10009 10010 10011  5567  1375  7083 10010 10011]
2692,[79],[7494]
2693,[79 80],[7710 7710]
2694,[79 80 80 81 82],[7760  293 7760 7760 7760]
2695,[79],[8657]
2696,[79],[8901]
2697,[79 80 81 81],[9003 9003 2145 9003]
2698,[79],[9477]
2699,[79 80 80 80 80 81 81 81 81 82],[9483 2738 9458 9484 9483 2738 9458 9484 9483 9458]
2700,[79 79 79 79 80 80 80],[9596 9597 9599 9600 9596 9597 9599]
2701,[79 80 81],[9616 9616 9616]
2702,[79],[10462]
2703,[79 79 80 81 81],[10697 14667 14667 10697 14667]
2704,[79],[10768]
2705,[79],[10816]
2706,[79 79 79 79],[11255 14717 14719 16674]
2707,[79 79],[11400 13321]
2708,[79],[12124]
2709,[79 79 80 80 80 80 81 81 81],[12197 14536 12197 14536 14538 19941 12197 14538 19940]
2710,[79 79 79 79 79 80 80 80 80 80 81 81 81 81 81 82 82 82],"[12456 19448 19450 19451 12457 12456 19448 19450 12457 19452 12456 19448
 19450 12457 19452 12457 19451 19448]"
2711,"[79 79 79 79 79 80 80 80 80 80 80 80 80 80 80 80 80 80 80 80 80 81 81 81
 81 81 81 81 81 81 81 81 81 81 81 81 81 81 81 81 81 81 81 81 81 81 81 82
 82 82 82 82 82 82 82 82 82 82 82 82 82 82 82 82 82 82 82 82 82 82 82 83
 83 83 83 83 83 83 83 83 83 83 83 84 84 84]","[12548 19718 19709 15361 15362 11910 13983 19708 13981 12545 19709 13979
 19717 19718 12548 15363 15362 15360 15361 10272 19701 10272 12928 11008
 12927 19701 16229 19702 13979 11910 13982 13983 19708 12545 15355 19709
 15356 19716 19717 19718 19715 15363 12548 15362 15364 15360 15361 10528
 13979 13981 13983 16230 16229 13982 11910 11008 12927 16228 19708 12928
 19701 12926 12545 15355 19709 19716 19717 15354 19718 15363 12548 10528
 13979 13981 16229 13982 12927 16228 11910 11006 15355 19709 19718 12927
 13979 13981]"
2712,[79 79 80 81 81 81 82],[12811 12812 12812 10242 12811 12812 10242]
2713,[79 80],[13314 13314]
2714,[79 79 80 81 82 83 84],[13784 18972 13784 13784 13784 13784 13784]
2715,[79],[14752]
2716,[79 80],[15159 15159]
2717,[79],[15354]
2718,[79],[15508]
2719,[79],[15570]
2720,[79],[15956]
2721,[79 80 81 82],[16047 16047 16047 16047]
2722,[79],[16193]
2723,[79],[16871]
2724,[79 80 80],[16921 11393 16921]
2725,[79],[17058]
2726,[79],[17065]
2727,[79 80],[17635 17635]
2728,[79 80 80 81 82],[17637 13740 17637 17637 17637]
2729,[79],[18933]
2730,[79],[19095]
2731,[79 80 80 80 80 80 80 80 80 80 80 81 81 81 81 81 81 81 81 81 81 81 82 82],"[19342 10244 19101 19263 19345 19344 19343 10436 19340 19342 12420 10244
 12836 19101 19263 19345 19344 16064 19343 10436 19340 19342 10916 12836]"
2732,[79 79 79],[19733 19734 19735]
2733,[79 80],[20423 20423]
2734,[80 80 81 81],[ 819 6082 6081 6082]
2735,[80 80 81 81 81 82 82 82 83 83 83],[ 897 6225  898 6225 6226  898 6225 6226  898 6225 6226]
2736,[80 80 80 80],[1050 2970 6496 6498]
2737,[80],[1567]
2738,[80 80 80 81 81 81 81],[1601 7577 3025 1601 7577 9058 3025]
2739,[80 81 81 81 82 82 82 82 82 83 83 83 83 83 84],"[1864 1864 8213 9133 1863 8213 4839 9133 9134 1863 8213 1864 9133 9134
 9133]"
2740,[80 80 80],[2943 8080 8081]
2741,[80],[3418]
2742,[80 80 80 81 81],[ 3898  3900 10033  3898  3900]
2743,[80],[4140]
2744,[80 80 81 81],[4474 6429 6429 8689]
2745,[80],[4726]
2746,[80],[5244]
2747,[80 80],[5864 5865]
2748,[80],[5928]
2749,[80],[6651]
2750,[80],[6653]
2751,[80 81 81 82 82 82 82 82],[6870 6870 1255 1255 3176 6869 1257 6870]
2752,[80 81],[6872 6872]
2753,[80],[7799]
2754,[80 81],[7836 7836]
2755,[80],[8218]
2756,[80 81],[8435 8435]
2757,[80],[9054]
2758,[80],[10092]
2759,[80 80 80 80 81],[10266 12909 18454 12106 12909]
2760,[80 80 80 81 81 82 82 82 83],[10416 13644 13646 10416 13646 13642 13644 13646 13644]
2761,[80 80],[10455 17658]
2762,[80],[11128]
2763,[80 80 80 80 80 81 81 81 81 82 82 83 83 84],"[12017 18221 20332 13560 13558 10380 13558 12017 18223 10380 18223 10380
 18223 10380]"
2764,[80 80 81 81 81 82 82 82],[12276 18917 12276 18917 18916 12276 18917 18916]
2765,[80 80 81],[12566 19773 19773]
2766,[80],[12607]
2767,[80],[12814]
2768,[80 81],[12828 12828]
2769,[80 81 81],[13410 13410 13412]
2770,[80 80],[13899 17857]
2771,[80 80 80 81 81 81 81 81 81 81 81 81 81 81 82 82 82 82 82 82 82 83 83 83],"[14320 16429 16431 11119 16431 16432 14317 14318 14319 12097 18430 14320
 18432 12098 12097 14318 14320 18430 18432 14317 12098 12097 14320 18432]"
2772,[80],[14345]
2773,[80 81 82],[14722 14722 14722]
2774,[80],[14853]
2775,[80],[15395]
2776,[80 80 81 81 82 82 82],[15814 20258 15814 20258 15814 20258 20259]
2777,[80],[16180]
2778,[80],[16609]
2779,[80 80],[16818 19231]
2780,[80 81 82 82 83],[17839 17839 11852 17839 17839]
2781,[80 81],[19705 19705]
2782,[80 81],[19852 19852]
2783,[80 81 81 81 82],[20247 20246 20247 20248 20247]
2784,[81 81 81 82 83 83 83],[  22 2658 8182   22   22 2658 8182]
2785,[81],[104]
2786,[81 82],[388 388]
2787,[81 81],[ 734 2653]
2788,[81],[740]
2789,[81 81 82 82],[ 886 4098 4098 6205]
2790,[81 82 83],[919 919 919]
2791,[81 81 81 81 81 81 82],[  991 10099  2514  5640  5639  5638  5639]
2792,[81 81 81 82 82 82 83 83],[1302 6951 6950 1302 6951 6950 1302 6950]
2793,[81],[1404]
2794,[81 81 81 82 82 82],[1467 3405 7263 3405 3406 7265]
2795,[81 81],[1599 7573]
2796,[81 81],[1991 8557]
2797,[81],[2816]
2798,[81],[2969]
2799,[81],[3014]
2800,[81],[3072]
2801,[81],[3210]
2802,[81],[4421]
2803,[81],[4728]
2804,[81],[4759]
2805,[81 82 83],[4841 4841 4841]
2806,[81 82 82],[5926 5926 5928]
2807,[81],[6362]
2808,[81 82],[6396 6396]
2809,[81],[6444]
2810,[81 82 83],[6798 6798 6798]
2811,[81],[6889]
2812,[81 82 83],[6909 6909 6909]
2813,[81],[7416]
2814,[81],[7454]
2815,[81 82 82],[7581 7580 7581]
2816,[81 82],[8390 8390]
2817,[81],[9816]
2818,[81 81 81 81 81 81],[10264 12889 18425 12903 16184 10983]
2819,[81 82],[10448 10448]
2820,[81],[10495]
2821,[81 81 81 81 81],[10496 13884 11851 13883 17836]
2822,[81 81 81 81 81 81 81 81 81 81 81 81 81],"[10679 14585 14587 16592 19730 19733 19729 12223 11210 19734 13130 13131
 19735]"
2823,[81 81 81 81 81 82 82],[10695 16915 16917 16918 11391 11391 16918]
2824,[81],[11035]
2825,[81],[11455]
2826,[81 81 81 81 81 81],[12226 14594 18779 18780 18782 14597]
2827,[81 81],[12727 15810]
2828,[81 81],[12901 16181]
2829,[81 81],[13321 16936]
2830,[81],[13853]
2831,[81],[13918]
2832,[81],[14323]
2833,[81],[14326]
2834,[81 82 83 84],[14365 14365 14365 14365]
2835,[81 81 82],[14588 14589 14589]
2836,[81],[14670]
2837,[81 82 82 83 84],[15160 15160 15161 15161 15161]
2838,[81],[15324]
2839,[81],[16256]
2840,[81],[16674]
2841,[81 82 82 82 82 82 82 83 83 83 83 83 83 83 83 84 84 84 85],"[16920 11392 13313 16920 16923 11393 19440 11393 16921 16922 16923 19440
 16920 13313 13314 11393 16922 13313 13313]"
2842,[81],[17065]
2843,[81],[18028]
2844,[81 82 82],[18583 18582 18583]
2845,[81],[19095]
2846,[81 82 82],[19194 19194 19196]
2847,[81],[19294]
2848,[81 82 83],[19468 19468 19468]
2849,[81],[20251]
2850,[82 83 83 83],[ 382  382 4072 4116]
2851,[82],[459]
2852,[82 83 84],[467 467 467]
2853,[82 82],[ 738 5936]
2854,[82 82],[1050 2970]
2855,[82 82 82 82 83 83 83 83 83 83 83 83 84 85],[2125 8942 8943 8944  174 8943 2125 8942 8945 4682 4684 4683 8942 8942]
2856,[82],[2651]
2857,[82 82 83],[3194 3196 3196]
2858,[82],[3403]
2859,[82 82 82],[5079 9424 5081]
2860,[82],[5773]
2861,[82],[7576]
2862,[82],[7804]
2863,[82],[8207]
2864,[82],[8378]
2865,[82],[8419]
2866,[82],[8691]
2867,[82],[9036]
2868,[82 83],[9137 9137]
2869,[82 83],[10417 10417]
2870,[82 82],[10624 16429]
2871,[82],[10897]
2872,[82 82 82 83 83 83 83 83],[11768 13141 13743 11768 13744 17641 13743 13141]
2873,[82],[12386]
2874,[82],[12814]
2875,[82 83],[12989 12989]
2876,[82 83],[13655 13655]
2877,[82],[14713]
2878,[82],[15507]
2879,[82],[15877]
2880,[82],[16795]
2881,[82],[16937]
2882,[82 82 83 83 84 85 85],[17039 17040 17039 17040 17039 17039 17040]
2883,[82],[17785]
2884,[82 83],[17883 17883]
2885,[82 83],[17886 17886]
2886,[82],[17891]
2887,[82],[18454]
2888,[82],[18929]
2889,[82 82 82],[18932 18933 18934]
2890,[82],[18937]
2891,[82 83 84],[19464 19464 19464]
2892,[82],[20252]
2893,[83 83 83],[ 893 6215 8244]
2894,[83],[2145]
2895,[83],[2969]
2896,[83],[6359]
2897,[83],[7257]
2898,[83],[7579]
2899,[83],[7613]
2900,[83],[7724]
2901,[83 84],[11505 11505]
2902,[83],[11538]
2903,[83],[11766]
2904,[83],[11829]
2905,[83 84 84 84 85 85 86 86],[12811 10242 12811 12812 12811 12812 12812 16019]
2906,[83],[13187]
2907,[83],[13195]
2908,[83],[13412]
2909,[83],[13923]
2910,[83 83 84 84 85 85 85 85 85 86 86 86 86 86 86 87 87 87],"[14213 18296 14213 18296 12049 14213 18296 18297 18295 11086 16368 18295
 18296 14207 14213 14213 18295 18296]"
2911,[83],[16086]
2912,[83],[16194]
2913,[83],[17097]
2914,[83],[17105]
2915,[83],[17774]
2916,[83],[18491]
2917,[83 83 84],[19263 19345 19345]
2918,"[83 84 85 86 86 87 87 87 88 88 88 88 88 88 88 88 88 88 88 88 88 88 88 89
 89 89 89]","[19342 19342 19342 12420 19342 12420 19340 19342 10244 12836 19102 10916
 19345 16064 19344 10436 16065 19343 13708 19340 19342 12420 15051 16064
 19344 19345 19342]"
2919,[83 84 85],[19852 19852 19852]
2920,[84],[2337]
2921,[84],[3842]
2922,[84],[4219]
2923,[84],[5020]
2924,[84],[5785]
2925,[84],[6214]
2926,[84],[6762]
2927,[84],[7274]
2928,[84],[8977]
2929,[84 84],[11520 15518]
2930,[84],[11830]
2931,[84 84 85 85 85 85 85 86 86 86],[12023 18234 12021 14167 18233 18816 12023 12021 14167 18816]
2932,[84],[12585]
2933,[84 85],[13227 13227]
2934,[84 84 85 85 85],[13566 18806 12236 14614 18806]
2935,[84],[13646]
2936,[84],[14704]
2937,[84 85],[15153 15153]
2938,[84],[16825]
2939,[84],[17385]
2940,[84 85],[18028 18028]
2941,[84],[18222]
2942,[84],[19109]
2943,[85 85],[ 572 5232]
2944,[85 85 85],[ 759 5975 9377]
2945,[85 85 85 85 85 85 85 85 86 86 86 86 86 86],[1001 6407 6408 6409 8644 6406 2921 2922 1000 2921 6408 2922 1001 8644]
2946,[85 86],[1279 1279]
2947,"[ 85  85  85  86  86  86  86  86  86  86  86  86  86  87  87  87  87  87
  87  87  87  87  87  87  88  88  88  88  89  89  90  89  90  90  90  90
  90  90  90  90  90  90  90  90  90  90  91  91  91  91  91  91  91  91
  91  91  91  91  91  91  91  91  91  91  91  91  91  91  91  91  92  92
  92  92  92  92  92  92  92  92  92  92  92  92  92  92  92  92  92  92
  92  92  92  92  92  92  90  90  90  91  91  91  90  91  91  92  92  92
  92  92  92  92  92  92  93  93  93  93  93  93  93  93  93  93  93  93
  93  93  93  93  93  93  93  93  93  93  93  93  93  93  93  93  93  93
  93  93  93  93  93  93  93  93  93  93  93  93  94  94  94  94  94  94
  94  94  94  94  94  94  94  94  94  94  94  94  94  94  94  94  94  94
  94  94  94  94  94  94  94  94  94  94  94  94  94  94  94  94  94  94
  94  94  94  94  94  94  95  95  95  95  95  95  95  95  95  95  95  95
  95  95  95  95  95  95  95  95  95  95  95  95  95  95  95  95  95  95
  95  95  95  95  95  95  95  96  96  96  96  96  96  96  96  96  96  96
  96  96  96  96  96  96  96  96  96  96  96  96  96  96  96  96  96  96
  96  96  97  97  97  97  97  97  97  97  97  97  97  97  97  97  98  98
  98  98  98  98  98  98  99  99  99  99  99  99 100 100 100 100 100 100
 100 100 100 100 100 100 100 100 100 100 101 101 101 101 101 101 101 101
 101 101 101 101 101 101 101 101 101 101 101 101 101 101 101 101 102 102
 102 102 102 102 102 102 102 102 102 102 102 102 102 102 102 102 102 102
 103 103 103 103 103 103 103 101 101 102 102 103 103 103 103 103 103 103
 103 103 103 104 104 104 104 104 104 104 104 105 105]","[ 2309  9484  9486  1979  8525  9486  9485  2309  9458  9484  2300  9483
  9479  1979  8525  8527  9486  9485  2309  9458  9484  9483  9482  9479
  1979  8525  9486  9485  9485  9486  9485 10033  1763  3897  3898  7952
  7951  3900 10033  5587  5588   818  2738  2739   820  2300   438  5581
  8529  5582 10027  2740  2738   818  9458  6082  2300  9485   819  3897
  7951  1763  3898  7952  3900 10033  5587  5588 10041 10040   438  5581
  5583  7094  8529  5582  1981 10027  2740  2738   818  9458  6082  2300
  9484  9485  8525  1763  3897  3898  3899  3900 10033  5587  5588 10041
  2484 10015 10014  5570 10013 10014  5568   339  5568   339  5568  7085
  7950 10012  1377  5570 10013  7087    31  2738  2740  8526  9458  9485
   818  2739   820 10027  1980  8527  2300  9484  9486  6082  5582  5581
  8528   819  5583   438  8529  3896  3897  3898  7952  3900  7950  7953
 10033   339  7084  5587  5568  7085  5588 10012   619 10041 10013 10040
    31  2738  2740  8525  8526  9458  9485  2739   820 10027  1979  8527
  1980  9484  6082  6083 10028  5582  8528   819  6081  3896  3897   338
   340  3898  1763  7952  3900  1762  7950 10033  5566  5587  5588 10041
 10038   438  7094  2486  5571 10013 10015 10012 10016  7085  7084  7086
    31  2738  2740  8525  8526  9485  2739   820 10027  1979  8527  9486
  1980  9484  6083 10028   819  3896  6081  6080  9456   339  7084  7085
  1762  1764  3900 10033  2492  5587  5586  7093  7094 10013 10015 10016
 10038    31  2738  2740  8525  8526  9485  2739   820 10027  1979  8527
  9486  9484  6083  6084  9483  3896   339  7084  7953  1376  2492  5586
  5587  5588  6081  7093  7094 10013 10016 10038   339  7084   820  2739
  2740 10027 10028  8526  8525  5586  5587  5588 10013 10038   339   820
  2739  2740 10027  5582  5588 10013   339   820  2739  2738  5582  5588
   339   619  5588 10038  1980  8526  8528 10027  2740  2738  2739  6083
  3896  6084  9483  9484    31  2740  8525  8526  9485   820  2739  1979
  9486  1980  9484  6083  9483  3896  2308  9481   619  5584  5586  5588
 10038 10041  2492  5587   619  5586 10038  2492  5585  5587 10037  1382
   820  6083  6084  3896  1979  8525  8527  9486  8526  9485  2308  9481
   619  5584  5586  5588 10038  5585  2492  4345  8530  4345  8530  1979
  4344  8525  9486  4345  9485  2739  6083  6084 10029  1382  5585  5586
  1979  4344  9486  6084 10029  5586  9486]"
2948,[85],[2336]
2949,[85],[3116]
2950,[85],[4373]
2951,[85],[4374]
2952,[85],[4466]
2953,[85 85],[4650 4652]
2954,[85],[5259]
2955,[85],[6018]
2956,[85],[6254]
2957,[85],[6806]
2958,[85],[6840]
2959,[85],[7801]
2960,[85],[7803]
2961,[85],[8379]
2962,[85],[8705]
2963,[85],[8978]
2964,[85 86],[9651 9651]
2965,[85],[9712]
2966,[85],[11026]
2967,[85],[11490]
2968,[85 85 85 86 86 86 87 87 88],[11538 15570 17184 10826 15570 17184 10826 15570 15570]
2969,"[85 85 85 85 86 86 86 86 86 86 86 86 86 87 87 87 87 87 87 87 87 87 87 87
 88 88 88 88 88 88]","[11541 17188 17189 15577 11541 17188 17189 19981 15577 19982 19984 12637
 15587 10827 15577 17189 19982 17188 11541 19981 19984 19980 12637 15587
 11541 17188 17189 19980 19981 15577]"
2970,[85 85 86],[12608 19897 12608]
2971,[85],[12635]
2972,[85 85],[12764 15904]
2973,[85],[13142]
2974,[85],[13282]
2975,[85],[13558]
2976,[85 86 87 88 89 90],[13915 13915 13915 13915 13915 13915]
2977,[85],[15045]
2978,[85 86 86],[17112 17112 17113]
2979,[85 86 86 87 87 88 88 89 89 90],[17838 17837 17838 17837 17838 17837 17838 17837 17838 17837]
2980,[85],[18221]
2981,[86],[167]
2982,"[86 86 86 86 86 86 86 86 86 86 86 86 86 86 86 86 86 86 86 86 86 86 86 87
 87 87 87 87 87 87 87 87 87 87 87 87 87 87 87 87 87 87 87]","[  438  5581  8529  1981  8531   619  5586  5588 10038 10041  2492  5585
  5587 10033 10030  3900  2491 10028  6084  6083   819  2739  6082   619
  5586  5588 10038 10041  2492  5587 10033  3900  3898  3897   819  6082
  6083   820  6084  2491  5582  5581  8529]"
2983,[86],[440]
2984,[86],[790]
2985,[86],[1698]
2986,[86],[1909]
2987,[86],[1953]
2988,[87 87 88],[5853 5854 5854]
2989,[86],[2687]
2990,[86],[2808]
2991,[86],[4528]
2992,[86],[4598]
2993,[86],[5785]
2994,[86],[6803]
2995,[86],[6899]
2996,[86 87],[8227 8227]
2997,[86],[8426]
2998,[86],[8956]
2999,[86],[10023]
3000,[86 86],[10306 13087]
3001,[86 86 86 86 86],[10820 15517 15519 17153 11520]
3002,[86],[11391]
3003,[86],[12180]
3004,[86],[12506]
3005,[86 86],[12785 15955]
3006,[86],[13743]
3007,[86 86],[14726 14727]
3008,[86 86],[15551 19968]
3009,[86],[15810]
3010,[86 86 87 88 88],[17412 17413 17413 17412 17413]
3011,[86 87 87 87 87 87 87 87 88 88 88 88 88 89 89],"[17641 10450 13745 16088 11768 13744 20243 17641 13141 17641 13744 13743
 13741 13744 17641]"
3012,[86 87],[17800 17800]
3013,[86],[18139]
3014,[86],[18293]
3015,[86],[18662]
3016,[86],[19621]
3017,[86],[19928]
3018,[ 87  87  87 ... 126 126 127],[ 797 2718 6043 ... 3844 8464 3844]
3019,[87 88 88 89],[1011 1011 6425 1011]
3020,[87],[1030]
3021,[87],[1273]
3022,[87],[1298]
3023,[87],[1814]
3024,[87 88],[2291 2291]
3025,[87],[2292]
3026,[87],[3715]
3027,[87],[4109]
3028,[87],[4199]
3029,[87],[4622]
3030,[87],[5081]
3031,[ 87  87  88 ... 138 138 138],[5331 5332  584 ... 6941 5336 3218]
3032,[87],[6431]
3033,[87],[6570]
3034,[87],[7309]
3035,[87],[7765]
3036,[87],[8221]
3037,[87 88],[8423 8423]
3038,[87 88],[8559 8559]
3039,[87],[8756]
3040,[87],[8758]
3041,[87],[8874]
3042,[87],[10297]
3043,[87],[11026]
3044,"[87 87 87 87 88 88 88 88 88 88 88 88 88 88 88 88 88 88 89 89 89 89 89 89
 89 89 89 89 89 89 89 89 89 89 89 89 90 90 90 90 90 90 90 90 90 90 90 90
 90 90 91 91 91 91 91 91 91 91 91 91 91 91 92 92 92 92 92 92 92 92 92 92
 92 92 92 92 92 93 93 93 93 93 93 93 93 93 93 93 94 94 94 94 94 94 94 94
 94 94 94 95 95 95 95 96 96 96 96 96 96 96 97 97 97 97 97 98 98 98 98 98]","[11911 13984 18586 17982 11911 13984 13985 18586 18587 13986 11913 12153
 16232 17982 17983 13988 11914 13989 11010 13988 16232 17982 11914 13989
 17983 13986 11913 17984 17981 13984 13985 15357 11911 18587 18586 12153
 11911 13984 13985 18586 18587 13986 11913 12153 17982 17983 13988 11914
 17984 15357 11911 13984 13985 18586 18587 13986 11913 12153 16232 17982
 17983 13988 11010 13988 16232 17982 11914 13989 17983 13986 11913 13984
 13985 11911 18587 18586 12153 11911 13984 13985 18586 18587 13986 11913
 12153 17982 17983 13988 11911 13984 13985 18586 18587 13986 11913 12153
 17982 17983 13988 11911 13985 18586 17982 11911 13985 11913 13986 17982
 17983 13988 11913 13985 13986 17982 17983 11913 13985 13986 17982 17983]"
3045,[87],[12017]
3046,[87],[12382]
3047,[87],[12632]
3048,[87],[12814]
3049,[87],[13162]
3050,[87 88 88 88 88 88 88 88],[13280 11359 13279 13280 16863 13281 11361 19330]
3051,[87],[13784]
3052,[87],[14703]
3053,[87 88 88 88 88 89 89 90],[15473 11505 15473 12593 19852 11505 15473 11505]
3054,[87],[16301]
3055,[87 87],[19101 19263]
3056,[87],[19303]
3057,"[87 88 88 88 88 89 89 89 89 89 89 89 90 90 90 90 91 91 91 92 92 92 92 92
 93]","[19723 12550 19723 19724 19721 12550 15368 15369 19723 19724 15367 19721
 15368 19723 19721 19724 15367 15368 19723 15367 15368 19723 19721 19724
 19723]"
3058,[88],[382]
3059,[88],[654]
3060,[88 88 88 89 89 89 89 89 90 90 90 90 90 90 91 91 91],"[ 893 6215 8244  391 6215 8670  893 8244  391 6214 8670 6216 2032 2813
  391 6214 8670]"
3061,[88 89 89 90],[1878 1878 4127 1878]
3062,"[ 88  88  88  88  88  88  89  89  89  89  89  89  89  89  89  89  89  89
  89  90  90  90  90  90  90  90  90  90  90  90  90  90  91  91  91  91
  91  91  91  91  91  91  91  91  91  91  91  91  90  91  92  92  92  92
  92  92  92  92  92  92  92  92  92  92  92  92  93  93  93  93  93  93
  93  93  93  93  93  93  93  93  94  94  94  94  94  94  94  94  94  94
  94  94  95  95  95  95  95  95  95  95  95  95  95  95  96  96  96  96
  96  96  95  96  96  96  96  96  97  97  97  97  97  97  97  97  97  97
  97  97  97  97  98  98  98  98  98  98  98  98  99  99  99  99  99  99
  99  99  99  99 100 100 100 100 100 100 100 100 100 100 100 101 101 101
 101 101 101 101 101 102 102 103 103 103 103 104 104 104 104 104 104 104
 104 104 104 105 105 105 105 105 105 105 105 105 105 105 105 105 105 104
 104 105 105 105 106 106 106 106 106 106 106 106 106 106 106 106 106 106
 106 106 106 106 106 106 107 107 107 107 107 107 107 107 107 107 107 107
 107 107 107 107 107 107 107 107 107 107 108 108 108 108 108 108 108 108
 108 108 108 108 108 108 108 108 108 109 109 109 109 109 109 109 109 109
 109 109 109 109 110 110 110 110 110 110 110 111 111 111]","[2349 5225 9610 9611 5233 9616  572 5232 5234 6885 5233 2352 9616 9610
 9611 2349 5226 5225 9601  572 5232 5234 5233 2352 9610 9611 9612 2349
 5226 9603 5225 9616  572 5232 5234 5233 2352 9610 9611 9612 2349 5226
 5225 9601 9600 5238 9616 9617 9614 9614 1265 5238 9616 9617 2353 9614
 2349 5225 9610 9611 5233 2352 9612 5232 5234 5231  572 5230 5232 5234
 5231 1265 5238 9616 2348 9601 9602 2349 5226 9611 2348 9601 9602 2349
 9603 5226 9610 9611 2352 2353 9616 5232  572 5232 5234 2352 9611 2349
 5226 9602 9601 5238 9616 9617  572 5232 5234 5233 2352 9611 9614 2353
 9614 9616 9617 5238  572 5232 5234 5233 2352 9610 9611 9612 2349 2353
 9614 9616 9617 5238 2349 9610 9611 5233 9612 5234 9614 9616 2349 9610
 9611 5233 9612 2353 5235 5236 9615 9616 2352 5233 5235 9611 9610 2353
 5236 9614 9616 9617 5238 2349 9610 9611 5233 2353 5235 9614 9616 5233
 9611 5232 5233 5234 9611  572 5232 5234 5233 2352 9611 1265 5238 9616
 9617  572 5232 5234 5236 6885 5233 2352 2353 9616 1265 9611 9614 9617
 5238 9601 9602 9600 9601 9602  572 5232 5234 5236 6885 5233 2352 2353
 9616 1265 9611 9614 9617 5238 9603 9602 9601 9596 9597 9599  572 5232
 5234 5236 6885 5233 2352 5235 2353 9616 1265 9611 9612 9613 9614 9617
 5238 9603 9602 9601 9600 9599  572 5232 5234 5236 6885 5233 2352 5235
 2353 9616 1265 9611 9612 9614 9617 5238 9603  572 5234 5236 6885 2352
 5235 2353 9616 1265 9611 9612 9614 9617  572 5234 2352 9611 9612 9614
 9616 2352 5234 9616]"
3063,[88 89 89 90 90 90 90 91 91 91 92],[2814 2814 8250 1472 7274 7276 8250 1472 7274 7276 1472]
3064,[88],[2970]
3065,[88],[4259]
3066,[88],[5568]
3067,[88],[5975]
3068,[88],[6432]
3069,[88],[8054]
3070,[88],[8884]
3071,[88 88],[10380 13558]
3072,[88],[10702]
3073,[88],[10903]
3074,[88 89],[10966 10966]
3075,[88],[11852]
3076,[88],[12785]
3077,[88],[13713]
3078,[88],[13782]
3079,[88],[13995]
3080,[88],[14310]
3081,[88],[14538]
3082,[88],[14713]
3083,[88 88 88 89 89 89 89 90],[14717 14718 14719 11255 14717 14718 14719 11255]
3084,[88],[15548]
3085,[88 88 88 88 89 89 89 90],[16034 16035 17520 16036 10900 13657 16036 10900]
3086,[88],[16302]
3087,[88 89],[18028 18028]
3088,[88],[18979]
3089,[88 89],[19107 19107]
3090,[88 89 89 90],[19190 19189 19190 19189]
3091,[88],[19430]
3092,[88],[19919]
3093,[88],[19924]
3094,[88],[20242]
3095,[88],[20244]
3096,[89 89 89 90 90 90 90 90 90 90 90 90 90],[ 158 3327 3332  158 3327 3329 3331 3328 3330 1411 3332 7141 7145]
3097,"[104 104 104 104 104 104 104 105 105 105 105 105 105 105 105 106 106 106
 106 106 106 106 106 106 106 107 107 107 107 107 107 107 107 107 107 108
 108 108 108 108 108 109]","[  59 2819 2830  910 6246 6248  183   59 2819  183 4170 6246 7298  910
 6248   59 2819 2821 2830  910 6246 6248  183 4170 7298   59 2819 2830
  910 6246 6248  183 4170 7298 1482  183 4170 6246 6247  910 1482 1482]"
3098,[89],[625]
3099,[89 89],[1013 6429]
3100,[89 89 89 90 90 90],[1112 3031 6609 1112 3031 6609]
3101,[89 90 90 90 91],[1249 1249 5187 9551 1249]
3102,[89 90 90 90 91 91 92 92 92 92 92 92 93 94 94 94 95 96 96],"[ 1398  1398  7124 10091   625  7124   625  5631  7124  1398 10091  5635
  7124   625  7124 10091  7124  1398  7124]"
3103,[89],[1469]
3104,[89 89 89 89 89 90 90],[1869 4108 4109 8227 8228 4108 4109]
3105,[89 89 90 90 90 91 91 92],[1906 8329 1906 8329 8330 1906 8329 1906]
3106,[89 90 91 92 92],[2365 2365 2365 2365 9651]
3107,[89 89 89 89 89 90 90 91],[2426 5418 5420 9835 9832 2425 9832 2425]
3108,[89],[2609]
3109,[89 90],[2933 2933]
3110,[89 90 91 91 92 92 93 94],[4178 4178 1901 4178 1901 4178 4178 4178]
3111,[89],[4253]
3112,[89],[4263]
3113,[89 90 90 90 91 91],[4440 1001 4439 4440 1001 6407]
3114,[89 89 90],[5087 5088 5087]
3115,[89],[5639]
3116,[89 90 90 90 90 91 91 91],[ 5685  5685  5686 10150  5688  5685  5688  7157]
3117,[89],[6524]
3118,[89],[6902]
3119,[89],[7612]
3120,[89],[8230]
3121,[89 90],[8582 8582]
3122,[89],[8688]
3123,[89 90 90 90],[9816 6378 6379 9816]
3124,[89],[10094]
3125,"[89 89 89 89 90 90 90 90 90 91 91 91 91 92 92 92 92 92 93 93 94 95 95 95
 95 96 96 96 97 97 98 98 98 98]","[10266 12909 18454 12106 10266 12909 18454 12106 15080 10266 12909 18454
 12106 10266 12909 18454 12106 15080 12909 15080 15080 10266 18454 12106
 15080 10266 18454 12106 10266 18454 10266 12909 18454 12106]"
3126,[89 89 89 89 89 89 89 89 89 89 89 89 89 89],"[10304 13069 17536 11722 17538 13670 17539 11724 13671 14412 17540 17541
 17542 16043]"
3127,[89 89 90 91 91],[10416 13642 10416 10416 16028]
3128,[89 89 89],[10563 14086 11972]
3129,[89 89 89 89 89 89 89 90 90 90 90 90 90 91 92 93 93],"[10679 14585 14587 16592 16593 19730 19729 10679 14585 14587 16593 19730
 19729 19729 19729 19729 19730]"
3130,[89],[11011]
3131,[89 90 90 90 91 91],[11027 11027 14039 14040 11027 14039]
3132,[89],[11477]
3133,[89],[11686]
3134,[89 89 90],[11712 17512 17512]
3135,[89],[11796]
3136,[89],[11874]
3137,[89 89],[12033 18260]
3138,[89 89],[12262 18875]
3139,[89],[12463]
3140,"[89 90 90 90 90 90 90 90 90 91 91 91 91 91 91 91 91 91 92 92 92 92 93 93
 93 93 94 94 94 94 95]","[12989 10590 14165 16340 20352 20355 16339 20354 12989 10590 14161 14163
 14165 16340 20352 20355 16339 20354 14163 14165 20354 11069 11069 14161
 18225 14163 11069 14161 18225 14163 11069]"
3141,[89],[13156]
3142,[89 89 89 89 90 90 90 90 90 90 90 90 91 91 91 91 91 91 91 91 91 92 92],"[13394 17996 13997 13996 11476 13396 17072 17074 13394 17996 13997 13996
 11476 17074 11477 17075 13394 17996 13997 13996 13995 11918 13995]"
3143,[89 89 90 90 90 90 90 91 91 91 91 91 91],"[13566 18806 10329 13566 13568 18806 11648 10329 13566 13568 18806 18815
 12236]"
3144,[89],[14589]
3145,[89 89 90 90 90 90 91 91 91],[15323 17033 11455 15323 17033 15324 11455 19666 15321]
3146,[89],[15801]
3147,[89],[15815]
3148,[89 90],[16892 16892]
3149,[89 90 90 90 91],[17113 11499 17112 17113 11499]
3150,[89],[17195]
3151,[89 90 91 92 93 94 95],[17875 17875 17875 17875 17875 17875 17875]
3152,[89 89],[18231 18232]
3153,[89],[19675]
3154,[90 90 90 90 90 90 90 90 90 91 91 91 91 91 91 91 91 91 91 91 92],"[   41  2759  2761 10134  2758  2760   841 10135  6120    41  2759  2761
 10134   839  2758  2760   841 10135  6119  6120  2761]"
3155,[90 91],[120 120]
3156,[90],[393]
3157,"[90 90 91 91 92 92 92 93 93 93 93 93 94 94 94 94 95 95 95 95 96 96 96 97
 97 98 99]","[ 446 4388  446 2000  446 4388 2000  446 4388 6377 2000 8582  446 2000
 8581 8582   40 2749 8582 8581   40 2753 8582   40 8582 8582 8582]"
3158,[90],[461]
3159,[90 90],[ 578 5281]
3160,[90 90 91 92 93],[ 898 6225 6225 6225 6225]
3161,[90 90 90 90 90],[1010 6424 6426 7441 7442]
3162,"[90 90 90 91 91 91 91 92 92 92 92 92 93 93 93 93 93 93 93 93 94 94 94 94
 95 95 95 95 96 96 96 97 97]","[ 1380 10046 10048  1380 10046  2497 10048  1380 10046  2497 10048  5600
  1378  3299  7087  1380 10046  2497 10048  5600  1378  3299  7090  1380
  1378  3299  7088  5569  3299  5569  7088  5569  7088]"
3163,[90 90 90 91 91 91 91 91 92 92 92 92 92],"[ 1531  7410 10087   987  7410  1531 10087  6386  1531  7411  2907  2908
  6386]"
3164,[92 92 93],[2194 4110 2194]
3165,[90 91],[1863 1863]
3166,[90 90 90 90 91 91 91],[1874 4905 8242 1875 1874 4905 8242]
3167,[90 90 91],[1980 8527 8527]
3168,[90],[2038]
3169,[90],[2346]
3170,"[90 90 90 90 90 91 91 91 91 91 91 91 91 91 91 90 91 91 91 91 91 91 91 91
 91 91 92 92 92 92 92 92 92 92 92 92 92 92 92 92 92 92 92 92 92 92 92 92
 92 92 92 92 92 92 92 92 92 92 92 92 92 93 93 93 93 93 93 93 93 93 93 93
 93 93 93 93 93 93 93 93 93 93 93 93 93 94 94 94 94 94 94 94 94 94 94 94
 94 94 94 94 94 94 94 95 95 95 95 95]","[2466 5520 9954 7924 3273 1353 3273 7045 7924 1354 9954 2466 5520 9961
 5518 9952 3874 3875 7919 3876 3877 9952 2459 9932 9933 7042  331 5500
 7043 7044 2458 9931 1353 7045 7922 1354 9929 9930 9932 3273 7923 3876
 1352 7042 9933 7924 1750 3875 3877 3271 9953 9954 9952 3874 1350 2466
 5519 7919 5520 9961 5518  607 7042 9930 9933 1352 7041 9929 2458 9932
 3271 3272 9928 1350 3270 2466 9953 9961 9952 3877 3875 3876 3874 7919
 3273 1350 3270 3271 7038 3272 1352 7041 9928 9929 9930 9933 3273 3874
 3875 7919 3876 3877 9952 3874 3875 9929 9932 9933]"
3171,[90],[2514]
3172,[90],[3429]
3173,[90],[3643]
3174,[90],[4121]
3175,[92 92 93],[4169 8313 8313]
3176,[90],[4841]
3177,[90],[5397]
3178,[90],[5417]
3179,[90],[6895]
3180,"[ 90  90  91  91  91  92  92  92  92  92  92  92  92  92  92  93  93  93
  93  93  93  93  93  93  93  93  93  93  93  94  94  94  94  94  94  94
  94  94  94  94  95  95  95  95  95  95  96  96  97  97  98  99 100 100]","[7051 9965 1357 7051 9965 1357 7051 9965 5508 5529  441 9942 2462 6360
 6361  441 6363 9939 9942 6362 9941 2462 6361 5509 6360 5508 7051 1357
 9965  441 6363 9942 6362 2462 6361 5509 6359 6360 5508 7051  441 6363
 9942 6362 5508 6360 6362 9942 6362 9942 6362 6362 6362 6363]"
3181,[90 91 92 93 93 94 94],[7106 7106 7106 7105 7106 5599 7105]
3182,[90 91 91 92],[9052 4771 9052 4771]
3183,[90 90 91],[9133 9134 9133]
3184,[90],[9137]
3185,[90],[9436]
3186,[90],[9482]
3187,[90 91 92],[10061 10061 10061]
3188,[90],[10828]
3189,[90 91 92],[10871 10871 10871]
3190,[90],[10916]
3191,[90],[11523]
3192,[90 91 91 91 92],[11641 11641 17369 18228 11641]
3193,[90],[12018]
3194,[90 90 90 90],[12112 18472 18473 17852]
3195,[90],[12554]
3196,[90 91],[12755 12755]
3197,[90 91 92 93],[12814 12814 12814 12814]
3198,[90],[13476]
3199,[90],[13542]
3200,[90],[13769]
3201,"[90 91 91 92 92 93 94 94 94 95 95 95 95 95 95 96 96 96 96 96 96 96 96 96
 96 97 97]","[14167 12021 14167 12021 14167 12021 12021 18231 18234 12021 14167 18231
 18234 18815 12022 12021 14167 18231 18233 18816 18234 18232 18815 12022
 18806 12021 14167]"
3202,[90],[14212]
3203,[90],[14439]
3204,[90 90 90],[14614 14615 18813]
3205,[90],[14752]
3206,[90],[15390]
3207,[90],[15623]
3208,[90],[16119]
3209,[90],[16460]
3210,[90],[16890]
3211,[90],[17063]
3212,[90 91 92],[17598 17598 17598]
3213,[90 91],[18120 18120]
3214,[90 91 92],[18230 18230 18230]
3215,[90],[18582]
3216,[90],[19302]
3217,[90],[19453]
3218,[90],[19990]
3219,[91],[206]
3220,[91],[444]
3221,[91],[450]
3222,"[91 91 91 92 92 92 92 92 92 92 92 92 92 92 93 93 93 93 93 93 93 93 93 93
 94 94 94 95 95 95]","[ 553 5091 9447  553 5095 5097 5099 6803 5096 2296 5098 9447 2294 5091
  553 5097 6803 2296 5096 5098 9446 9447 5091 5090 2296 5096 9446 2296
 5098 9446]"
3223,[91],[630]
3224,[91],[893]
3225,[91],[895]
3226,[91],[916]
3227,[91 91 91 91],[ 984 9817 2420 5405]
3228,[91],[1110]
3229,"[91 91 91 91 91 91 92 92 92 92 92 92 92 92 92 92 92 92 92 92 92 92 92 93
 93 93 93 93 93 93 93 93 93 93 93 93 93 94 94 94 94 94 95 95]","[1358 7054 7053 5515 2464 5514  433 5513 5515 7052 7053 8500 8503 1969
 5514 8499 2464 1358 8504 8497 9946 9947 8505   28 2732 8497  812 9946
 9947 5514 5515 1358 8504 8505 8503 8500 8499 2464 5514 5515 9946 8497
 2732 9946]"
3230,[91 91 92],[1389 5606 1389]
3231,[91],[1409]
3232,[91 91 91],[1869 8227 8228]
3233,[91 91 92 92 92 93 93 93 94 94 94 95 95 95 96 96 96 97 98],"[2237 4949 2237 4951 4949  531 4951 5082  531 4951 5080  531 4951 5082
  531 4951 5080 4951 4951]"
3234,[91 91],[2303 9474]
3235,[91],[3171]
3236,[91],[3544]
3237,[91],[4475]
3238,[91],[5419]
3239,[91],[5920]
3240,[91 92 93 93 94 95],[6093 6093 6092 6093 6093 6093]
3241,[91],[6423]
3242,[91],[6651]
3243,[91],[7263]
3244,[91],[8343]
3245,[91],[8676]
3246,[91],[9491]
3247,[91],[9755]
3248,[91],[9834]
3249,[91 92],[9973 9973]
3250,[91],[10068]
3251,[91],[10094]
3252,[91 91 91 91 92 92],[10736 14935 14936 19198 10736 14936]
3253,[91],[11011]
3254,[91 91 92 92],[11275 17716 13195 17716]
3255,[91],[11625]
3256,[91],[11710]
3257,[91 92 92 92 92 92 93 93 93 93 93 94 94 94 94],"[12033 11664 18260 12033 14186 14184 11664 18260 12033 14184 16353 12033
 14185 12997 16353]"
3258,[91 92],[13853 13853]
3259,[91],[14589]
3260,[91],[17382]
3261,[91],[17538]
3262,[91],[17702]
3263,[91],[17796]
3264,[91],[17966]
3265,[91],[18104]
3266,[92 92 92 92],[   7 2611 9594 2610]
3267,[92],[56]
3268,[92],[181]
3269,[92 92],[ 290 7749]
3270,[92],[384]
3271,[92],[561]
3272,[92 92 93 93 93],[ 587 9749  587 9749 9751]
3273,"[92 92 92 93 93 93 93 93 93 93 93 93 93 93 93 93 94 94 94 94 94 94 94 94
 94 94 94 94 95 95 95 95]","[ 612 5535 7065   39 2745 9972 2472 5535  612 5533 5531 7065 1365 7067
 3285 7068   39 2743 2745 9972 2472 5535  612 5533 7065 1365 7067 1366
 2472 9972 2745 2743]"
3274,[92 92],[ 810 2730]
3275,[92],[1200]
3276,[92 92 93],[1940 4259 4259]
3277,[92 93],[2051 2051]
3278,[92 92 92 92 93 93 93 94],[2426 5420 9835 9836 5420 9835 9836 5420]
3279,[92 93 93],[2689 2687 2689]
3280,[92],[2743]
3281,[92 93],[3178 3178]
3282,[92 92],[3327 3329]
3283,[92],[3332]
3284,[92 92 93 93],[3713 3714 3712 3713]
3285,[92 93 93 94 94 95 95 95],[3738  765 3738  765 3738 1667 3738 7729]
3286,[92 92],[4471 8683]
3287,[92 92 92 92 93 93 93 93 93 93 93 93 93 94 94 94 94 94 94 95 95 95],"[5171 5172 5173 9563 2324 9533 5171 6845 5172 5173 5174 9563 5196 2324
 9533 9534 5171 2326 5173 2324 9533 5171]"
3288,[92],[5608]
3289,[92],[5679]
3290,[92 92 93 93 93],[6024 9571 6024 9568 9571]
3291,[92],[6794]
3292,"[ 92  92  92  93  93  93  94  94  95  95  96  97  98  99 100 100 101 101
 102 102]","[7672 8286 8285 7672 8286 8285 8285 8286 8285 8286 8285 8285 8285 8285
 8285 8286 7672 8286 7672 8286]"
3293,[92],[7966]
3294,[92],[8209]
3295,[92 93 93 93 93 93],[8675 2034 4463 8675 2812 2813]
3296,[92 92],[9434 9436]
3297,[92],[9520]
3298,[92],[9597]
3299,[92 92 93 94],[10026 10053 10053 10053]
3300,[92],[10896]
3301,[92 93],[10897 10897]
3302,[92],[11070]
3303,[92 93],[11505 11505]
3304,[92],[11972]
3305,[92 92],[12591 19852]
3306,[92],[12754]
3307,[92 93 93 94 94 95],[12764 12764 15904 12764 15904 12764]
3308,[92],[13769]
3309,[92],[14439]
3310,[92],[15151]
3311,[92 93 93 94 94 94 95 95 95],[15570 15570 17184 10826 15570 17184 10826 15570 17184]
3312,[92],[16672]
3313,[92],[17155]
3314,[92],[17641]
3315,[92],[18232]
3316,"[ 93  93  93  94  94  94  95  96  97  98  99 100 100 101 102 102 103 103
 104 104 104 104 104 105 105 106 106]","[ 132 9476 9477 9476 9477 9478 9478 9478 9478 9478 9478 2307 9478 9478
 9477 9478 9477 9478  132 3141 9467 9477 9478 9477 9478 9477 9478]"
3317,[104],[1013]
3318,[93 94 95 96 97 98],[462 462 462 462 462 462]
3319,[93 94],[472 472]
3320,"[96 96 96 96 96 96 96 96 96 93 94 95 96 97 97 97 97 97 97 97 97 97 97 97
 97 97 98]","[ 546 5062 5064 2280 5063 2281 9401 9407 2282 5076 5076 5076 5076  547
 5067 5069 5066 9418 9406 9407 5076 2281 5064 5063 5062 2280 5063]"
3321,[93],[1003]
3322,[93],[1551]
3323,[93],[1626]
3324,[93],[1714]
3325,[93 94 94],[ 2514  2514 10099]
3326,[93 93],[ 2523 10126]
3327,[93 93 94 94],[2684 2698 2684 2698]
3328,[93 93],[3053 3055]
3329,"[ 93  93  94  94  94  95  95  96  96  96  96  97  97  97  97  97  97  96
  96  96  96  97  97  97  97  97  97  97  97  97  98  98  98  98  98  98
  98  98  98  98  98  98  98  98  98  98  98  98  98  98  98  98  99  99
  99  99  99  99  99  99  99  99  99 100]","[4108 4109 1869 4109 8228 1869 4109 1869 4109 8227 8228  389 4102 8227
 8228 1869 4109 3053 7611 7612 8230   56 3053 3055 7611 8221 8230 8220
 7612 7613  389 4098 4100 4102 6205 8227 4101 1867 8228 1869 8220 8221
 8229 4109 4108 1133 3053 8230 3055 7611 7612 7613 1867 4101 8220 8221
 8228 8229 8230 1869 4109 1870 4108 1870]"
3330,"[93 93 93 94 94 94 94 94 95 95 95 95 95 95 95 95 96 96 96 96 96 96 96 96
 97 97 97 98]","[4126 4127 8250 4126 4127 8250 6220 6221   57 7274 8685 8250 4126 4127
 6220 6221   57 7274 8685 8250 4126 4127 6220 6221 4126 8250 7274 7274]"
3331,[93],[4197]
3332,[93],[4685]
3333,[93],[4841]
3334,[93 93 94],[4970 9294 9294]
3335,[93 94],[5025 5025]
3336,[93 93 94],[5055 5056 5056]
3337,[93],[5087]
3338,[93],[5255]
3339,[93 93 94],[5341 9738 5341]
3340,[93 94 95 95 95],[5788 5788  656 5788 5789]
3341,[93],[5996]
3342,[93 93],[6350 9491]
3343,[93 94 94 94],[6899 1272 6900 6899]
3344,[93],[7438]
3345,[93],[7698]
3346,[93],[7936]
3347,[93],[8227]
3348,[93 93],[9133 9134]
3349,[93],[9137]
3350,[93 93],[9271 9274]
3351,[93],[9672]
3352,[93],[9989]
3353,[93 93],[10146 10149]
3354,"[93 93 93 93 93 94 94 94 94 94 94 94 94 95 95 95 95 95 95 95 95 95 95 95
 95 95 96]","[10561 14081 16290 11969 18115 14079 14081 11042 14084 14085 16291 16293
 16289 11042 14084 14085 16290 16291 16292 18118 16293 14083 16289 14081
 14077 16288 18118]"
3355,[93 93],[10703 14710]
3356,[93 93],[10820 17154]
3357,[93 93],[11337 16823]
3358,[93 93],[11497 13417]
3359,[93],[11566]
3360,[93 94 95 95],[11625 11625 11625 13544]
3361,[93 93 93 94],[12017 15876 20332 15876]
3362,[93 94],[12100 12100]
3363,[93],[12611]
3364,"[ 93  94  94  94  94  94  94  94  94  94  95  95  95  95  95  95  95  95
  95  95  96  96  96  96  96  96  96  96  96  96  97  97  97  97  97  97
  97  97  97  97  97  97  97  97  98  98  98  98  98  98  98  98  98  98
  99  99  99  99  99 100 101 101 101 101 102 102 102 103 103 103 103 104
 104 104]","[12727 10581 15808 15810 18195 12003 15809 12727 20251 20252 10581 15808
 15810 18192 12003 15809 12727 20251 20252 20255 10581 15808 15810 18192
 12003 15809 18191 20251 20252 20255 10581 15808 15810 18192 18195 12003
 15809 18191 12727 20251 20252 14136 20253 20255 10581 15808 15810 18192
 18195 12003 15809 12727 20251 20252 10581 15808 15810 15809 12727 15808
 12727 15809 15808 18192 12727 15808 18192 10581 15808 15810 18192 10581
 15810 18195]"
3365,[93 94],[13040 13040]
3366,[93],[13171]
3367,[93 94 94 95 96 97 97],[13378 10372 13378 13378 13378 10372 13378]
3368,[93],[13741]
3369,[93],[13915]
3370,[93],[14022]
3371,[93 94],[14349 14349]
3372,[93],[16803]
3373,"[ 93  94  94  94  94  94  94  94  94  95  95  95  95  95  95  95  95  96
  96  96  96  96  96  96  96  96  96  96  97  97  97  97  97  97  97  98
  98  98  99  99  99  99  99  99  99 100 100 100]","[17331 11620 13541 17332 17333 11621 17331 15818 15819 11620 13541 17332
 11622 17333 11621 17331 15819 11620 13541 17330 17332 11622 17333 17331
 11621 15818 20263 15819 11620 13541 17329 17330 17332 17333 11621 11621
 15818 13541 11620 13540 13541 17330 17332 17331 11621 11620 17329 17330]"
3374,[93],[17412]
3375,[93 94 95],[17588 17588 17588]
3376,[93],[18293]
3377,"[93 94 94 94 94 95 95 95 95 95 95 95 95 95 95 96 96 96 96 96 96 96 96 96
 96 96 96 97 97 97]","[19304 12408 15021 19303 19304 11845 15021 19302 12408 15022 19303 19304
 19306 17824 17826 11354 19302 19303 11845 15021 12408 19304 15020 15022
 19306 17824 17826 15022 19305 17824]"
3378,[93 94],[19457 19457]
3379,[93],[19685]
3380,[94 94 94 94 95 95 96 96],[ 391 6214 6215 8244 6215 8244  893 6215]
3381,[94 95],[769 769]
3382,[94 94],[ 877 2798]
3383,[94],[1023]
3384,[94],[1354]
3385,[94],[1381]
3386,[94 94],[1653 7699]
3387,[94 94],[1676 7752]
3388,[94 94],[2274 5046]
3389,[94],[2502]
3390,[94],[2713]
3391,[94 94 95 95 95 95 95 96],[3138 6801 1217 3137 6801 7734 9466 9466]
3392,[94],[3287]
3393,[94],[3294]
3394,[94],[3429]
3395,[94],[3668]
3396,[94 95],[3715 3715]
3397,[94],[3962]
3398,[94],[5069]
3399,[94],[5351]
3400,[94],[5495]
3401,[94],[5606]
3402,[ 94  95  96  97  98  99 100 101 101 101 102 103 104],[5655 5655 5655 5655 5655 5655 5655 2519 5655 2520 5655 5655 5655]
3403,[94 95],[5795 5795]
3404,[94],[6252]
3405,[94],[6775]
3406,[94],[7083]
3407,[94],[7108]
3408,[94],[7754]
3409,[94 94 94],[8220 8221 8230]
3410,[94 95],[8348 8348]
3411,[94],[8677]
3412,[94],[9273]
3413,[94],[9291]
3414,[94],[9448]
3415,[94],[9954]
3416,[94],[9990]
3417,[94],[10047]
3418,[94 94 95],[11327 16802 11327]
3419,[96],[13262]
3420,[94 94],[12537 15336]
3421,[94 94 95 95 95 95 95 96 96 96 96 96 97 97 97 97 97 97],"[12591 19844 11638 13559 19844 11640 12591 11638 17362 19843 19844 19842
 10812 17362 19842 11638 19843 19844]"
3422,[94 94 95],[12632 15575 15575]
3423,[94],[13633]
3424,[94],[15517]
3425,[94 94],[15813 15815]
3426,[94],[17124]
3427,[94],[17830]
3428,[94 94 94],[18220 18221 18222]
3429,[94 94],[19315 19316]
3430,[94],[19916]
3431,[94],[20258]
3432,[94 95 95 96],[20276 18198 20276 20276]
3433,[95 95 95 95 96 96 96 96 96],[ 278 7700 1654 9381  279 3717 9381 1654 3718]
3434,[95 96 97 98],[767 767 767 767]
3435,[95],[862]
3436,[95],[1019]
3437,[95],[1375]
3438,"[95 95 95 95 95 96 96 96 96 96 96 96 96 96 96 96 96 96 97 97 97 97 97 97
 97 97 97 98 98]","[1898 4168 4169 8316 8317 1200 8304 1897 4168 1898 4169 8314 1901 8315
 8316 7704 8317 7705 1897 4168 1898 4169 8314 1901 8315 8316 8317 1898
 4168]"
3439,[95],[2531]
3440,[95 95],[3115 7703]
3441,[95],[3497]
3442,[95],[3693]
3443,[95],[4259]
3444,[95 95],[4384 6377]
3445,[95 96],[5095 5095]
3446,[ 95  96  97  98  98  98  99  99 100 100],[5263 5263 5263 5263 9646 9647 5263 9647 5263 9647]
3447,[95],[6372]
3448,[95],[6761]
3449,[95 95],[7575 7576]
3450,[95 96],[7632 7632]
3451,[95],[7668]
3452,[95],[7832]
3453,[95 96],[8654 8654]
3454,[95 96],[8729 8729]
3455,[95 96 97 97 98 98],[9186 9186 9186 9187 9186 9187]
3456,[95 96 97],[9274 9274 9274]
3457,[95],[9619]
3458,[95],[9651]
3459,[95],[10278]
3460,[95 96 96 96 97 97 97 97 97 97 97 97 97 98 98],"[10416 10416 16028 19189 10416 13646 16028 19189 10896 12368 14928 19190
 19187 13646 19190]"
3461,[95],[10989]
3462,[95 95],[11136 16459]
3463,[95],[11192]
3464,[95],[11193]
3465,[95 95 95 95 95 95],[11476 17072 17074 11477 17075 15389]
3466,[95],[12002]
3467,[95 95],[12018 14160]
3468,[95],[12608]
3469,[95],[12818]
3470,[95 95],[14321 18441]
3471,[95 96 97],[14618 14618 14618]
3472,[95],[14775]
3473,[95 95 96],[14937 14938 14938]
3474,[95 96],[15410 15410]
3475,"[ 95  95  96  96  97  97  98  98  99  99 100 100 101 102 103 104 104 104
 104 105 105 105 105 105 105 105 105 106 106 106 106 106 106 106 106 106
 106 107 107 107 107 107 107 107 107 107 107 107 107 108 108 108 108 109
 109 109 110 110 111]","[17039 17040 17039 17040 17039 17040 17039 17040 17039 17040 17039 17040
 17040 17040 17040 17039 17040 12536 15333 10794 15333 17040 19685 12536
 17039 19690 12539 10794 15331 15333 17040 19685 12536 17039 19682 19690
 12539 10794 15331 15333 17040 19685 12535 12536 19689 17039 19682 19690
 12539 12536 15333 17039 17040 12536 15333 15331 12536 15333 15333]"
3476,[95],[18028]
3477,[95],[18439]
3478,[ 95  96  96  97  97  98  98  99  99  99 100 101],[19729 14585 19729 14585 19729 14585 19729 19729 19730 19732 19729 19729]
3479,[95],[19855]
3480,[96],[458]
3481,[96],[659]
3482,[96 97],[750 750]
3483,[96],[790]
3484,[96 97 98],[1122 1122 1122]
3485,[96 96 96 97 97 98],[1302 6951 6950 6950 6951 6950]
3486,[96 97],[2045 2045]
3487,[96],[2348]
3488,[96 97],[2808 2808]
3489,[96],[3009]
3490,[96 96],[3755 7754]
3491,[96 97],[3789 3789]
3492,[96 96],[4386 4387]
3493,[96 97],[5259 5259]
3494,[96],[5894]
3495,[96 97],[5976 5976]
3496,[96],[6395]
3497,[96 96 97],[6439 6440 6439]
3498,[96],[7436]
3499,[96],[7707]
3500,[96],[7764]
3501,[96 97 98],[8349 8349 8349]
3502,[96 96],[8382 9622]
3503,[96 97 97],[8849 8849 8850]
3504,[96],[9003]
3505,[96 97 97 98 98],[9134 9133 9134 9133 9134]
3506,[96 97 98],[9137 9137 9137]
3507,[96 96],[9278 9279]
3508,[96],[9448]
3509,[96],[10119]
3510,[96 96 96 96 96 97 97 97 97 97],[10562 15651 10563 14086 11972 10562 15651 18120 11972 14087]
3511,[96],[10687]
3512,[96 97],[10736 10736]
3513,[96],[11222]
3514,[96],[11970]
3515,[96],[13259]
3516,[96],[15009]
3517,[96],[15574]
3518,[96],[17168]
3519,[96 97 97 97 97 97 98],[17637 10448 13738 13740 13739 17637 17637]
3520,[96],[17830]
3521,[96],[18188]
3522,[96],[18226]
3523,[96],[18811]
3524,[96 97 97 98],[19197 19196 19197 19197]
3525,[96],[19595]
3526,[96],[19857]
3527,[97],[19902]
3528,[96 97],[19966 19966]
3529,[97 98 98 99],[ 218  218 6425  218]
3530,[ 97  97  97  97  98  98  99  99  99 100 100 100 101],[1112 3031 6610 3030 1112 3031 1112 3031 6609 1112 3031 6609 1112]
3531,[97],[1196]
3532,[97 98],[1272 1272]
3533,[97 98 98 98 98 99],[1469 1469 3406 3405 7265 1469]
3534,[97],[1653]
3535,[97 97 98],[1863 4138 1863]
3536,[97 97],[1981 4344]
3537,[97],[1982]
3538,[97 97 98 99],[2341 9584 2341 2341]
3539,[97],[2523]
3540,[97],[2656]
3541,[97 97 97 97 98 98 98 98 98 98 98 99 99 99 99 99],"[2658 2659 2660 8182   22 2647 2658  738 2659 5936 5939  738 5936 5938
 5937  739]"
3542,[97 97 98],[2690 5996 2690]
3543,[97],[3122]
3544,[97],[3200]
3545,[ 97  98  99 100 101 101 102 103 103 104 105 106 106 107],[3501 3501 3501 3501 1525 3501 3501  208 3501 3501 3501 3499 3501 3499]
3546,[97],[3657]
3547,[97],[3715]
3548,[97],[4136]
3549,[97 98 99],[4201 4201 4201]
3550,[97 98],[4841 4841]
3551,[97 98 98],[5082 5081 5082]
3552,[97],[5396]
3553,[97],[5788]
3554,[97],[5872]
3555,[ 97  98  99 100],[6265 6265 6265 6265]
3556,[97 98],[7806 7806]
3557,[97],[8186]
3558,[97 98],[8282 8282]
3559,[97 98],[8300 8300]
3560,[97],[8383]
3561,[97],[9282]
3562,[97],[9836]
3563,[97],[10091]
3564,[97],[10591]
3565,[97],[10900]
3566,[97 97 97 98 98],[11396 13316 19474 11396 13316]
3567,[97 98 99],[11625 11625 11625]
3568,[97 97 97],[11721 19434 19435]
3569,[97],[11859]
3570,[97 97],[12239 18814]
3571,[97],[12307]
3572,[97 97 97 98 99],[12729 15815 15813 15813 15813]
3573,[97 98],[14589 14589]
3574,[97 98 99 99],[14619 14619 14619 14621]
3575,[97],[15080]
3576,[97],[16029]
3577,[97 97 98 98],[16049 16050 16049 16050]
3578,[ 97  98  98  98  98  99  99  99  99  99  99  99  99  99  99 100 100 100],"[16672 11255 14717 14718 16672 10704 14717 14719 16674 11255 14718 16673
 12281 18931 18932 10704 14721 16674]"
3579,[97],[17110]
3580,[97],[18476]
3581,[97 97],[19315 19316]
3582,[97],[19451]
3583,[97],[19594]
3584,[97],[19821]
3585,[97],[19973]
3586,[98 99],[252 252]
3587,[98],[441]
3588,[98],[665]
3589,[98 99 99],[ 898  898 6225]
3590,[98],[1111]
3591,[ 98  99 100],[2764 2764 2764]
3592,[98 98 98 99],[3668 7633 7634 7634]
3593,[98],[4163]
3594,[98 98],[4905 8242]
3595,[98],[5787]
3596,[98 98 99 99 99 99 99],[6215 8244 4121 8244 6215 6214 6216]
3597,[98],[6899]
3598,[98],[7094]
3599,[98],[7615]
3600,[98],[10329]
3601,[98 98],[10589 18224]
3602,[98 98 99],[10858 15803 10858]
3603,[98 98],[10968 16157]
3604,[98 99 99],[11391 11391 16918]
3605,[98 98 99],[12006 20276 20276]
3606,[ 98  98  99  99  99  99  99  99  99  99 100 100 100 100 100 100 100 100],"[12372 19200 10296 13044 13046 19200 19201 12372 19199 14938 11126 13045
 13046 19201 19202 13044 12372 19199]"
3607,[98 98 99 99 99],[13657 16036 13657 16036 16035]
3608,[98],[13913]
3609,[98],[13915]
3610,[98],[15545]
3611,[98],[15877]
3612,[98],[16034]
3613,[98],[16047]
3614,[98 98],[16423 16424]
3615,[98 98 99 99 99 99 99 99],[16611 16613 10449 14618 16611 16612 17636 16613]
3616,[ 98  99  99 100 100 101 101 102 102],[16850 16848 16850 16848 16850 16848 16850 16848 16850]
3617,[98],[16920]
3618,[98],[17144]
3619,[98 98 98],[17830 17832 17833]
3620,[98],[19193]
3621,[98],[19733]
3622,[98],[19934]
3623,[98],[19938]
3624,[98 99],[20259 20259]
3625,[ 99 100],[531 531]
3626,[ 99 100],[1939 1939]
3627,[ 99 100],[2148 2148]
3628,[99],[2294]
3629,[99],[2609]
3630,[ 99  99 100 100],[3198 6909 3198 6909]
3631,[ 99 100],[5096 5096]
3632,[ 99 100],[5975 5975]
3633,[99],[6212]
3634,[ 99  99 100],[6522 6524 6524]
3635,[ 99 100 100],[6761 3116 6761]
3636,[99],[6892]
3637,[99],[8185]
3638,[ 99 100],[8213 8213]
3639,[99],[8233]
3640,[99],[9394]
3641,[ 99 100 100],[9446 5091 9446]
3642,[99],[10562]
3643,[99 99],[11138 18495]
3644,[99 99],[11323 16797]
3645,[99 99],[11361 13281]
3646,[99],[11505]
3647,[99],[11721]
3648,[99],[12124]
3649,[ 99 100],[12307 12307]
3650,[99],[13476]
3651,[99],[13558]
3652,[99],[13645]
3653,[99],[13656]
3654,[99 99],[13925 13926]
3655,[99],[14040]
3656,[99],[14167]
3657,[ 99 100 101 102 102 102 102 103],[15448 15448 15448 12581 15448 19818 19820 19820]
3658,[99],[15876]
3659,[ 99 100],[16031 16031]
3660,[99],[18103]
3661,[99],[18323]
3662,[99],[18814]
3663,[99],[18865]
3664,[99],[19815]
3665,[100 100 100 101 101 101 102 102 103 104 105 105 105 106 106 106 107],"[  88 2899  979  979 2899 7399  979 2899 2899 2899  979 2899 7399  979
 6369 7398 7398]"
3666,[100],[120]
3667,[100],[127]
3668,[100],[704]
3669,[100],[1270]
3670,[100 100],[1898 4168]
3671,[100],[2677]
3672,[100 100],[2827 2829]
3673,[100 100],[3497 7393]
3674,[100 101 101 101 102 102 102 102 102 102],[3655  258 3655 1618  258 3653 3655 8236 1618 1872]
3675,[100],[4376]
3676,[100 100 101 101],[4415 6396 4415 6396]
3677,[100],[5039]
3678,[100],[5098]
3679,[100],[5259]
3680,[100],[5420]
3681,[100],[5803]
3682,[100],[6425]
3683,[100],[6898]
3684,[100 101 102],[7804 7804 7804]
3685,[100],[8531]
3686,[100],[9003]
3687,[100],[9651]
3688,[100],[10019]
3689,[105 106],[15080 15080]
3690,[100],[12153]
3691,[100 101],[12463 12463]
3692,[100],[12814]
3693,[100],[14616]
3694,[100 100],[14662 14663]
3695,[100],[15585]
3696,[100],[15815]
3697,[100],[15819]
3698,[100],[15904]
3699,[100],[16436]
3700,[100 101 101],[17588 10316 17588]
3701,[100],[17966]
3702,[100],[20334]
3703,[101 101 102 102 103 103 103 103 103 103],[  617  5575   617  7088  5570 10012  7085  7086  7087  7088]
3704,[101 101],[ 698 5862]
3705,[101],[1048]
3706,[101],[1214]
3707,[101],[1398]
3708,[101 101],[1557 7469]
3709,[101 101 102 102],[2281 9407 2281 9407]
3710,[101 101],[2310 5131]
3711,"[101 102 102 102 102 102 102 102 102 103 103 103 103 103 103 103 104 104
 104 104 105 105 105 105 105 105 105 105 105 105 105 104 104 104 105 105
 106 106 106 106 106 106 106 106 106 106 106 106 106 106 106 106 106 107
 107 107 107 107 107 107 107 107 107 107 107 107 107 107 107 108 108 108]","[2426 2425 9833 2426 5418 9834 5419 5420 9835 2425 9832 2426 5419 5420
 9835 9836 2426 5420 9835 9832 2425 9832 9833 5418 2426 9834 5417 5420
 9835 6996 9836    7 2611 9594 2610 2611    7 2611 9594 2610  689 5849
 9835 9836 2426 5420 9834 5418 5419 5417 9832 6996 2425 2425 9830 9831
 9832 9834 5418 2426 9835 5417 5419 5420 9836 6996 2610 2611 9594 2426
 5420 9835]"
3712,[101 102],[3397 3397]
3713,[101 102],[3793 3793]
3714,[101 101 102],[4711 7550 7550]
3715,[101 101],[5081 9424]
3716,[101 102 102],[5261 2363 5261]
3717,[101],[5583]
3718,[101],[6897]
3719,[101],[7298]
3720,[101],[7454]
3721,[101],[7576]
3722,[101],[8203]
3723,[101],[10013]
3724,[101 101 102 102 103 103 104 104 105 105 106],[11505 17124 11505 17124 11505 17124 11505 17124 11505 17124 17124]
3725,"[101 101 101 101 101 101 101 101 101 101 102 102 102 102 102 102 102 102
 102 102 102 102 102 102 103 103 103 103 103 103 103 103 103 104 104 104
 104 104 104 104 104 104 104 104 104 104 104 104 104 104 104 104 104 104
 104 102 103 103 103 103 104 104 104 104 104 104 104 104 104 104 105 105
 105 105 105 105 105 105 105 105 105 105 105 105 105 105 105 105 105 105
 105 105 105 105 105 105 105 105 105 105 105 105 105 105 105 105 105 105
 105 105 105 106 106 106 106 106 106 106 106 106 106 106 106 106 106 106
 106 106 106 106 106 106 106 106 106 106 106 106 106 107 107 107 107 107
 107 107 107 107 107 107 107 107 107 107 107 107 107 107 107 108 108 108
 108 108 108 108 108 108 108 108 108 108 108 108 108 108 108 108 109 109
 109 109 109 109 109 109 109 109 109 109 109 109 109 109 109 109 110 110
 110 110 110 110 110 110 110 110 110 110 111 111 111 111 111 111 111 111
 111 111 111 112 112 112 112 112 112 112 112 112 112 112 112 112 112 112
 112 112 113 113 113 113 113 113 113 113 113 113 113 113 113 113 113 113
 113 113 113 113 113 114 114 114 114 114 114 114 114 115 115 115 115 115
 115 115 115 115 115 116 116 116 116 116 116 116 116 116 117 117 117 117
 117 118 118 118 118 118 118 111 112 112 113 114 114 115 116 117 118 119
 119 119 119 119 119 119 119 119 119 120 120 120 120 120 120 120 120 120
 121 121 121 121 122 122 122 122 122 122 123 123 123 123 123 123 124 124
 124 124 124 124 124 124 124 124 124 125 125 125 125 125 125 125 125 125
 126 126 126 126 126 126 126 126 126 126 126 126 127 127 127 127 127 127
 127 127 127 128 128 128 128 128 128 128 129 129 129 130 130 130 130 130
 130 130 131 131 131 131 131 131 131 132 132 132 132 132 132 132 132 133
 133 133 133 134 134 135]","[11640 13559 20332 20333 13558 12591 12755 15880 15881 20336 11638 13558
 13559 19844 11640 12591 17366 20332 20333 20334 12754 20336 12755 15880
 11638 13559 19844 11640 12591 20332 20333 20334 20336 11638 13558 13559
 19844 13560 11640 12591 18221 20332 20333 19852 18222 15877 12754 20334
 14159 15876 20336 12018 12755 15880 15881 16339 10590 14161 16340 16339
 10590 14161 14163 16340 20352 20355 11069 16339 11070 20351 10589 18224
 12018 18223 14159 14160 18225 12017 18222 11069 15877 18221 18220 14161
 16339 12754 13560 10590 14163 16340 11070 20334 20335 20336 13558 14165
 20352 20355 12019 20351 15880 12755 19845 12761 15881 12591 15883 15468
 19852 15885 19856 10590 14161 14163 16340 20352 20355 11069 16339 11070
 18225 12018 14160 14159 18222 12017 18220 18221 15876 15877 19855 13560
 12754 19856 13558 20336 15881 19852 18228 11641 17367 18228 18229 17368
 14164 18230 15878 15877 12016 14159 18220 18222 19856 14160 18221 13560
 13558 16339 19852 11069 14162 18225 18226 14160 18224 18227 14159 18223
 12016 18222 12017 18220 19856 15877 13558 13560 18229 18230 10589 18224
 12018 18226 14159 18225 12019 14162 12016 18222 11069 18220 12017 15877
 12754 13558 13560 18229 12017 15877 18221 18222 18223 12754 12020 18229
 20357 12762 14162 18226 12017 15877 12754 12020 14165 18229 20357 12762
 20365 14162 18226 12017 15876 15877 20332 12754 20333 13560 20334 20336
 12020 14164 14165 18229 18230 20357 12762 20365 12017 15876 15877 20332
 12754 20333 13560 20334 20336 13558 12755 15880 15881 12019 14164 18228
 12020 14165 18229 20357 12762 12017 15877 20332 13560 13558 15880 18228
 18229 10380 13558 13560 18221 20332 12017 18222 15877 18223 15880 10380
 13558 13560 18221 20332 12017 18222 15877 18223 12017 18221 20332 13560
 13558 12017 15877 18223 20332 13560 13558 19845 12591 19845 12591 12591
 19852 19852 19852 19852 19852 12017 15877 18223 20332 12018 13560 13558
 19845 12591 19852 12591 19852 13558 13559 13560 20332 15877 20333 18223
 12591 13559 15877 20332 12591 13558 13559 13560 15877 20333 12591 13558
 13559 13560 15876 15877 12017 15876 15877 18221 18222 18223 20332 13560
 14159 13558 14160 12016 14159 18222 12017 15876 20332 15878 13560 13558
 12754 15877 15878 20333 20336 20332 12755 15880 13560 15881 13558 13559
 11640 20332 12754 20334 20336 12755 15880 15881 13558 12754 15877 20336
 12755 15880 13558 13559 13560 20332 15877 12017 15877 18221 18222 20332
 13560 13558 11640 13559 13560 13558 14159 18222 10588 10588 14158 19857
 12016 14159 19856 18220 18222 10588 12016 14159 18220 10588 14159 10588]"
3726,[101],[11775]
3727,[101],[12415]
3728,[101],[15435]
3729,[101],[15813]
3730,[101 102],[15885 15885]
3731,[101 101],[17105 19811]
3732,[101],[17108]
3733,"[101 102 103 103 103 103 103 103 104 104 104 104 104 105 105 105 105 105
 105 105 105 105 105 106 106 106 106 106 106 106 106 106]","[17823 17823 11354 19302 19303 11845 17823 11846 11845 17823 19302 17824
 17826 11845 15021 17823 12408 17824 17827 16853 17828 16854 16855 11845
 15021 17823 17824 17827 11847 17828 16854 19305]"
3734,[101],[19303]
3735,[101],[19315]
3736,[101 101 101 101 102 102 103 103 104 104 104 104 105 105 105 106],"[19448 19450 19451 19452 19451 19452 19451 19452 12456 19448 19451 12457
 12457 19450 19448 19448]"
3737,[102 103 103 103 103 104 104],[ 180  180 4149 6233 8281 1888 8281]
3738,[102 102 102],[ 572 5236 6885]
3739,[102],[701]
3740,[102 103],[1020 1020]
3741,[102],[1027]
3742,[102 102],[1543 7437]
3743,[102 102 103 103 104],[2241 4961 2241 4961 4961]
3744,[102 102 102 102 102 102 102 102 102 102 102 102 102],"[ 2511  5632  5633 10088 10089 10096 10097 10095  2513  5640 10094  5638
  2512]"
3745,[102],[3170]
3746,[102],[3302]
3747,[102 103 103],[3305 3305 3306]
3748,[102 103 104 104 105],[3408 3408 3408 3410 3408]
3749,[102 103 103],[4712 4712 8978]
3750,[102 102 103],[5038 9374 9374]
3751,[102],[5076]
3752,[102 102 102 103 103],[5095 5096 5097 5097 5098]
3753,[102],[5209]
3754,[102],[5253]
3755,[102],[5645]
3756,[102],[6011]
3757,[102],[6492]
3758,[102],[6652]
3759,[102 102],[7472 7473]
3760,[102],[7734]
3761,[102],[8968]
3762,[102 103 104],[9037 9037 9037]
3763,[102 103 103 104],[9371 2270 9371 9371]
3764,[102],[9594]
3765,[102],[9601]
3766,[102 103],[10363 10363]
3767,[102],[10399]
3768,[102],[10437]
3769,[102 103],[10736 10736]
3770,[102],[10807]
3771,[102 103 104 105 106],[11011 11011 11011 11011 11011]
3772,[102 102 102 103 103 103],[11396 19473 19474 11396 19473 19474]
3773,[102],[11960]
3774,[102 102 102 102 102 103 103 103 103 104 104 105 105 105 106 106],"[12112 14351 18472 18473 17852 12112 18472 18473 17852 18472 18473 12112
 14351 18473 14351 18473]"
3775,[102],[12223]
3776,[102],[12260]
3777,[102],[12401]
3778,[102 102 102],[12638 19988 19989]
3779,[102 102],[12759 20374]
3780,[102],[13177]
3781,[102 102],[13281 19329]
3782,[102],[13321]
3783,[102],[13915]
3784,"[102 103 104 104 105 105 105 102 102 103 104 104 104 105 105 105 105 105
 105 105 105 105 105 105 105 105 106 106 106 106 106 106 106 106 106 106
 106 106 106 107 107 108 109]","[14589 14589 14589 12223 12223 18773 14589 14594 18779 14594 14594 10681
 17624 10446 14593 14595 16597 17625 14594 17624 12226 18779 18780 18782
 10681 14597 10446 14595 16597 17625 14594 17624 18779 17623 10681 14588
 14589 18773 12223 12223 14589 14589 14589]"
3785,[106 106 106 107 107 107],[14596 14597 18782 14597 18782 18780]
3786,[102 103 103 103 103 104 104 105 105],[14670 12262 14670 18875 18876 12262 18875 12262 18875]
3787,[102],[15158]
3788,[102],[15191]
3789,[102],[16655]
3790,[102],[16890]
3791,[102],[17382]
3792,[102],[18028]
3793,[102],[18056]
3794,[102 103 104 105 105 106 106 107 107],[19169 19169 19169 14911 19169 14911 19169 14911 19169]
3795,[102],[19316]
3796,[102],[19322]
3797,[102],[19895]
3798,[103],[66]
3799,[103 104],[120 120]
3800,[103],[332]
3801,[103],[984]
3802,[103 103 104],[1257 6870 1257]
3803,"[103 103 103 104 104 104 105 105 106 106 106 106 106 106 106 106 106 106
 106 106 106 107 107 107 107 107 107 107 107 107 107 107 107 107 107 108
 108 108 108 108 108 108 108 108 108 108 109 109 109 109 109 109 109 109
 109 109 109 109 109 109 109 109 109 110 110 110 110 110 110 110 110 110
 110 110]","[1365 7067 1366 1366 7066 7067 7066 9976  152 3281 3283 3285 7935 7934
 3284 1365 7065 7067 1366 7068 9976  152 3281 3283 3285 3287 7935 7936
 7934 3284 1365 3286 1367 7067 7068  152 3281 3283 3285 7935 7936 7934
 3284 1365 1367 7068  152 3281 3283 3285 3287 7935 7936 7934 3284 1365
 3286 1367 7065 7067 7068 7066 1366  152 3281 3285 3287 7936 7934 1365
 3286 7065 7067 7068]"
3804,[103],[1761]
3805,[103 104],[1762 1762]
3806,[103],[2265]
3807,[103 103 104 104 104 105 105 105 105 106],[2282 5068 2282 5068 9408 2282 5068 9408 2283 5068]
3808,[103 103 103 104 104 104 104 104 105],[2315 5143 5144 2315 5143 5144 5145 5142 5143]
3809,"[103 104 104 104 105 105 105 105 105 105 105 105 105 105 105 105 106 106
 106 106 106 106 106 106 106 106 106 106 106 106 106 107 107 107 107 107
 107 107 108 108 108 108 109]","[2420 2420 9817 6378  447 4391 6378 6379 9813 9816 8588  984 6380 9817
  985 2420  447 6378 6379 9816  984 9817  985 8588 2420 9815 2904 9818
 5405 4393 8589  447 4391 6379 9813 9816 8588 4393  447 6378 9816 8588
  447]"
3810,[103],[2517]
3811,[103 103],[2744 6091]
3812,[103 104],[2838 2838]
3813,[103 104],[2907 2907]
3814,[103],[3139]
3815,[103 104],[3904 3904]
3816,[103],[4377]
3817,[103 104],[4459 4459]
3818,[103 103],[5174 9563]
3819,[103 104],[6735 6735]
3820,[103 104],[6743 6743]
3821,[103],[7469]
3822,[103],[7575]
3823,[103],[8344]
3824,[103],[9187]
3825,[103 104 104 104 105 105 105 106 106 106 107],[9280 9278 9279 9280 9278 9279 9280 9278 9279 9280 9278]
3826,[103],[9456]
3827,[103],[9538]
3828,[103 103 103],[9596 9597 9600]
3829,[103 104],[9924 9924]
3830,[103 104],[9961 9961]
3831,[103 104 104 105 105 106 106 106 106],[10278 10278 12998 10278 12998 10278 12998 18825 20053]
3832,[103],[11402]
3833,[103],[11455]
3834,[103 103],[11744 17588]
3835,[103 104 105 106],[12463 12463 12463 12463]
3836,[103],[12878]
3837,[103],[13561]
3838,[103],[13756]
3839,[103 104 104 104 104 104 105 105 105 105],[13825 11816 17752 17754 13825 13824 11816 17753 13825 13824]
3840,[103 103 103],[14597 18782 18780]
3841,[103],[14972]
3842,"[103 103 103 103 104 104 104 104 104 105 105 105 105 105 105 105 105 105
 105 105 105 105 106 106 106 106 106 106 106 106 106 106 106 106 106 106
 106 106 106 106 107 107 107 107 107 107 107 107 107 107 107 107 107 107
 107 108 108 108 108 108 108 108 108 108 108 108 109 109 109 109 109 110
 110 110 111 111 111 111 111 112]","[15039 15041 19334 19335 19334 12414 19322 19324 19325 10752 15039 15041
 19334 12415 19335 19324 19325 19326 12414 15035 10265 18680 10664 14516
 19322 19325 12188 19321 12414 19324 12415 19326 18680 19320 15039 15040
 10752 15041 19334 12418 10664 14516 19325 12188 19321 12415 19324 18680
 12414 15040 15041 10752 19334 12418 15048 10664 14516 19322 19325 10752
 15041 19334 19335 12418 19333 15048 15039 15041 19334 19335 19333 15041
 19335 19333 10752 19334 12418 19333 19335 19335]"
3843,[103],[15324]
3844,[103],[16354]
3845,[103],[16439]
3846,[103 104],[16825 16825]
3847,[103],[16830]
3848,[103],[17065]
3849,[103],[17380]
3850,[103 104 104 104 105 106 107],[18476 18476 18477 18478 18477 18477 18477]
3851,[103],[18534]
3852,[103 104 104 105 105 106],[18698 14530 18698 14530 18698 18698]
3853,[103],[19729]
3854,[104],[65]
3855,[104 105],[158 158]
3856,"[104 104 104 104 104 104 105 105 105 105 105 105 105 105 106 106 106 106
 106 106 106 106 106 107 107 107 107 107]","[  616  5563  7083 10011  1375  7082  1375  3294  7082  7083 10010  7081
 10011  2485  1375  3294  7082  7083  7081 10011  7080  2485 10014  2485
 10010 10011  7083 10014]"
3857,[104 104 104 104 105 105 105],[ 782 2702 2703 8408 2702 2703 8408]
3858,[104 104 104 105 105],[1469 3406 3405 1469 3406]
3859,[104 104 104 105 105 105 106 106],[1602 7580 7579 1602 7580 7579 7579 7580]
3860,[104],[2313]
3861,[104 104],[3002 7537]
3862,[104],[3071]
3863,[104],[3073]
3864,"[104 105 105 105 105 105 105 105 105 105 105 105 105 105 105 105 106 106
 106 106 106 106 106 106 106 106 106 106 106 106 106 106 106 106 106 106
 106 107 107 107 107 107 107 107 107 107 107 107 107 107 107 107 107 107
 107 108 108 108 108 108 108 108 108 109 109 109 109 109 109 109 109 109
 109 109 109 109 109 109 109 109 109 109 109 110 110 110 110 110 110 110
 110 110 110 110 110 110 110 110 110 110 110 110 110 111 111 111 111 111
 111 111 111 111 111 111 111 110 111 111 111 111 111 112 112 112 112 112
 112 112 112 112 112 112 112 112 112 112 112 112 112 113 113 113 113 113
 113 113 113 113 113 113 113 113 113 113 113 113 113 114 114 114 114 114
 114 114 114 114 114 114 114 114 114 114 114 114 114 113 113 113 114 114
 114 115 115 115 115 115 115 115 115 115 115 115 115 115 115 115 115 115
 115 115 115 115 115 115 115 115 115 115 115 115 115 115 115 115 115 116
 116 116 116 116 116 116 116 116 116 116 116 116 116 116 116 116 116 116
 116 116 116 116 116 116 116 116 116 116 116 116 116 116 116 116 116 116
 117 117 117 117 117 117 117 117 117 117 117 117 117 117 117 117 117 117
 117 117 117 117 117 117 117 117 117 117 117 117 117 117 117 117 117 117
 117 113 114 114 115 115 116 116 116 116 116 116 116 116 116 116 116 117
 117 117 117 117 117 117 117 118 118 118 118 118 118 118 118 118 118 118
 118 118 118 118 118 118 118 118 118 118 118 118 118 118 118 118 118 118
 118 118 118 118 118 118 118 119 119 119 119 119 119 119 119 119 119 119
 119 119 119 119 119 119 119 119 120 120 120 120 120 120 120 120 121 121
 121]","[3873  332 3873 9951 2465 9952 5518 5519 9953 7924  334 5521 5523 7929
 2467 9956  332 3873 9951 2465 5518  610 5516 5520 7056 9957 9960 9961
 9956 2467 9959 5522 5523 5521  334 7929 7931  334 5521 5523 7929 5522
 2467 7931 9956 9957 9959  610 9960 2468 5525 5518 9961 2465 3873  610
 9957 9960 2467 9956 5522 5521 5526  334 5521 5523 7929 5522 7928 2467
 9958 9956 9957 9959 7056  610 9960 2468 5516 9961 5526 5528 5529  334
 5521 5523 7929 5522 2467 9958 9956 9959 5525 7056 2468 9960 5526  610
 5516 9961 5528 5517 5529  334 5521 5523 5522 2467 9956 9959 7056 9960
  610 9961 5518 3877 3874 3875 3877 9951 9954  610 5518 5520 9960 2465
 2466 9961 9959 9951 9952 9954 2467 5525 3877 5523 9956 3875 5521  332
 3877 9951 9952 2465 5519 5518 2466 5520  610 9954 9961 9960 7924 3273
 2467 9956 7045  332 9951 2465 9952 5518  610 5520 9960 2466 9961 9959
 9954 2467 7924 9956 3273 1353 7045 5529 9965 7051 9965 5521 5528  332
 9951 2465 9952 5517 5518 5519 9953 5516  610 5520 2466 7924 9954 7056
 9957 9960 9961 3273 9956 2467 9959 5522 5523 9958 5525 5521  334 5526
 7929 5528 5529 9965 7051  332 3875 3877 9951 3876 1750 9952 2465 7923
 7924 9953 5519 5518 1353 3273 2466 5520  610 9961 9960 9957 9959 2467
 9956 5525 5522 5523 5526 5521  334 5528 7929 5529 7931 9965 7051 5508
  332 3873 3875 3877 9951 3874 3876 1750 9952 2465 7923 7924 9953 5519
 5518 1353 3273 2466 5520  610 7045 9960 9957 9959 2467 9956 5522 5523
 5521 7929 7931 5508 7051 9965 5529 5528 5526 9932 9931 9932 9932 9929
  331 5500 2458 5499 9929 9932 9928 1352 7042 3272 3271 1350 3271 1352
 3272 9928 9929 5499 9932  331 5500 7043 2458 9931 1353 9929 9930 3273
 7923 1352 7042 7924 1750 3876 3271 9953 9954 3877 9952 3875 2466 5519
  332 9951 2465 5520 5518  610 9957 2467 5508 7051 9965 5529 5528  610
 5518 5520 9957 5519 9961 2467 9952 9953 1750 3877 9951 9954 7923 3875
 1357 7051 9965 5529  610 5518 9957 2467 3875 3877 9951 9952 2467 3875
 9951]"
3865,[104],[4002]
3866,[104 104 105],[4685 4687 4685]
3867,[104],[4990]
3868,[104],[5188]
3869,[104],[5525]
3870,[104],[5549]
3871,[104 105],[6017 6017]
3872,[104],[6225]
3873,[104],[6291]
3874,[104],[6719]
3875,[104],[8182]
3876,[104 105],[8186 8186]
3877,[104],[8670]
3878,[104],[9186]
3879,[104],[9356]
3880,[104],[9448]
3881,[104],[9599]
3882,[104],[10087]
3883,"[104 104 104 104 104 104 104 104 104 105 105 105 105 105 105 105 105 105
 105 105 106 106]","[10399 13565 20358 13564 11643 13562 17370 17375 20370 10399 13565 20358
 11645 13564 20357 17374 17375 11643 10869 17371 11643 13564]"
3884,[104 104],[10930 20243]
3885,[104 105],[11220 11220]
3886,[104 104 104 104 105 105 105 105 105 105 105 105 105 106 106 106 106 106],"[12412 15032 19315 19316 10748 19313 19316 12411 19312 19315 12412 19314
 15031 10748 19313 19316 19315 12412]"
3887,[104],[12819]
3888,[104],[13895]
3889,[104],[13915]
3890,[104],[14194]
3891,[104],[14344]
3892,[104],[14664]
3893,[104],[15019]
3894,"[104 104 105 105 105 105 105 105 105 105 105 105 105 105 105 106 106 106
 106 106 106 107 107 107 107 107 108 108 108 108 108 108 108 108]","[15323 19666 10773 15191 15193 15322 15324 16956 15325 12479 11455 15323
 17033 17034 19666 11455 15322 17033 15324 15191 12477 11455 15322 15324
 15191 15192 11455 15322 15323 17033 15324 12479 15192 19512]"
3895,[104 104 105 106],[15814 20258 15814 15814]
3896,[104 105],[15909 15909]
3897,[104],[16465]
3898,[104],[16659]
3899,[106 107 108 109 109 110 110 110 110],[16672 16672 16672 16672 16669 11254 16669 16670 16672]
3900,[104],[16847]
3901,[104],[16892]
3902,[104],[17155]
3903,[104],[17542]
3904,[104],[17667]
3905,[104],[17875]
3906,[104 105],[18055 18055]
3907,[104 104],[18467 18468]
3908,[104],[18926]
3909,[104],[19462]
3910,"[104 105 105 105 105 105 105 105 105 105 106 106 106 106 106 106 106 106
 106 107 107 107 107 107 107 107 108 108 108 108 108 108 109 109 109 109
 110 110 110 111 111 111 111 111 112 113 113 114 114 114 114 114 114 114
 114 115 115 115 115 115 115 115 115 115 116 116 116 116 116 116 116 116
 116 116 116 116 116 116 116 116 116 114 115 115 114 115 115 115 115 115
 115 115 115 115 115 115 115 115 115 116 116 116 116 116 116 116 116 116
 116 116 116 116 116 116 116 116 116 116 116 116 116 116 116 116 117 117
 117 117 117 117 117 117 117 117 117 117 117 117 117 117 117 117 117 117
 117 117 117 117 117 117 117 117 117 117 117 117 117 117 117 117 117 117
 117 117 117 117 117 117 117 117 117 117 117 118 118 118 118 118 118 118
 118 118 118 118 118 118 118 118 118 118 118 118 118 118 118 118 118 118
 118 118 118 118 118 118 118 118 118 118 118 118 118 118 118 118 118 118
 118 118 118 118 118 118 118 118 118 118 119 119 119 119 119 119 119 119
 119 119 119 119 119 119 119 119 119 119 119 119 119 119 119 119 119 119
 119 119 119 119 119 119 119 119 119 119 119 119 119 119 119 119 119 119
 119 119 119 119 119 120 120 120 120 120 120 120 120 120 120 120 120 120
 120 120 120 120 120 120 120 120 120 120 120 120 120 120 120 120 120 121
 121 121 121 121 121 121 121 121 121 121 122 122 122 123 124]","[19730 12552 15372 19729 19730 19732 19733 12553 19734 19735 12552 19729
 19730 19732 19733 12553 19734 19735 19736 10679 14585 19730 19729 12552
 19732 12553 12553 19732 19733 19734 19730 19729 19729 19730 19733 19734
 19729 19730 19733 12552 15372 19729 19730 19732 19732 12553 19732 12552
 15372 19729 19730 19732 19733 12553 19735 12552 15372 19729 19730 19728
 19733 19734 19735 19736 10679 14585 16592 19730 19733 19729 11210 19734
 12552 19732 12553 15372 19728 13131 19735 15377 19736 14589 14589 18773
 17624 10446 14593 14595 17625 14594 17624 12226 18779 18780 18782 16596
 10681 14597 14596 10446 14593 14595 16597 16598 17625 11760 14594 17624
 12226 18781 16599 17623 18779 18780 18782 14597 17621 16596 10681 14596
 14588 14589 18773 11215 10325 13130 13132 17622 19736 11210 13131 19735
 18778 11760 17623 16592 19734 14594 18779 14593 17624 10679 19733 12553
 12226 14595 16596 18780 10446 17625 14585 14587 19730 19732 18781 18782
 16598 14588 16597 19729 18772 12552 11214 14597 16599 14589 15372 19728
 18773 14596 16600 13134 11215 10325 13130 13132 17621 17622 19736 11210
 13131 19735 18778 17623 11760 16592 16594 19734 16595 15377 14594 18779
 17624 14593 10679 16593 19733 11211 12553 14588 16596 12226 14595 18780
 17625 10446 14585 14587 19730 18772 14589 18781 18782 16598 16597 19729
 12223 18773 11214 14597 16599 19728 14596 16600 13134 11215 10325 13130
 17621 17622 19736 11210 13131 19735 17623 11760 16592 16594 19734 11212
 16595 15377 17624 14593 14594 10679 16593 19733 11211 12553 16596 18779
 14588 17625 10446 14595 12226 14585 14587 19730 14589 10681 18780 16597
 16598 18781 18782 14586 19729 12223 18773 11214 14597 14596 11215 10446
 14593 14595 11760 14594 12226 18781 18779 18780 18782 11214 14597 11212
 16596 16595 14588 14589 10679 14585 16593 19730 19733 14586 19729 19732
 12553 19734 12223 11210 13130 10679 14585 14587 19730 19733 14586 19729
 18772 14589 16596 18780 19729 19730 19733 19729 19729]"
3911,[104 105 105 105 106 106 106 107 108 109],[19916 10248 19834 19916 10928 19915 19916 19916 19916 19916]
3912,"[104 105 106 107 107 107 108 108 108 107 108 108 109 109 109 109 109 109
 109 110 110 110 110 111]","[20251 20251 20251 12003 20251 20252 12003 15808 15809 20255 20255 20256
 15808 15809 15810 20251 20252 20253 20255 12003 15808 20251 20252 12003]"
3913,[105],[91]
3914,[105],[252]
3915,[105],[935]
3916,[105],[1020]
3917,[105],[1122]
3918,[105],[1557]
3919,[105 105 106 106 106 107 107 107 108 108],[1618 3655 1618 3655 3653 1618 3655 3653 1618 3653]
3920,[105 105 105],[1668 3740 7732]
3921,[105],[2270]
3922,[105],[2296]
3923,[105],[2346]
3924,[105],[2468]
3925,[105 105],[2477 9987]
3926,"[105 105 105 105 105 105 105 105 105 105 105 106 106 106 106 106 106 106
 106 106 106 106 106 106 106 106 106 106 106 106 106 107 107 107 107 107
 107 107 107 107 107 107 107 107 107 107 107 108 108 109]","[ 2512 10091 10092 10093 10094  7124 10095  5638  2513  5640 10097   991
  2911  6390 10099  2909  2514  2907  2908  5640  2513  5639 10096  5638
 10095  2511  1400 10093 10092  2512 10091    91  2909  2911  7411 10089
  2910   991 10099  2511 10097  2514  5633  5640  5639  5638 10091  2513
  5640  2513]"
3927,[105 105 105 106 106],[ 2523 10125 10126  2523 10126]
3928,[105 106 106 107 107],[3030 3030 8191 3030 8191]
3929,[105 106 107 108 108],[3643 3643 3643 3643 7596]
3930,[105 105 106 106 106 106 107 107 107 107],[3700 5967  274 3700 5967 3701  274 3700 5967 3701]
3931,[105],[3816]
3932,[105 106],[3880 3880]
3933,[105],[4109]
3934,[105],[4149]
3935,[105],[4259]
3936,[105 106 106 106 106 107],[5091 2294 5091 9447 5098 5091]
3937,[105 105 105 106 106 106 106 107 107 108],[5396 5397 5398 2417 5396 5397 5398 5396 5397 5397]
3938,[105 106 106],[5717 5717 8586]
3939,[105],[5842]
3940,[105],[6035]
3941,[105 106],[6080 6080]
3942,[105],[6440]
3943,[105],[7053]
3944,[105],[7088]
3945,[105 106],[7402 7402]
3946,[105],[7582]
3947,[105],[7807]
3948,[105],[8573]
3949,[105],[8582]
3950,[105 106 107 108 109 109 109 110 110 110 110 111 111],[9193 9193 9193 9193 9191 9192 9193 9188 9191 9192 9193 9188 9193]
3951,[105],[9355]
3952,[105 106 106 106 107 107 108 108 108],[9482 9481 9482 9483 9481 9483 2307 9481 2308]
3953,[105],[9588]
3954,[105],[10548]
3955,[105 106],[10569 10569]
3956,[105 106 106],[10584 10584 18206]
3957,[105 106 106 106],[10624 10624 14316 12096]
3958,[105 106 106 107],[10774 10774 19513 10774]
3959,[105],[10858]
3960,[105],[11221]
3961,[105 105 106 106 107 107 107 107 108],[11452 13372 11452 17964 11452 17964 17965 17903 17964]
3962,[105],[11462]
3963,[105],[11594]
3964,[105 105 106 106 106 107 107 107 107 107 108],[11621 17332 13541 17332 17331 11622 13541 17333 17332 15818 11622]
3965,[105],[11859]
3966,[105],[12259]
3967,[105],[12406]
3968,[105],[12727]
3969,[105],[13314]
3970,[105],[13319]
3971,[105 105],[13441 13443]
3972,[105],[13769]
3973,[105],[13877]
3974,[105],[14318]
3975,[105 105 105 106 106 106],[14320 18432 18431 12097 18431 18432]
3976,[105],[14322]
3977,[105],[14606]
3978,[105],[15167]
3979,[105 106 107],[15338 15338 15338]
3980,[105],[15524]
3981,[105 106 106 106 107],[15613 12649 15613 20018 20018]
3982,[105],[15642]
3983,[105 106 106],[15808 15808 15810]
3984,[105 105],[16034 16035]
3985,[105],[16792]
3986,[105 106],[16890 16890]
3987,[105],[16927]
3988,[105],[17500]
3989,[105],[17535]
3990,[105],[17666]
3991,[105],[17750]
3992,[105],[17876]
3993,[105],[17882]
3994,[105 106],[18438 18438]
3995,[105],[19683]
3996,[105 105 106 106 107 107 108 108],[19859 19860 19859 19860 16336 19860 16336 19860]
3997,[105],[19862]
3998,[105],[20259]
3999,[105],[20330]
4000,[105],[20374]
4001,[106],[66]
4002,[106 106],[ 114 9068]
4003,[106 106],[ 370 4002]
4004,[106],[688]
4005,[106 106],[ 782 6016]
4006,[106 107],[912 912]
4007,[106 106 106 107 107],[1358 7054 8505 3279 7054]
4008,[106 107 107 107 108 108 108 108 109 109],[1368 1368 7070 7943 1368 3289 7070 7943 1368 7943]
4009,[106 106],[1428 7176]
4010,[108 108 108 108 108 108 108 108],[1553 3544 7461 3543 8092 4001 1820 4000]
4011,[106],[2340]
4012,[106],[2828]
4013,[106 106],[3368 3369]
4014,[106],[3583]
4015,[106 107],[3715 3715]
4016,[106],[3744]
4017,[106],[4513]
4018,[106],[5081]
4019,[106],[5202]
4020,[106 107],[5226 5226]
4021,[106 106 106 107],[5526 5528 5529 5528]
4022,[106],[6719]
4023,[106],[6801]
4024,[106],[6902]
4025,[106],[6914]
4026,[106],[7084]
4027,[106],[7707]
4028,[106],[7842]
4029,[106 107],[9187 9187]
4030,[106 107],[9407 9407]
4031,[106 107 108],[9457 9457 9457]
4032,[106],[9954]
4033,[106 106],[10347 13262]
4034,[106],[10877]
4035,[106 106],[11068 12988]
4036,[106],[11072]
4037,[106],[11215]
4038,[106 106 106],[11359 13280 16863]
4039,[106],[11562]
4040,[106 106],[11704 13640]
4041,[106],[12020]
4042,[106],[12230]
4043,[106 107 108],[14137 14137 14137]
4044,[106 107],[14619 14619]
4045,[106],[14701]
4046,[106],[15010]
4047,[106 106],[15028 15029]
4048,[106],[16638]
4049,"[106 107 108 108 108 108 108 108 108 108 108 109 109 109 109 109 109 109
 109 109 109 109 109 109 109 110 110 110 110 110 110 110 110 110 111 111]","[16674 16674 11256 16674 16796 11323 14926 14927 11324 19194 19196 10735
 14925 14927 14929 16798 19197 11323 14926 16797 11324 19196 16795 16796
 11256 10735 14925 14927 14929 16798 11323 14926 16797 19198 11323 14925]"
4050,[106],[16852]
4051,[106],[16856]
4052,[106],[16921]
4053,[106],[17408]
4054,[106],[19240]
4055,[106 107],[20063 20063]
4056,[106],[20417]
4057,[107 108],[81 81]
4058,[107],[766]
4059,[107 108 108 109 110],[ 767  767 2687  767  767]
4060,[107],[917]
4061,[107 107 107 107 108 108 108 109 109 109 109 109 109 109],[ 965 2885 2886 2883  965 2885 2886  963 2884 7376  965 1515 7375 7372]
4062,[107],[1231]
4063,[107 107 107 107 108 108 108 108],[1341 5464 7022 2443 1341 5464 7022 2443]
4064,[107 107 108 108 108 109 109 110 110 110 111],[2213 9202 2213 4897 9202 2213 4897 2213 4897 9202 9202]
4065,[107],[2309]
4066,[107],[2689]
4067,[107],[3640]
4068,[107],[3725]
4069,[107 108 108 109],[4379 4379 4380 4379]
4070,[107],[5905]
4071,[107],[6361]
4072,[107],[6397]
4073,[107],[6685]
4074,[107 107 108 108],[7940 7941 7940 7941]
4075,[107 108 108 109 109],[7990 3326 7990 1406 3326]
4076,[107 108 109 110 110 111 112],[8236 8236 8236 1872 8236 1872 1872]
4077,[107],[8281]
4078,[107 108 108],[9989 9989 9990]
4079,[107],[10899]
4080,[107 107 107 107 107 107 107 108 109 110],[11361 13281 16864 19329 19330 13279 15043 19330 19330 19330]
4081,[107 107 108],[12282 14721 12282]
4082,[107],[12849]
4083,[107 107],[12992 16343]
4084,[107 108 109 109],[13915 13915 13915 13916]
4085,[107],[14357]
4086,[107],[15569]
4087,[107],[16850]
4088,[107],[17621]
4089,[107],[18793]
4090,[107],[19186]
4091,[107 108 109],[20260 20260 20260]
4092,[107],[20276]
4093,[108 109 109 109 110 110],[ 791  791 6031 6030  791 6031]
4094,[108],[1156]
4095,[108],[1673]
4096,[108 108 109 109 109 109],[1715 7842 1715 7842 9738 9739]
4097,[108 109 110],[1939 1939 1939]
4098,[108],[2013]
4099,[108],[2293]
4100,[108 108],[2715 2716]
4101,[108 109 109 109 109 109 110 110 110 110 111 111 111 111 111 112 112],"[2841   66 2837 2841 9357  917   66 2837 2839 2841   66 2837 2839 9357
 9356  917 2837]"
4102,[108 109 109 109 109 109 109 110],[3896  819 3896 6082 6083 2739  820 3896]
4103,[108],[4080]
4104,[108],[4453]
4105,[108 108],[4512 4513]
4106,[108],[4904]
4107,[108],[5782]
4108,"[108 109 109 109 110 110 110 111 111 112 112 113 113 114 114 114 115 115
 115 115 116 116 116 117 117 118 118 119 119 119]","[5842  206 5842 9672  206 5842 9672  206 5842  206 9672  206 5842 5842
 9672 9669  206 5842 9669 9672  206 5842 9672  206 9672  206 9672  206
 5843 9672]"
4109,[108],[5906]
4110,[108 108],[6396 8624]
4111,[108],[6776]
4112,[108],[7138]
4113,[108],[7269]
4114,[108],[8186]
4115,[108],[8807]
4116,[108],[9188]
4117,[108 109],[9460 9460]
4118,[108 109 109 109 109 110 110 111],[9484   31 9485 9484 5128 9485 9486 9486]
4119,[108],[9487]
4120,[108 108 109 109 109 109],[10365 13372 10365 17903 11879 17965]
4121,[108],[10687]
4122,[108 109 110],[11011 11011 11011]
4123,[108],[11072]
4124,[108],[11140]
4125,[108],[11143]
4126,[108 109 110],[11275 11275 11275]
4127,"[108 109 109 109 109 109 109 110 110 110 110 110 110 110 111 111 111 111
 111 111 111 111 111 112 112 112 112]","[11394 11394 13314 13316 11396 19473 19474 11394 13314 13315 13316 11396
 19473 19474 12461 15154 19470 19471 19472 13316 13315 16927 19474 16926
 16927 19470 19472]"
4128,[108],[11594]
4129,[108],[11621]
4130,[108 108],[12192 18690]
4131,[108 109 110],[13895 13895 13895]
4132,[108],[14970]
4133,[108],[15153]
4134,[108],[16033]
4135,[108],[16068]
4136,[108],[16436]
4137,[108 108],[17362 19843]
4138,[108],[17885]
4139,[108 109 109 109 109 109 110],[18433 11352 13273 18432 18433 18431 11352]
4140,[108 108],[19004 19007]
4141,[108 108 109 109 109 109 110 110 110 110 110 111],[19448 19451 12457 19450 19452 19448 12457 19450 19451 19452 19448 19451]
4142,[108],[19883]
4143,[109],[281]
4144,[109 109 110 110],[ 531 4951  531 4951]
4145,[109],[1066]
4146,[109],[1153]
4147,[109],[1605]
4148,[109],[1847]
4149,[109],[2295]
4150,[109 109 109 109],[2477 5549 9986 9987]
4151,[109],[3407]
4152,[109],[3638]
4153,[109],[3715]
4154,[109],[4049]
4155,[109 110 110 111],[4459  459 4459 4459]
4156,[109],[5086]
4157,[109],[5588]
4158,[109 110],[6690 6690]
4159,[109 110 111],[9478 9478 9478]
4160,[109 109 109],[9596 9597 9599]
4161,[109],[10330]
4162,[109 110 111 112 112 113 113 113 114 114],[10372 10372 10372 10372 17967 10372 13378 17967 10372 13378]
4163,[109],[10448]
4164,[109 109 109 109 109 109 109 110 110 110 110 110 110 110 111 111 111],"[10561 14077 16289 16288 11041 12962 12963 10561 14083 16289 16290 16291
 11042 14085 10561 14084 14085]"
4165,[109],[11220]
4166,[109 109 109 109],[11476 17071 17072 17074]
4167,[109 109],[12051 18303]
4168,[109],[12751]
4169,[109],[12820]
4170,[109],[13169]
4171,[109],[13221]
4172,[109],[14616]
4173,[109],[14668]
4174,[109],[14719]
4175,[109],[14972]
4176,[109 109 110],[15570 17184 15570]
4177,[109],[16137]
4178,[109],[16424]
4179,[109],[16439]
4180,[109],[17364]
4181,[109],[17750]
4182,[109],[18190]
4183,[109 109 110 110],[18934 18935 16033 18934]
4184,[109 110],[19231 19231]
4185,[109],[19514]
4186,[109],[19838]
4187,[109 110 110 110 110 110 111 111 111],[19842 10812 17362 19839 19842 19841 15467 19843 17362]
4188,"[110 110 111 111 111 112 112 112 112 113 113 113 113 113 113 113 114 114
 114 114 114 114 114 114 114 114 114 115 115 115 115 115 115 116 116 116
 117 117 117 118 118 119 120 120 121 121 122 122 122 122 122]","[ 183 6246  183 6246 7298  183 6246 7298 6248  183 6246 7298  910 6248
 2831  912  183 6246 7298  910 6248 1482 7297 7300 2831 7299  912  183
 6246  910 6248 2831  912  183 4170 6246  183 4170 6246  183 4170  183
  183 6246  183 7297  183 7298 1482 7297 3428]"
4189,[110],[263]
4190,[110],[393]
4191,[110 111 112],[1122 1122 1122]
4192,[110],[1358]
4193,[110],[1878]
4194,[110 110],[2014 8615]
4195,[110],[2211]
4196,[110 110],[2395 9742]
4197,[110],[3213]
4198,[110],[3273]
4199,[110 111],[3872 3872]
4200,[110],[3873]
4201,[110],[4169]
4202,[110 111 111 112 113 114],[5076 5076 5077 5076 5076 5076]
4203,[110],[5255]
4204,[110 111],[5259 5259]
4205,[110],[5651]
4206,[110],[5801]
4207,[110],[6362]
4208,[110 111 111],[7051 5508 7051]
4209,[110],[7698]
4210,[110 111],[8081 8081]
4211,[110],[8171]
4212,[110],[8239]
4213,[110],[8314]
4214,[110],[9929]
4215,[110],[9942]
4216,[110],[10298]
4217,[110 111 111 112],[10766 10766 19478 10766]
4218,[110],[10947]
4219,[110],[10958]
4220,[110 111],[11027 11027]
4221,[110 110 110 110 110 111 111 111 111 111 111 111 111 112 112 112 112 113],"[11070 12989 16339 20351 12760 11070 12989 16339 16340 20351 20352 12760
 20354 11070 16339 20351 12760 11070]"
4222,[110 111 112 113],[11452 11452 11452 11452]
4223,[110 111 111],[12958 12957 12958]
4224,[110],[14357]
4225,[110],[14379]
4226,[110],[15015]
4227,[110],[15324]
4228,[110],[15535]
4229,[110],[15640]
4230,[110],[16348]
4231,[110],[17489]
4232,[110],[17588]
4233,[110 111],[17752 17752]
4234,[110],[17873]
4235,[110],[18258]
4236,[110 110 111 112],[18477 18478 18477 18477]
4237,[110],[18507]
4238,[110],[19298]
4239,[110],[19866]
4240,[110],[19897]
4241,[110],[19980]
4242,[111 112],[247 247]
4243,[111 111 112 112 112 113 113 113 114],[ 258 3655  258 3655 1618  258 3655 1618 1618]
4244,[111],[401]
4245,[111 111 111 112 112 113 113 113 113 114],[1152 6681 4893 4893 6681 4893 4895 6681 4896 4893]
4246,[111 111 111 112 112 112],[1256 6869 3176 1255 6869 6868]
4247,[111],[1293]
4248,[111 111 111 111 111],[1350 3270 3271 3272 1352]
4249,[111],[2013]
4250,[111],[2293]
4251,[111],[3326]
4252,[111],[3666]
4253,[111],[3972]
4254,[111],[4473]
4255,[111],[4892]
4256,[111],[4907]
4257,[111],[5514]
4258,[111],[5802]
4259,[111 112 113 113 114],[6606 6606 1110 6606 1110]
4260,[111],[8191]
4261,[111],[8624]
4262,[111],[8670]
4263,[111],[9230]
4264,[111],[9273]
4265,[111 112],[9296 9296]
4266,[111],[10581]
4267,[111],[10801]
4268,[111 111],[11554 17212]
4269,[111 112],[12096 12096]
4270,[111 112 113 114 115 116],[12997 12997 12997 12997 12997 12997]
4271,[111 112 113 114 114 115 116],[14185 14185 14185 14184 14185 14185 14185]
4272,[111],[14224]
4273,[111],[14320]
4274,[111 111],[14668 18871]
4275,[111],[14887]
4276,[111],[14935]
4277,[111],[15621]
4278,[111],[15901]
4279,[111],[16284]
4280,[111 112 112 112 112 112 112 112 112 112 112 112 112 112 112],"[17074 11476 13396 13397 17071 17072 17074 17075 17073 11477 15389 19749
 15390 15391 15392]"
4281,[111],[18303]
4282,[111 112 112],[18431 12097 18431]
4283,[111],[18779]
4284,"[112 112 113 113 113 113 113 113 113 113 113 113 113 113 113 113 114 114
 114 114 114 114 114 114 114 114 114 114 114 114 114 114 115 115 115 115
 115 115 115 115 115 115 115 115 116 116 116 116 116 116 116 116 117 117
 117 117 117 117 118 118 118 118 118 118 118 118 118 118 118 119 119 119
 119 119 119 120]","[ 152 3281  152 3281 3283 3285 3287 7936 7934 1365 7064 7065 7067  612
 7068 5535  152 3281 3283 3285 3287 7936 7934 1365 3286 1367 7064 7065
 7067 7068 5531 5533  152 3281 3283 3285 3287 7935 7936 7934 3286 1367
 7068 7064 1367 3286 3287 9982 3285 7936 7935 7934 3281 7934 5531 5533
 7064 5534  152 3281 3283 7935 7934 3284 1365 7064 7065 5531 5533  152
 3281 3283 7934 3284 5531 3283]"
4285,[112],[180]
4286,[112 113 114 115],[1156 1156 1156 1156]
4287,[112],[1272]
4288,"[112 113 113 113 113 113 114 114 114 114 115 115 115 115 115 115 115 115
 115 115 115 116 116 116 116 116 116 116 116 116 116 116 116 116 116 116
 116 116 116 116 116 116 116 116 116 116 116 116 116 117 117 117 117 117
 117 117 117 117 117 117 117 117 117 117 117 117 117 117 117 117 117 117
 117 117 118 118 118 118 118 118 118 118 118 118 118 118 118 118 118 118
 118 118 118 118 119 119 119 119 119 119 119 119 119 119 119 119 119 119
 119 119]","[1358 1358 7052 8505 7053 5515 1358 7052 8505 7053   81 3278 8506 1358
 3279 8505 7052 7054 7053 5515 1751   81 3278 7925 8506 8515 1358 3279
 8505 1751 7052 7054 8504 3878 3879 8517  433 7053 8503  333 3880 5513
 5515 8500 6072 1969 5514 2464 9947   81 3278 3280 7925 7926 8506 8515
 1358 3279 8505 1751 7052 7054 8504 3878  433 7053 3880 5515 9949 2464
 5514 9947 9946 2732  433 5513 5515 7052 7053 8500 8503 1969 5514 2464
 1358 7054 9947 3278 3279 8505 8506 8515 2730 2732   81 3278 7925 1358
 3279 8505 1751 7052 7054  433 7053 8503 5513 5515 5514 2464]"
4289,[112],[2003]
4290,[112 113 114 114 114],[2017 2017 2017 8624 6396]
4291,[112 112 112],[2296 5096 9446]
4292,"[112 112 112 113 113 114 114 114 115 115 115 115 115 115 115 115 116 116
 116 116 116 116 116 116 116 116 116 116 116 117 117 117 117 117 117 117
 117 118 118 118 118 118 118 118 118 119 119 119 119 119 119 119 120 120]","[2420 9817 6378 6378 9816  447 6378 9816  984 6378 6380 9817 6379 9816
  985 2420  447 6378 6379 9816  984 6380 9817  985 8588 2420 9815 5405
 4393  447 6378 6379 9816 6380 9817 2420 9815  447 6378 9816  984 9817
 2420 9815 8588  447 6379 9816 8588 2420 9815 4393 6379 8588]"
4293,[112 112 113 114],[3072 3073 3073 3073]
4294,[112],[3174]
4295,[112 113 113 114 115],[3410  172 3410 3410 3410]
4296,"[112 112 113 113 113 113 113 113 114 114 114 114 114 114 114 114 114 115
 115 115 115 115 115]","[3543 8092 3543 8092 4001 4000 3996 6144  370 3996 3998 4000 4002 6144
 4001 8092 3543 3543 8092 4001 4000 3998 3996]"
4297,[112],[3698]
4298,[112],[3701]
4299,[112],[4082]
4300,[112],[4458]
4301,[112 113],[5034 5034]
4302,[112],[5090]
4303,[112],[5266]
4304,[112],[5528]
4305,[112 113 113 114 114 115],[6856 6855 6856 3169 6856 6856]
4306,[112 113],[6899 6899]
4307,[112],[7570]
4308,[112],[7698]
4309,[112],[8207]
4310,[112],[8253]
4311,[112 113 114 115 115 116 117 117 118 118 119 120],[9187 9187 9187 9186 9187 9187 9186 9187 9186 9187 9186 9186]
4312,[112],[9484]
4313,[112],[9749]
4314,[112 112 112 113 114 114 115 115 115 116 116 116],[10739 14962 19231 14962 14962 19231 12382 14962 14960 12382 14962 14960]
4315,[112 113],[10794 10794]
4316,[112 112 112],[11485 17089 19775]
4317,[112 112 113 113 113 114],[11821 17762 11820 17762 11821 11820]
4318,[112 112],[12529 15321]
4319,[112 112 112],[12621 15545 19936]
4320,[112 113 113 113 113 114],[14081 14079 14080 14081 18112 14079]
4321,[112],[14589]
4322,[112],[15879]
4323,[112 113 114],[17382 17382 17382]
4324,[112],[17590]
4325,[112 113 113 113 114 114 115 115 115],[18120 10562 15651 18120 10562 18120 10562 15651 18120]
4326,[112],[18698]
4327,[112],[19330]
4328,[112 113],[19927 19927]
4329,[112],[19985]
4330,[113 113 113 114 115],[ 562 6848 6847 6848 6848]
4331,[113 113],[ 862 2782]
4332,[113],[985]
4333,[113 113 113 113 113 114],[1488 3441 7314 9355 9356 3441]
4334,[113 113],[2031 4457]
4335,[113],[2271]
4336,[113],[3137]
4337,[113],[3429]
4338,[113 113 114 114 115 115 115 115 116 116 116 116 116 116 117 117],"[3706 7687  274 3706  274 3706 7687 3708  274 3700 5967 3701 7687 3708
  274 3700]"
4339,[113 114],[3715 3715]
4340,[113],[3748]
4341,[113],[4018]
4342,[113],[4496]
4343,[113],[4892]
4344,[113 113 114 114 114 115 115 116 116 117 117 118],[4951 5082  531 4951 5082 4951 5082  531 4951  531 4951 4951]
4345,[113],[5059]
4346,[113],[5254]
4347,[113],[5263]
4348,[113],[5397]
4349,[113],[6003]
4350,[113],[7377]
4351,[113],[7628]
4352,[113],[7675]
4353,"[113 114 114 114 115 114 115 115 115 115 115 116 116 116 116 116 116 116
 117 117 117 117 118 118 118 118 118 119 119 120]","[7678 1644 3698 7678 1644 7672 7672 7674 8286 8285 8284 1642 3698 7672
 7674 1644 7673 8286 1644 7672 7674 8286 1644 7675 7674 7672 8286 7672
 8286 7672]"
4354,[113],[8245]
4355,[113 114 114 115 115],[8282 8281 8282 1888 8281]
4356,[113 114 114 115 116 117 118 119 120 121],[9478 9477 9478 9478 9478 9478 9478 9478 9478 9478]
4357,"[113 114 115 115 115 115 115 115 115 115 115 115 115 115 115 116 116 116
 116 116 116 116 116 116 116 116 116 117 117 117 117 117 117 117 117 117
 117 118 118 118 118 118 118 118 118 118 118 118 118 117 118 118 118 118
 119 119 119 119 119 119 119 119 119 119 119 119 119 119 119 119 119 119
 119 119 119 119 120 120 120 120 120 120 120 120 120 120 120 120 120 120
 120 120 120 120 121 121 121 121 121 121 121 121 121 121 121]","[9832 9832 2425 9832 9833 5418 2426 9834 5417 5419 5420 9835 6996 9836
 9755 2425 9830 9832 9833 5418 2426 9834 5417 5419 5420 9835 6996 2425
 9832 9833 5418 2426 9834 5419 5420 9835 6996 2425 9832 9833 5418 2426
 9834 5417 5419 5420 9835 6996 9836 9594    7 2611 9594 2610    7 2609
 2611 9594 9755  689 2610 9836 5847 5849 9835 5420 5848 9834 2426 5419
 3506 9833 5418 5417 2425 9832    7 2611 9755 2610 9836  689 5849 5420
 9835 5848 2426 5419 9834 3506 5418 9833 9832 2425  689 2610 5849 9835
 9836 5848 2426 5420 9755 5418 9832]"
4358,[113],[10388]
4359,[113],[10741]
4360,"[113 113 113 113 113 114 114 114 114 114 114 114 114 115 115 115 115 115
 115 115 115 115 116 116 116 116 116 116 116 116 116 116 116 116 116 117
 117 117 117 117 117 117 117 117 117 117 117 117 118 118 118 118 118 118
 118 118 118 118 118 118 118 118 118 118 119 119 119 119 119 119 119 119
 119 119 119 119 119 119 120 120 120 120]","[11455 15322 17034 15191 15192 11455 15322 15323 17033 15324 15191 12477
 15192 11455 15322 15323 17033 19666 15324 19667 15191 15192 11455 15322
 15323 17033 19666 15324 12530 19667 15321 12529 15191 15325 12477 11455
 15322 15323 17033 19666 15324 12530 19667 15321 12529 15191 15325 12477
 11455 15322 15323 17033 19666 15324 12530 19667 12529 15191 15325 12477
 15192 19511 12479 19512 11455 15322 15323 17033 19666 15324 12530 19667
 12529 15191 15325 12477 12479 19512 11455 15322 15324 15191]"
4361,"[113 113 114 114 114 114 114 115 115 115 115 115 115 115 115 115 116 116
 116 116 116 116 116 116 117 117 118 118 118 118 119 119 120]","[11816 17751 11816 17754 13825 13824 13826 11815 17751 11816 17752 17754
 11817 13825 13826 13824 11815 17751 11816 17752 17754 11817 13825 13824
 13825 17754 11816 17754 13825 13824 11816 13824 13824]"
4362,[113],[11947]
4363,[113],[12963]
4364,[113],[13035]
4365,[113 113 114],[13254 16816 16816]
4366,[113 114 114],[14528 11190 14528]
4367,[113 113],[15640 20051]
4368,[113],[16892]
4369,[113],[17037]
4370,[113],[17197]
4371,[113],[17838]
4372,[113],[18195]
4373,[113],[18287]
4374,[113],[18422]
4375,[113],[18891]
4376,[113],[19473]
4377,[113],[19995]
4378,[114],[459]
4379,[114],[659]
4380,[114],[817]
4381,[114 115 115],[ 819  819 3896]
4382,[114],[979]
4383,[114 115 115 116 117],[1122 1122 6628 1122 1122]
4384,[114 114 115 115],[1525 3501 1525 3501]
4385,[114 115],[3076 3076]
4386,[114],[3665]
4387,[114 115 116 116],[4380 4380 4379 4380]
4388,[114],[5919]
4389,[114],[6093]
4390,[114 114],[6717 9280]
4391,[114],[7817]
4392,[114 115 115 115 116 116 117 117 117 117 117 118 118 119],[8254 1878 8253 8254 1878 8253 1878 4126 4127 6220 6221 6219 6221 6219]
4393,[114],[9456]
4394,"[114 114 115 115 115 115 116 116 116 116 116 117 117 117 117 116 116 116
 117 117 117 116 117 118 118 118 118 118 118 118 118 118 118 118 116 117
 117 118 118 118 118 118 118 119 119 119 119 119 119 119 119 119 119 119
 119 119 119 119 119 119 119 119 119 119 119 119 119 119 119 119 119 119
 119 119 119 119 119 119 119 120 120 120 120 120 120 120 120 120 120 120
 120 120 120 120 120 120 120 120 120 120 120 120 120 120 120 120 120 120
 120 121 121 121 121 121 121 121 121 121 121 121 121 121 121 121 121 121
 121 121 121 121 121 121 121 121 121 121 122 122 122 122 122 122 122 122
 123 123 123 124 124]","[ 9483  9484  9457  9458  9484  9483  8525  9485  9458  9484  9483  8525
  9485  9484  9483  6080  6081  6082  6080  6081  9456  9481  9481  1979
  4344  8525  9485  9458  9484  9457  9483  9456  2308  9481 10041  5588
 10041   619  5586  5588 10038  3900 10033   818  2738  2739  6082  9458
   820   819  9484  9485 10028  3897  7951  9483  8525  1763  3898  7952
  9482  1979  3900  9481  4344 10033  1981  4345  5587  8529  8530  8531
  5586  5588  5581 10041  5583   339  7084    31  2738  8525  9458  9485
   818  2739  9457  1979  2300  9484  6082  9483   819  9482  3897  7951
  1763  3898  7952  7953  3900  7084 10033  5587  5588 10041  5581  5583
  8529   340  3896  3898  3900  6084 10032   819  3897  6083 10033   820
  2492  6082  2739  5587  1979  8525  9486  9485  9458  9484  9457  9483
  9482  9481  5583 10041  2492  2739  2740  6083  3896  9457  9481  9484
  2307  9481  2308  2307  9481]"
4395,[114 115 115 116 117 118 119],[9942  441 9942 9942 9942 9942 9942]
4396,[114],[10277]
4397,[114],[10278]
4398,[114],[10451]
4399,[114 114 115 115],[10456 18888 10456 16098]
4400,[114 114 114 114 114 114 115 115 115],[10493 15022 16854 17824 17827 19305 10493 17827 19305]
4401,[114 114 115 116 116 115 116 116 116 117 117 117 117 118 118 118],"[10774 19513 19513 10774 19513 11594 11594 13513 17282 10774 17280 19513
 17282 10774 17280 17282]"
4402,[114 115],[10868 10868]
4403,[114],[11339]
4404,[114 114 114],[11396 13316 19474]
4405,"[114 114 114 114 114 114 115 115 115 115 115 115 115 115 115 116 116 116
 116 116 116 116 116 117 117 117 117 117 117 117 117 117 117 117 117 117
 118 118 118 118 118 118 118 118 118 118 118 119 119 119 119 119 119 119
 119 119 120 120 120 120 120 120 120 120 120 120 120 121 121 121 121 121
 121 121 121 121 121 122 122 122 122 122 122 122 122 122 123 123 123 123
 123 123 123 123 124 124 124 124 124 124 125 125 125 126 126 127 127 127
 127 128 128 128 128 128 128 129 129 129]","[11620 13541 11622 13542 17333 11621 11620 13539 13540 13541 17332 11622
 17333 11621 15818 11620 13541 17332 11622 17333 11621 17331 15818 11620
 13540 13541 17330 17332 13542 11622 17333 17331 11621 15818 20263 15819
 11620 13541 17330 17332 11622 13542 17333 17331 11621 15818 20263 11620
 13539 13541 17332 11622 17333 11621 17331 15818 11620 13539 13540 13541
 17329 17330 17332 17333 17331 11621 15818 11620 13539 13540 13541 17329
 17332 17328 17333 11621 17331 11620 13539 13540 13541 17329 17332 17328
 17333 11621 11621 15818 17331 17332 17333 17330 17329 13542 11621 15818
 17331 17333 11622 13542 11621 15818 17333 11621 17333 11621 15818 17331
 17333 11621 15818 17331 17333 17330 17329 15818 17333 17329]"
4406,[114 114],[12190 18685]
4407,[114 114],[12401 15005]
4408,[114 114 114 114 115 115 115 115 115 115 115],[12412 19315 19316 19313 10748 19313 19316 19315 12412 15031 19314]
4409,[114],[12661]
4410,[114],[13747]
4411,[114 115 116 117],[14439 14439 14439 14439]
4412,[114 115],[15166 15166]
4413,[114],[15339]
4414,[114],[15899]
4415,[114 114],[16369 17451]
4416,[114],[17219]
4417,[114],[17375]
4418,[114],[17758]
4419,[114 115 115 116],[18431 12097 18431 18431]
4420,[114],[18950]
4421,[114],[20053]
4422,[114],[20276]
4423,[115],[186]
4424,[115],[342]
4425,[115 115 115],[2350 5228 9607]
4426,[115],[2523]
4427,[115 115],[2735 2737]
4428,[115],[3506]
4429,[115 116],[3547 3547]
4430,[115],[4228]
4431,[115],[4890]
4432,[115 116 116 117 117 117 118 118 118 119 119],[5263 2363 5263 2363 5263 9647 2363 5263 9647 5263 9647]
4433,[115 116 116 116 117 117 118],[5397 5396 5397 5398 5396 5397 5397]
4434,[115],[6221]
4435,[115],[6360]
4436,[115 116 116 117 117 118],[6362 6362 6363 6362 6363 6362]
4437,[115 116],[7402 7402]
4438,[115],[8141]
4439,[115],[8246]
4440,[115 116],[9193 9193]
4441,[115],[9202]
4442,[115],[9274]
4443,"[115 116 116 116 116 116 116 116 116 117 117 117 117 117 117 117 117 117
 118 118 118 118 118 118 118 118 117 118 118 118 119 119 119 119 119 119
 119 119 119 119 119 120 120 120 121]","[10584 10584 15831 15833 17341 18203 18206 12736 18205 10584 15831 15833
 17340 17341 18203 18206 12736 18205 10584 15831 15833 17340 17341 18203
 18206 11626 17338 11625 17338 20279 11625 13544 17338 20279 17337 15832
 17336 15831 17340 18206 18207 17336 17337 17340 17336]"
4444,[115 116 116 117],[11013 11013 12933 11013]
4445,[115],[11087]
4446,[115 115 115 115 115 115 115 116 116 116 116 117 117 117 118 118 118 118],"[11329 13249 19228 19227 19218 17788 13245 10351 13249 17788 19217 13245
 17788 19217 13245 17788 19217 14951]"
4447,[117 118 119],[11594 11594 11594]
4448,[115],[12402]
4449,[115 115 115 116],[12418 19333 19334 12418]
4450,[115 115 116 117],[12737 20284 12737 12737]
4451,[115],[12815]
4452,[115],[13315]
4453,[115 115],[14080 18112]
4454,[115],[15039]
4455,[115 116],[16047 16047]
4456,[115 115],[16303 16305]
4457,[115],[17588]
4458,[115],[17891]
4459,[115],[18875]
4460,[116],[3]
4461,[116 116 116 116 116],[ 115 3033 1113 3034 6613]
4462,[116],[177]
4463,[116],[383]
4464,[116 117 117 117],[ 810  810 9293 4970]
4465,[116 117],[903 903]
4466,[116 116 116 116 117 117 117 117 117 118 118],[ 1375  7083  2485  5567  1375  7083 10009 10010  5567 10010 10011]
4467,[116],[1470]
4468,[116],[1625]
4469,[116 116 117 117 118 118 119],[1715 7842 1715 7842 1715 7842 1715]
4470,[116 117],[1762 1762]
4471,[116 116 116 116 116 116 117 117 117 117 118 119],[1873 4117 8239 8668 4458 4459 1873 8668 8669 4459 4459 4459]
4472,[116 116],[1876 8245]
4473,[116 116 116],[2166 4779 4780]
4474,[116],[2213]
4475,[116],[2311]
4476,[116],[2611]
4477,[116],[2684]
4478,[116 117 117 117 117 118 118 118 117 118 119 119 119 119 120],"[3406 1469 3406 3407 7269 1469 7266 7269  656  656  656 3409 7269 1469
  656]"
4479,[116],[3715]
4480,[116],[3898]
4481,[116],[4194]
4482,[116 116 116 116 116 117 117 117 117 117 117 117 118 118 119],"[5170 5174 9563 9564 6846  562 5170 5174 6847 6846 6844 6845 6844 6847
 6847]"
4483,"[117 117 117 117 117 118 119 119 119 119 119 120 120 120 120 120 120 121
 121 121 121 121]","[5196 5197 9564 9565 9566 5197 2335 5196 5197 5198 5174 5171 5172 5173
 5174 9563 5196 5171 9533 5173 5174 9563]"
4484,[116],[5581]
4485,[116],[5587]
4486,[116],[5717]
4487,[118],[6081]
4488,[116 117],[6187 6187]
4489,"[116 117 117 117 117 117 117 117 118 118 118 119 119 119 120 120 121 122
 122 122 123 123 123 124]","[6207  889 6207 6208 8225 6206 7271 3411 4105 6207 6208 4105 6207 6208
 6207 6208 6208  889 6207 6208  889 4107 8226  889]"
4490,[116 116],[6687 6689]
4491,[116],[7268]
4492,[116],[7277]
4493,[116],[7312]
4494,[116],[7803]
4495,[116 117 118 119],[8435 8435 8435 8435]
4496,[116 117 117 117 118 118],[9081 1118 4796 9081 4796 9081]
4497,[116 117 117 118],[9273 9273 9274 9274]
4498,[116],[10005]
4499,[116],[10053]
4500,[116 116 116],[10277 12963 11043]
4501,"[116 116 116 116 116 116 116 116 117 117 117 117 117 117 117 117 117 117
 117 117 117 117 117 117 118 118 118 118 118 118 118 118 118 118 118 118
 118 118 118 119 119]","[10281 12983 18795 20214 18794 14606 12230 14607 10281 12983 12987 18795
 20187 20214 11063 18794 20215 12231 18793 14606 15778 14607 12230 14605
 10281 12983 12987 18795 20187 20214 11063 18794 20215 12231 18793 14606
 14607 12230 18792 12983 18794]"
4502,[116 116 116 116 116 116 117 117 117 118],[10362 13316 19472 11396 19473 19474 11396 13316 19474 13316]
4503,"[116 117 116 116 117 117 117 118 118 118 118 118 119 119 119 119 119 120
 120 120 120 120]","[10365 10365 11452 17964 11452 17964 17965 10365 13372 11452 17965 17964
 10365 13372 11452 17965 17964 10365 13372 11452 17965 17964]"
4504,[116],[10556]
4505,"[116 116 116 116 116 116 117 117 117 117 117 117 117 117 118 118 118 118
 118 118 119 119]","[10594 18245 11658 17397 17396 17401 10594 17395 18245 17396 17397 11658
 17400 17401 10594 17395 11657 17397 11658 17401 10594 17397]"
4506,[116 116 116],[10835 15630 17220]
4507,[116 116 116 117],[11359 13280 11361 11361]
4508,[116 117 117 118],[11551 11551 13471 13471]
4509,[116 117 118],[11618 11618 11618]
4510,[116 116 116 117 117 117 117 118 118],[11991 14117 14119 12707 20193 14119 14117 12707 20193]
4511,"[116 116 116 116 116 116 116 116 116 116 116 116 117 117 117 117 117 117
 117 117 117 117 117 117 117 117 117 117 117 117 117 117 117 117 118 118
 118 118 118 118 118 118 118 118 118 118 118 118 118 119 119 119 119 120]","[12013 14151 18212 18214 18215 18211 14154 12014 18216 14156 13552 17355
 10586 15855 17354 18213 18216 17355 12013 18212 18215 12014 18217 13554
 18214 12012 18211 14154 14155 14156 18218 18210 20305 13552 12012 18210
 18211 18212 13552 12013 18215 12014 14154 18216 14156 18218 13554 17355
 17354 12012 18212 18213 18215 18212]"
4512,[116 116 116 116 116 117 117],[12667 20073 13746 20076 13747 12667 15658]
4513,[116],[12735]
4514,[116 116 117 117 117 117 117 118 118],[12819 18935 10899 12819 12820 16033 18935 10899 12820]
4515,[116],[12960]
4516,[116],[13564]
4517,[116],[13976]
4518,[116],[14102]
4519,[116],[14168]
4520,[116 117 118 119],[14174 14174 14174 14174]
4521,[116 117],[14937 14937]
4522,[116],[15005]
4523,[116 116],[15504 15506]
4524,[116],[15741]
4525,[116],[15881]
4526,[116],[15885]
4527,[116],[15888]
4528,[116],[16008]
4529,"[116 117 117 117 116 116 117 117 117 117 117 117 118 118 118 118 118 118
 118 118 118 118 118 118 119 119 119 119 119 119 119 119 120 120 120 120
 120 120 120 121 121 121 121 121 122 122 122 123 123 124 124 124 124 125
 125 125 125 125 125 125 125 126 126 126 126]","[16348 14176 16348 16347 20293 20294 12732 20268 20293 20294 12741 20296
 11075 12994 12995 16348 20296 16347 20295 14176 12741 20268 20294 12732
 11075 12994 12995 16348 20296 16347 20295 20294 11075 12994 12995 16348
 20297 12741 20294 11075 12994 16348 20296 20295 20294 20295 20296 12741
 20294 12741 20294 20296 12995 11073 12994 11075 12995 16349 20297 15846
 20294 11075 12994 16349 20294]"
4530,[116 117],[16438 16438]
4531,[116],[16464]
4532,[116 117],[16852 16852]
4533,[116 117 117 118],[17874 17873 17874 17873]
4534,[116 117],[18589 18589]
4535,[116],[18622]
4536,[116 117 117],[18821 16341 18821]
4537,[116 116 117 117 117 118 118 119],[19191 19199 17504 19191 19199 19191 19199 19199]
4538,[116 116 117 117 117 117 117 118 118 118],[20204 20205 12710 15769 12711 20204 20205 12710 15769 20204]
4539,[116 117 118],[20393 20393 20393]
4540,[116],[20459]
4541,[117],[130]
4542,[117],[181]
4543,[117 118],[524 524]
4544,[117 118],[576 576]
4545,[117 118 118],[1219 1219 6803]
4546,[117],[1437]
4547,[117 118 119 120],[1474 1474 1474 1474]
4548,[117 117 117 118 118 118 119 119 119 120 120],[1869 4109 8227 1869 4109 8227 1869 8227 8228 1869 8228]
4549,[117 118],[1879 1879]
4550,[117],[2492]
4551,[117],[2677]
4552,[117],[2831]
4553,[117],[4074]
4554,[117 117],[4387 8581]
4555,[117 118 119 120],[5787 5787 5787 5787]
4556,[117],[6624]
4557,[117],[6685]
4558,[117 118],[6899 6899]
4559,"[117 117 118 118 118 118 118 118 118 118 118 118 118 118 118 118 118 118
 118 118 118 118 118 119 119 119 119 119 119 119 119 119 119 119 119 119
 119 119 119 119 119 119 119 119 119 119 119 119 119 119 119 119 119 119
 119 120 120 120 120 120 120 120 120 120 120 120 120 120 120 120 120 120
 120 120 120 120 120 120 120 120 120 120 120 120 120 120 121 121 121 121
 121 121 121 121 122]","[ 7124 10092   625  5633  7124 10092 10095  2511 10096 10091  2512 10094
  2513 10097  5640  5635 10093  5638  2514 10098  1400 10099  2911    91
  2911 10089 10098   991  2910 10099  2511 10097  2514  6390  6389  5632
  5633 10096  5640   990  5631   625 10095  2513  5639  7124 10092 10094
  5638  1398 10091  2512 10093  1400  5635   625  5631  5633  7124 10092
 10095  5632  2511  1398 10091  2512 10094 10087 10089 10097  5635  5638
  7411 10098  2514  5640  5634  1400  5639 10099   989  6389   990  6390
  4408  8607  1400  2512  5635  5636 10094  5634  6390 10099  5636]"
4560,[117 118],[7707 7707]
4561,[117],[7938]
4562,[117],[8186]
4563,[117],[9103]
4564,[117],[9577]
4565,[117 118 119],[9742 9742 9742]
4566,[117],[9989]
4567,[117 118 118 119 119],[10126  2523 10126  2523 10126]
4568,[117 117 117 117 117 118 118],[10493 15020 15022 17827 19305 15020 15022]
4569,[117 117 117 117 117 117 118 118 118 119 119 119],[10561 14079 14081 16289 16290 16291 10561 16289 16291 12962 16291 16289]
4570,[117 117],[11028 12947]
4571,[117 117 117 117],[11228 16623 16624 14634]
4572,[117],[11559]
4573,[117 117 117 117 117 117 117 118 118 118 118 118 118 118 118 118 119],"[11643 13562 17373 17374 12758 15887 20344 11643 13562 17370 17371 17373
 11644 15887 20344 12758 13562]"
4574,[117 118 119 119],[11649 11649 11649 17383]
4575,[117],[12097]
4576,[117],[13518]
4577,[117 118],[13602 13602]
4578,[117 117 117 117 117 118 118 118],[14160 16337 16339 16340 20352 16337 16338 16339]
4579,[117 117],[14164 14165]
4580,[117],[15042]
4581,[117],[15508]
4582,[117 117 117 117],[15633 15634 15635 15636]
4583,[117],[15838]
4584,[117 118 119 119 120],[15904 15904 12764 15904 15904]
4585,[117],[16802]
4586,[117],[17367]
4587,[117 117 118 118 119 119],[17382 20362 17382 20362 12763 20362]
4588,[117 117 117 118 118 119 120],[17387 17388 17389 17388 17389 17389 17389]
4589,[117 117 117 117],[17403 17404 20407 20408]
4590,[117 117 118 118],[17643 17645 17643 17645]
4591,[117 118 118 118],[18279 12041 18278 18279]
4592,[117],[18438]
4593,[117],[19240]
4594,[117],[19514]
4595,[117],[19694]
4596,[117],[19698]
4597,[117 118 118 119 119 119 120 121],[20276 12735 20276 12735 20276 18198 20276 20276]
4598,[118 118],[ 382 4072]
4599,[118],[443]
4600,[118 118 118 118 119 119 119],[ 963 7376 1515 7375  963 7376 7375]
4601,"[118 118 119 119 120 120 120 120 120 120 121 121 121 121 121 122 122 122
 122 122 122]","[1406 3326 1406 3326 1406 3326 7137 7138 7990 5652 1406 3326 7137 7138
 7990 1405 7137 1406 7138 3326 7990]"
4602,[118 118],[1428 7176]
4603,"[118 118 118 118 118 118 118 119 119 119 119 119 119 119 119 119 119 120
 120 120 120 120 120 121 121 121]","[1525 3500 7397 7398 2899 2900 6371   88 2899  979 2900 7398 1525 7397
 3500 3501  207   88 2899 2900 1525 3501 3499   88 1525 3501]"
4604,[118 119 119 120 121 121 122],[2000 2000 4388 2000 2000 4388 2000]
4605,[118 118 119 119 120 120 120 121],[2051 8722 2051 8722 2051 8722 2677 2051]
4606,[118],[2614]
4607,[118 119 120 121 122],[2808 2808 2808 2808 2808]
4608,"[124 124 124 124 124 124 124 124 124 124 124 124 124 124 125 125 125 125
 125 126 126 126 126 126 127 127 127 127 127 127 127 127 127 127 127 127
 127 128 128 128 128 128 128 128 128 128 128 128 128 128 128 128 128 129
 129 129 129 129 129 129 129 129 129 130 130 130 130 130 130 130 130 130
 130 131 131 131 131 131 131 131 132 132 133 133 134 134 135 135 135 135
 132 132 133 133 133 134 134 134 134 135 135 135 135 136 136 136 136 136
 136 136 136 136 137 137 137 137 137 138 138 138 138 139 139 139 139 139
 140 140 140 140 140 139 139 140 140 141 141 141 141 141 141 141 141 141
 141 141 142 142 142 142 142 142 143 143 143 143 143 144 144 145 145 146
 146 147]","[ 552 5089 6798 9446 2293 5090 6797 1215 3135 6796 6795 9435 1214 6794
 1215 5088 6797 5089 6798 1215 5087 5088 6797 6798  552 5087 5089 6798
 1215 5088 6797 9435 2292 5086 5085 2290 9591  550 5084 5086 2290 9435
 9432 1215 5088 9431 5087 6797 2293 5089  552 6798 9437 1215 5087 9435
 6798 2292 5086 1216 2293 9431 9432  550 5084 5086 2292 9435 2293 5089
 5087 6798 9431  550 6794  552 6798 9446 2292 9435 6798 9443 5087 6798
 5087 6798 1216 6798 5087 5088 2296 5096 2296 5096 2294 2294 9447 2296
 5096 2294 5090 5091 9446  552 5087 5089 6798 9446 5088 2293 1216 9437
  552 5087 6798 9443 5088 5087 5088 5089 6798  552 5087 5089 6798 9437
 2293 5089 9437 5087 6798 3135 6796 3135 6796  552 5089 6798 2293 1216
 9437 3135 6796 6794 6795 5086  552 5089 6798 3135 5086 6794  552 5089
 6798 2293 6794  552 6798 5087 6798 5087 6798 6798]"
4609,[118],[6083]
4610,[118],[6223]
4611,[118],[7596]
4612,[118 119],[8297 8297]
4613,[118],[9052]
4614,[118 119 120],[9574 9574 9574]
4615,[118 118 118],[10261 12878 18369]
4616,[118 118 118 119 119 120 120 120 121 121 122 122],[10792 15457 17116 10792 15326 10792 15326 17036 15326 15459 15326 15459]
4617,[118],[11619]
4618,[118 118 119 119 120 120 120 121 121 121 121 122],[11874 13923 13923 17891 13923 17891 16934 11400 13321 17891 13923 13321]
4619,[118 118 118 119 119 119 119 120],[12225 18785 12228 12225 18776 18777 18786 18776]
4620,[118 119 119],[12307 12307 14780]
4621,[118],[12595]
4622,[118],[12806]
4623,[118 118],[13880 17832]
4624,[118 118 118 119 119],[14162 18226 18227 18227 18228]
4625,[118],[15015]
4626,[118],[15967]
4627,[118],[16673]
4628,[118],[17423]
4629,[118 119 119 120 120 120 121 121 121],[18120 10562 18120 10562 15651 18120 11972 18120 18121]
4630,[118],[20459]
4631,[119 120],[1096 1096]
4632,[119],[1368]
4633,[119 119 120 120 121],[2148 4741 2148 4741 4741]
4634,[119 120 120 121 122 122 123 123 124 124 125 125 126 126],[2613 2613 2614 2614 2613 2614 2613 2614 2613 2614 2613 2614 2613 2614]
4635,[119],[3637]
4636,[119 120],[3643 3643]
4637,[119],[3654]
4638,[119 119 119 119 120 120],[3970 3971 7206 7208 3971 7206]
4639,[119],[4462]
4640,[119],[4727]
4641,[119 120 120 120],[5121 2306 5121 9474]
4642,[119 120 120 121 121 121 122 122 123 123 123 124],[5259 5259 1273 1273 6899 5259 1273 6899 1273 6899 5259 6899]
4643,[119],[6123]
4644,[119],[6627]
4645,[119],[6867]
4646,[119],[7083]
4647,[119],[7249]
4648,[119 120 121],[7577 7577 7577]
4649,[119 120 121 121 121 121 122],[7593 7593 1606 3638 1608 7593 1608]
4650,[119],[8186]
4651,[119 120],[8230 8230]
4652,[119],[9887]
4653,[119],[10037]
4654,[119 120 121],[11011 11011 11011]
4655,[119],[11072]
4656,[119 119 119 119 120 120],[12658 15636 17222 17221 17220 17221]
4657,[119],[12819]
4658,[119 120],[15480 15480]
4659,[119],[16017]
4660,[119],[16089]
4661,[119],[16303]
4662,[119],[16928]
4663,[119 120 121 122 122 123 123],[17124 17124 17124 11505 17124 11505 17124]
4664,[119],[17142]
4665,[119 120 120],[17750 17748 17750]
4666,[119],[18874]
4667,[119 120 121 121],[20302 20302 14180 20302]
4668,[120 120],[ 770 5994]
4669,[120 121 122 123],[1122 1122 1122 1122]
4670,[120 121 122],[1618 1618 1618]
4671,[120],[2030]
4672,[120 121],[2363 2363]
4673,[120],[2689]
4674,[120 120],[3497 7392]
4675,[120],[5627]
4676,[120],[5926]
4677,[120],[6612]
4678,[120],[7050]
4679,[120],[7595]
4680,[120],[7748]
4681,[120],[7943]
4682,[120 121],[8245 8245]
4683,[120],[9201]
4684,[120],[9581]
4685,[120],[9641]
4686,[120 120 121],[10011 10013 10013]
4687,[120],[10016]
4688,[120],[10595]
4689,[120 120 120],[10829 15663 19994]
4690,[123 124 124 124 125 125],[15805 11616 15803 15805 11616 15803]
4691,[120 121 121 121 121 122 122 122 122 122 123 123 123 123 123 123 124 124],"[13280 11361 13280 13281 19329 11359 13280 11361 13281 19329 11359 13280
 11361 13281 19329 19330 11361 13280]"
4692,[120 120 120],[13488 19988 19989]
4693,[120],[14400]
4694,[120],[14858]
4695,[120],[15458]
4696,[120 121],[15982 15982]
4697,[120],[18622]
4698,[120],[19449]
4699,[120],[19674]
4700,[120],[20076]
4701,[121],[40]
4702,[121 121 122 123 123],[ 263 4892 4892  263 4892]
4703,[121 121 122],[ 459 4459  459]
4704,[121],[761]
4705,[121 122 123 123 124 124 125 126],[1110 1110 1110 8191 1110 6606 1110 1110]
4706,[121 121 122 121 122 123 123 123 123 123 123 123],[1715 7842 7842 2394 2394 1715 5341 7842 7843 9738 2394 9739]
4707,[121],[1981]
4708,[121 121],[2608 9431]
4709,[121],[3286]
4710,[121],[3924]
4711,[121 122 122],[6396 4415 6396]
4712,[121],[6453]
4713,[121 122],[6681 6681]
4714,[121 122],[7088 7088]
4715,[121 122 122 123],[7268  656 7268  656]
4716,[121],[7676]
4717,[121],[7705]
4718,[121 121 122 123],[8675 8676 8676 8676]
4719,[121 122],[9749 9749]
4720,[121 121 121 122],[10352 13259 11339 13259]
4721,[121 121 121 122 122],[10405 16369 17448 10405 16369]
4722,[121],[10871]
4723,[121],[11090]
4724,[121],[11705]
4725,"[121 121 121 121 121 122 122 122 122 122 123 123 123 123 123 123 124 124
 124 124 124 124 124 124 125 125 125]","[12100 18439 18440 18441 14321 12100 18440 18441 14321 14319 10626 14319
 14321 18440 18441 12100 10626 14319 14321 18437 18440 12099 18439 12100
 14317 14319 16432]"
4726,[121],[12454]
4727,[121],[12732]
4728,"[121 121 122 122 122 123 123 123 123 123 122 122 122 123 123 123 123 123
 123 123 124 124 124 124 124 124 124 124 124 124 124 124 124 124 125 125
 125 125 125 125 125 126 126 126]","[13040 13041 13040 16431 16429 10624 16429 11119 16431 13040 11133 16454
 16452 10632 14354 16452 16453 12113 18476 18477 10624 14316 14357 16429
 16430 14356 11119 16431 18476 18477 12113 14354 16453 18475 10624 14357
 14356 18476 18477 14354 18475 14356 14357 18477]"
4729,[121 121 122],[13380 17043 17043]
4730,[121],[13544]
4731,[121 122],[14924 14924]
4732,[121 122],[15807 15807]
4733,[121],[16594]
4734,[121 122],[16904 16904]
4735,[121],[18196]
4736,"[121 122 122 122 122 123 123 123 123 123 124 124 124 124 124 124 125 125
 125 126 126]","[18229 12020 18229 20357 12762 12020 18229 20357 12762 20365 12020 18229
 18230 20357 12762 20365 11641 18229 18230 11641 18230]"
4737,"[121 121 122 122 122 122 122 122 122 122 122 122 122 122 123 123 123 123
 123 123 123 123 123 123 123 123 123 123 123 123 122 123 123 123 124 124
 124 124 124 124 124 124 124 124 124 124 124 124 124 124 124 124 124 124
 125 125 125 125 125 125]","[19303 19304 10493 15020 15022 17824 11845 15021 12408 19305 19303 19304
 19306 12409 10493 15020 15022 17824 11845 15021 12408 19305 19303 19304
 19306 15024 16852 19307 12409 15023 15017 12406 15017 19298 10493 15020
 15022 17824 11845 15021 17823 12408 19305 11846 19303 19304 19306 11354
 16852 10749 15015 15017 12406 15018 12408 15021 19304 19306 16852 17824]"
4738,[121],[19411]
4739,[122 123],[142 142]
4740,[122],[817]
4741,[122],[1124]
4742,[122 122 123 123 124],[1398 7123 1398 7123 7123]
4743,[122 122 123 124],[2145 9003 2145 2145]
4744,"[122 122 123 123 123 124 124 124 124 125 125 125 125 125 125 126 126 126
 126 126 127 127 127 127 128]","[2763 7203 2763 2764 7203 2762 2763 2764 7203 1442 7204 7203 2764 2762
 2763   42 2762 2764 7203 2763   42 2764 7203 2763 7203]"
4745,[122 122 122 122],[ 2903 10018  5574  5573]
4746,[122],[2923]
4747,[122],[4199]
4748,[122],[4951]
4749,[122],[5262]
4750,[122 123 123 123],[5419  587 5417 5419]
4751,[122],[5442]
4752,[122],[5588]
4753,[122],[6081]
4754,[122],[6376]
4755,[122],[6445]
4756,[122],[6741]
4757,[122],[6768]
4758,[122 123 124],[7133 7133 7133]
4759,[122],[7397]
4760,[122 123 123 124 125],[7617 6652 7617 6652 6652]
4761,[122 123],[7726 7726]
4762,[122],[8563]
4763,[122 122],[9196 9197]
4764,[122],[9305]
4765,[122],[9374]
4766,[122 122 123 123 123 123 123 123],[9830 9831  209 3504 5847 9831 9834 2425]
4767,[122 123 124],[10123 10123 10123]
4768,"[122 122 122 123 123 123 123 123 123 123 123 123 123 123 123 123 123 124
 124 124 124 124 125]","[10982 16184 13903 10502 13900 13902 13904 16183 11861 13899 13901 11862
 13903 17867 10983 16184 17858 11861 13901 17858 17859 11862 11862]"
4769,[122 122 122 123 123 124],[12022 18233 18234 12022 18232 18232]
4770,[122],[12267]
4771,[122],[12278]
4772,[122 123 124 124 124 124 125],[12763 12763 12763 15900 15899 18234 15900]
4773,[122],[12815]
4774,[122],[13052]
4775,[122],[13684]
4776,[122],[14226]
4777,[122 122 123],[14616 14617 14616]
4778,[122 123],[14750 14750]
4779,[122],[15014]
4780,[122],[15649]
4781,[122 122 123],[16303 16305 16305]
4782,[122],[17162]
4783,[122],[17642]
4784,[122 123],[18622 18622]
4785,[122],[18779]
4786,[122],[18782]
4787,[122],[19169]
4788,[122],[19880]
4789,"[122 123 123 123 123 123 123 123 124 124 124 124 124 124 124 124 124 125
 125 125 125 125 125 125 125 125 125 125 126 126 126 126 126 126 127]","[20030 10558 14069 20031 20030 15623 20029 17213 10558 14069 20031 16283
 20030 15623 20029 15622 17213 10558 14069 14073 20031 11037 12653 20030
 15624 20029 15621 17213 11037 12653 20031 14073 17213 20029 14073]"
4790,[123 124],[40 40]
4791,[123 124 124 125],[ 760  760 5978 5978]
4792,[123],[791]
4793,[123 123 124],[1258 6873 1258]
4794,[123 123 123],[1281 3200 9585]
4795,[123],[1357]
4796,[123],[2399]
4797,[123],[3407]
4798,[123 123 123],[3742 8345 8346]
4799,"[123 123 123 123 124 124 124 124 124 125 125 125 125 125 126 126 126 126
 126 127 127 127 128 128 128 129 129 129 129 130 130 130 131 131 131 131
 131 131 131 132 132 132 132 132 132 132 132 133 133 133 133 133 133 134
 134 134 134 135 135 135 135 134 135 136 136 136 136 136 136 137 137 137
 137 137 137 137 137 138 138 138 138 138 138 138 139 140 140 140 141 142
 142 142 143 143 143 143 143 143 144 144]","[4126 4127 6220 6221 1878 4126 4127 6220 6221 1878 4126 4127 8253 6221
 1878 4126 4127 8253 6220 4126 4127 6220 4126 4127 6221 4126 4127 6220
 6221 6220 6222 6224 1878 4127 6220 6221 6222 6223 6224 1878 4126 4127
 6220 6221 6222 6223 6224 4127 6220 6221 6222 6223 6224 6221 6222 6223
 6224 6221 6222 6223 6224 8253 8253 4126 4127 6220 8253 6221 6224 1878
 4126 4127 8253 6220 6221 6222 6224 1878 4126 4127 8253 6220 6222 6224
 1878 1878 4127 6220 6220 6220 1878 6222 1878 4127 6220 6221 6222 6223
 6220 6221]"
4800,[123 124 125],[4136 4136 4136]
4801,[123],[4197]
4802,[123],[4379]
4803,[123],[4476]
4804,[123],[5793]
4805,[123],[6902]
4806,[123],[7836]
4807,[123],[8062]
4808,[123],[8562]
4809,[123 124],[8995 8995]
4810,[123],[9614]
4811,[123 124],[10041 10041]
4812,"[123 123 123 123 123 124 124 124 124 124 124 124 124 124 125 125 125 125
 125 125 125 125 125 125 126 126 126 126 126 127]","[10298 17853 18472 18471 14351 10298 17853 18472 11859 12112 18471 18473
 15088 14351 10298 17852 17853 18472 11858 17854 18473 12112 18471 14351
 10298 17853 14351 18470 18471 10298]"
4813,[123 123 124 124 124 125 125 125],[10372 17967 10372 13378 17967 10372 13378 17966]
4814,[123 123 123 123 123 123 123 124 124 124 124 124 124 124 124],"[10590 16340 20352 20355 11070 16339 20351 10590 14161 14163 16340 20352
 16339 11070 12989]"
4815,[123],[10681]
4816,[123],[10768]
4817,[123],[10948]
4818,[123],[11051]
4819,[123],[11468]
4820,[123],[11776]
4821,[123],[11858]
4822,[123 123],[12053 14224]
4823,[123],[13569]
4824,"[123 123 123 123 123 124 124 124 124 124 124 124 124 125 125 125 125 125
 125 125 125 125 126 126 126 126 126 126 126 126 126 126 127 127 127]","[13642 13643 17499 17500 17497 11705 17497 11706 17499 17500 13643 13642
 13644 11706 17497 17499 17500 14322 17496 13643 13642 13644 11706 17497
 17500 14322 17496 11707 13643 14324 13644 18438 13643 14324 17497]"
4825,[123 123],[13996 13997]
4826,[123],[14042]
4827,[123],[14344]
4828,[123],[14589]
4829,[123 123 124 124 124 124],[15012 18427 15012 15014 18427 16849]
4830,[123],[16371]
4831,[123],[17494]
4832,[123 123],[17515 17517]
4833,[123 124],[17637 17637]
4834,[123 124],[18424 18424]
4835,[123 124],[18468 18468]
4836,[123],[18808]
4837,[123],[18926]
4838,[123],[19810]
4839,[123],[19967]
4840,[123 124 125],[20276 20276 20276]
4841,[124],[175]
4842,[124],[401]
4843,[124 124],[ 561 6845]
4844,[124],[1265]
4845,"[124 125 125 125 126 126 126 127 127 128 128 128 129 130 131 131 132 132
 133 133 134]","[2270 2270 5038 9371 2270 5038 9371 2270 9371 2270 5038 9371 9371 9371
 2269 9371 2269 9371 2269 9371 2269]"
4846,[124 124],[2325 5171]
4847,[124 124],[2702 8408]
4848,[124],[2808]
4849,[124],[3017]
4850,[124 125],[3142 3142]
4851,[124 125],[4199 4199]
4852,[124],[4458]
4853,[124],[4501]
4854,[124],[5128]
4855,[124],[6409]
4856,[124],[7557]
4857,[124],[9615]
4858,[124 124 124 124 124],[10296 13042 17504 19191 19200]
4859,[124 124],[10304 17536]
4860,[124 124],[10363 13320]
4861,[124 125],[10548 10548]
4862,[124],[10980]
4863,[124],[11087]
4864,[124],[11268]
4865,[124 125 125 125],[11932 11932 18026 17109]
4866,[124],[12346]
4867,[124 124 125 126],[13051 16451 16451 16451]
4868,[124],[13243]
4869,[124],[13311]
4870,[124 124 125],[13420 17116 13420]
4871,[124 125 125],[14752 14752 18981]
4872,[124],[15158]
4873,[124],[16663]
4874,[124 124],[16799 16800]
4875,[124],[16892]
4876,[124],[17058]
4877,[124],[17110]
4878,[124 125 125],[18058 14042 18058]
4879,[124],[18227]
4880,[124 124],[18818 18821]
4881,[124 124 125 125 125 125 125 125 125 126 126 126 126],"[18937 19100 10247 12829 18937 10909 19100 16051 19099 10909 12829 16051
 19099]"
4882,[124],[19732]
4883,[124 125 126 126 127],[19852 19852 12591 19852 19852]
4884,[125],[75]
4885,[125 125 125 125],[ 319 3841 1729 3840]
4886,[125],[338]
4887,[125],[405]
4888,[125],[657]
4889,[125 125 126],[2031 8668 2031]
4890,[125 126],[2272 2272]
4891,[125],[2282]
4892,[125],[2691]
4893,[125],[4019]
4894,[125 125 126],[4255 4257 4255]
4895,[125],[5077]
4896,[125],[6030]
4897,[125 125],[6223 6224]
4898,[125],[6304]
4899,[125],[6952]
4900,[125],[7209]
4901,[125],[7444]
4902,[125],[7696]
4903,[125 126 127],[7835 7835 7835]
4904,[125],[7866]
4905,[125],[8323]
4906,[125],[8449]
4907,[125],[8558]
4908,[125 126],[9095 9095]
4909,[125 126],[9478 9478]
4910,[125],[9661]
4911,[125],[10278]
4912,"[125 125 125 125 125 125 125 125 125 125 126 126 126 126 126 126 126 126
 126 126 126 126 126 126 126]","[10325 13130 17622 11210 19735 11760 19734 14593 14594 19733 10325 13130
 17621 17622 19736 19735 17623 19734 17624 12553 19733 17625 10446 16597
 14594]"
4913,[125 125],[10405 14214]
4914,[125],[10485]
4915,[125],[10588]
4916,[125],[10764]
4917,[125 126],[10796 10796]
4918,[125 126 127 127 127],[10871 10871 10871 15906 12765]
4919,[125],[11190]
4920,[125 125],[11485 15413]
4921,[125],[11657]
4922,[125 126 127 125 125 126 126 126 126 126 127 127 127 128 128 128 128 128],"[12736 12736 12736 17340 17342 10584 15831 17340 18203 18206 10584 15831
 17340 10584 15831 15833 17341 12736]"
4923,[125],[13046]
4924,[125 125 126 126],[14137 18193 14139 18193]
4925,[125 125 126 126 127 128 129 130],[14470 18622 12146 18622 18622 18622 18622 18622]
4926,[125 125 126],[14530 18698 18698]
4927,[125],[14692]
4928,[125 126 127 128 129],[15361 15361 15361 15361 15361]
4929,[125],[15457]
4930,[125 125 126],[16049 16050 16049]
4931,[125],[16763]
4932,[125],[16854]
4933,[125 125 125 126],[17065 17066 17067 17065]
4934,[125 126],[18141 18141]
4935,[125 126 126 126 126 126 126 126 126],[18215 10586 17353 18216 11633 18217 12014 18215 18218]
4936,[125],[18413]
4937,[125],[18770]
4938,[125],[19198]
4939,[125],[19294]
4940,[125],[19591]
4941,[125 126 127],[19728 19728 19728]
4942,[125],[19749]
4943,[126],[163]
4944,[126],[281]
4945,[126 126],[  340 10032]
4946,[126],[462]
4947,[126],[1715]
4948,[126 127 128],[1954 1954 1954]
4949,[126 126 126 126 127 128],[2281 9404 9405 9407 9405 9405]
4950,[126],[2665]
4951,[126],[4455]
4952,[126 126 127 127],[4526 8752 2061 8752]
4953,[126],[5076]
4954,[126],[6456]
4955,[126],[7847]
4956,[126],[7875]
4957,[126],[8426]
4958,[126],[8556]
4959,[126 127 128 129],[8682 8682 8682 8682]
4960,[126 127],[8743 8743]
4961,[126 127],[8747 8747]
4962,[126 126 127 127 127 127 128 128 128 128],[9483 9484 9479 9482 9483 9484 9478 9479 9482 9483]
4963,[126],[9701]
4964,[126],[9743]
4965,"[126 126 126 126 126 126 126 126 126 126 126 126 126 126 126 126 126 126
 126 126]","[10281 12983 18795 20187 20214 18794 12231 20186 12705 20213 12714 20215
 14606 18793 14607 20185 15778 18792 18789 18791]"
4966,[126],[10728]
4967,[126],[11215]
4968,[126 127 128 129],[11237 11237 11237 11237]
4969,[126 126],[11551 13471]
4970,[126],[11770]
4971,[126],[12194]
4972,[126 126],[12362 14911]
4973,[126],[12454]
4974,[126],[13485]
4975,[126],[13853]
4976,[126],[13895]
4977,[126 126],[13989 13991]
4978,[126],[14082]
4979,[126],[14144]
4980,[126],[14316]
4981,[126 126],[14318 18430]
4982,[126],[14596]
4983,[126],[15769]
4984,[126],[16033]
4985,[126 126 127],[16891 16892 16892]
4986,[126 127 128],[17058 17058 17058]
4987,[126],[17124]
4988,[126],[17397]
4989,[126],[18212]
4990,[126],[19385]
4991,[126],[19919]
4992,[126 127 128],[19928 19928 19928]
4993,[126],[20182]
4994,[126],[20393]
4995,[127 127 128 128 128],[ 446 2000  446 4388 2000]
4996,[127 128],[1220 1220]
4997,[127],[2608]
4998,[127 127 127 127 127 127 128 128 128 128 128],[3897 3898 7951 7952 6081 6082 1763 3897 3898 7952 6081]
4999,[127],[5077]
5000,[127],[5104]
5001,[127],[6306]
5002,[127],[6469]
5003,[127],[7581]
5004,[127 127 128 128],[9456 9457 9456 9457]
5005,[127],[9577]
5006,[127],[9651]
5007,[127],[10015]
5008,[127],[10493]
5009,[127 127],[10595 14180]
5010,[127 127 127 127],[11012 17992 17993 11918]
5011,[127 128 129 130 131 132],[11308 11308 11308 11308 11308 11308]
5012,[127],[11361]
5013,[127],[11912]
5014,[127],[11972]
5015,[127],[12535]
5016,[127 127],[13110 13111]
5017,[127 127 127 128],[13740 16085 17637 17637]
5018,[127],[14041]
5019,[127],[14407]
5020,[127 128],[14954 14954]
5021,[127 128 129 130],[17642 17642 17642 17642]
5022,[127],[17838]
5023,[127],[18198]
5024,[127],[18431]
5025,[127],[18583]
5026,[127],[19810]
5027,[128],[1700]
5028,[128 129 130],[1854 1854 1854]
5029,[128 129 129 129 130 130 131 131 132],[2045 2045 4487 8704 2045 8704 2045 8704 8704]
5030,[128 129],[3715 3715]
5031,[128 129 130],[4115 4115 4115]
5032,[128 129 129],[4516 2056 4516]
5033,[128],[4523]
5034,[128 129],[5032 5032]
5035,"[128 129 129 129 129 129 129 129 129 130 130 130 130 130 130 130 130 129
 130 130 130 130 131 131 131 131 131 131 131 131 131 131 131 131 131 131
 131 131 132 132 132 132 132 132 132 132 132 132 132 132 133 133 133 133
 133 133 133 133 133 133 133 133 133 133 134 134 134 134 134 134 134 134
 134 135 135 135 135 136 136 137 138 139]","[6049  799 2719 2720 6049 2717 6050 3842 6045  799 2718 2719 2720 6049
 2717 6045 6050 8464  317 8463 8464 4290  317 6043 8460 8463  797 6045
 8464 8459 2717 2718 4290 2719  799 1953 2720 6050  317 6043 8460 8463
  797 8459 2717 2718 2719  799 2720 6050  317 8463 8464  799 2718 2719
 2720 6049 2717 6045 6050 3842 3844 3845  799 2720 6049 6050  800 3842
 3844 3845 2717  799 3843 3844 3845  799 6049 6049 6049 6049]"
5036,[128],[6458]
5037,[128],[7847]
5038,[128],[8435]
5039,[128],[8562]
5040,[128],[8746]
5041,[128],[8755]
5042,[128],[10122]
5043,[128 128 128 129 130 131 132 133],[10278 18825 20053 18825 18825 18825 18825 18825]
5044,[128 129 130 131 132 132],[10728 10728 10728 10728 10728 14871]
5045,[128],[11042]
5046,[128 128 128],[11190 14528 18694]
5047,[128],[12371]
5048,[128 128 128 128 129],[12553 19733 19734 19735 19735]
5049,[128],[12909]
5050,[128 129 130 131],[13535 13535 13535 13535]
5051,[128],[13995]
5052,[128 129 130],[14066 14066 14066]
5053,[128],[14530]
5054,[128],[14594]
5055,[128],[14862]
5056,"[128 129 129 129 129 129 130 130 130 130 130 131 131 131 131 131 131 131
 132 132 132 132 132 132 132 133 133 133 133 133 134 134 134 135 135 136
 136]","[15299 15295 15297 15299 19639 15301 12520 15299 19639 15297 15295 10787
 15295 15297 15299 12518 19639 19631 10787 15295 15297 15299 12518 12520
 19631 15295 15297 15299 19639 19640 15299 19639 15301 15299 19639 15299
 19639]"
5057,[128 129],[15803 15803]
5058,[128],[16462]
5059,[128 129 130 131],[16766 16766 16766 16766]
5060,[128],[17065]
5061,[128 129],[17507 17507]
5062,[128],[17837]
5063,[128],[18020]
5064,[128],[19683]
5065,[128],[20297]
5066,[129 130],[130 130]
5067,[129],[383]
5068,[129],[576]
5069,[129],[889]
5070,"[129 129 129 129 129 129 129 130 130 130 130 130 130 130 130 130 130 131
 131 131 131 132 132 132 132 133 133 133 133 133 133 133 133 134 134 134
 134 134 134 134 134 134 135 135 135 135 135 135 135 135 135 135 136 136
 136 136 136 136 136 137 137 137 137 138]","[1035 6468 6469 6470 8772 4544 8773 1035 6468 6469 6467 6470 1036 8772
 4544 8773 2068 6467 6468 6469 8773  472 6469 6468 6467  472 6469 6470
 6468 8772 6467 8773 6466  472 4536 6469 6470 6468 8772 6467 2067 8773
  472 4536 4542 6469 6470 6468 2067 8772 6467 8773  472 6470 8772 2067
 4544 2068 6468 2068 8773 8772 6470 2068]"
5071,[129],[1466]
5072,[129],[1729]
5073,[129 129],[1808 3975]
5074,[129],[2025]
5075,[129],[3072]
5076,[129],[3210]
5077,"[129 129 129 130 130 130 130 131 131 131 132 132 132 133 133 133 134 134
 134 134 134 134 134 135 135 135 135 135 135 135 135 135 135 135 135 135
 136 136 136 136 136 136 136 136 136 136 136 137 137 137 137 137 137 138
 138 138 138 138 138 138 139 139 139 139 140 141]","[ 3900 10033  5587  3900 10033  5587  5588  3900 10033  5587  3900  5586
  5587  3900  5586  5587  3900 10033  5587   339  7950  1763  3897   819
  3897  6082  7951  1763  3898  7952  3899  3900  7950 10033  5587  5588
   819  3897  6082  1763  3898  7952  6080  3900  7950 10033  5587  3897
  3898  7952  3900 10033  6082   818  6082   819  3897  3898  3900 10033
  3897  7952  3900 10033  3900  3900]"
5078,[129 130 130 131 131 131 131 132 132],[4459  459 4459  459 4457 4459 4458  459 4457]
5079,"[129 130 130 130 130 131 131 131 131 132 132 132 132 132 133 133 133 133
 133 133 133 134 134 134 134 134 134 134 134 135 135 135]","[6948 1302 6951 6950 6948 1302 6951 6950 6948 1302 6951 6950 6948 6949
 1301 6949 6950 6951 6948 1302 6954 1301 6949 6950 6951 6948 1302 6952
 3223 6948 6950 6951]"
5080,[129 130],[7274 7274]
5081,[129],[8302]
5082,[129 130 130 130 130 130 130 131 131 131 131 131 132 132 132 132 132],"[8645 1001 4439 6408 8644 8645 2921 1001 4439 6408 4440 2921 1001 4439
 8644 4440 2921]"
5083,[129],[8912]
5084,"[129 130 130 130 130 130 131 131 131 130 131 131 132 132 132 132 132 132
 132 132 133 133 133 133 133 133 134 134 134 134 134 134 134 134 134 134
 134 135 135 135 135 135 136]","[9403 8352 9374 9375 9402 9403   29 9375 9374 8350 8350 8351   29 2687
 2689 2691 8352 8351 9374 8350   29 2687 2691  771 8350 9374  771 2691
 9403 2689 9402 5063 2687 2281 9406 9407 9374 2281 9406 9407 2687 9403
 9403]"
5085,[129],[10266]
5086,[129],[10635]
5087,[129],[10656]
5088,[129],[10738]
5089,[129],[11024]
5090,[129],[11505]
5091,[129 129 130],[12106 15080 15080]
5092,[129 129],[12120 18493]
5093,[129],[12741]
5094,[129 130 130 130 131 131 131],[12994 11075 12994 12995 11075 12994 12995]
5095,[129],[13740]
5096,[129 130 131 131 131],[14407 14407 14407 14408 16487]
5097,[129],[14851]
5098,[129 130],[14894 14894]
5099,[129 130],[14951 14951]
5100,[129 130 130],[16862 11360 16862]
5101,[129],[16920]
5102,[129 130 131 132],[16938 16938 16938 16938]
5103,[129 130],[17036 17036]
5104,[129 130 130 130 131 131 131 132 132 132 132],[17323 11616 17323 17324 11616 17323 17324 11616 15803 17323 17324]
5105,[129 130 130 131],[19730 19730 19733 19733]
5106,[129 130],[19870 19870]
5107,[129 129 130],[19964 19966 19964]
5108,[129 130 130 130 130 130 130 130 131 131 131 131 131 131],"[20031 10558 14069 20031 11037 12653 20030 16281 10558 14069 11037 16281
 16282 20030]"
5109,"[130 130 130 130 130 130 130 130 130 130 130 130 130 130 130 130 130 130
 130 130 130 130 131 131 131 131 131 131 131 131 131 131 131 131 131 131
 131 131 131 131 131 131 131 131 131 131 131 131 131 131 131 131 131 131
 131 131 131 131 131 132 132 132 132 132 132 132 132 132 132 132 132 132
 132 132 132 132 132 132 132 132 132 132 132 132 132 132 132 132 133 133
 133 133 133 133 133 133 133 133 133 133 133 133 133 133 133 133 134 134
 134 134 134 134 134 134 135]","[  16 2677 8296 8723  757 8722 1894 2051 8749 5971 8721 4501 4162 4163
 4502 8748 4524 8720 8747 4525 4527 1652  277 3712 5971 8720 3713  757
 5973 8721 1653 7696 2677 2678 8722 4501 1652 5025 2679 8723 2051 4502
 5026 9358 5027 8749 8748 8747 2266 2060 4524 8744 9362 4525 2267 4527
 2061 8753 1894   16 2677 2679 8723 8750  757 8722 8749 2060 8751 5971
 8721 4501 4524 8748 4525 4526 1894 8752  277 8720 4502 8747 4527 2061
 8753 8744 2266 9359  757 2050 4501 4502 8747 8748 4524 8749 2060 4525
 8750 4526 8751 4527 2061 8752 8753 8755 2060 4526 8751 2061 8752 8755
 8744 8747 8747]"
5110,[130 130 130 131 131 132 132 133],[ 444 8567 8570 8567 8570 8567 8570 8567]
5111,[130],[1255]
5112,[130 131 131 132 132 133],[1557 1557 7469 1557 7469 7469]
5113,[130 130],[1727 3839]
5114,[130],[1828]
5115,[130],[2792]
5116,[130],[2970]
5117,[130],[3140]
5118,[130 130 131],[3738 7729 7729]
5119,"[130 131 131 131 131 131 131 131 131 131 131 131 132 132 132 132 132 132
 132 132 132 132 132 133 133 133 133 133 133 133 133 133 134 134 134 134
 134 134 135 135 135 136]","[3836 1725 7864 7867 7863 1726 3836 3837 3838 7869 7870 6975 1725 3833
 7866 7867 7863 3836 1726 3835 3837 3838 7870  319 3835 3839 3841 1727
 3840 7871 3833 7866  319 3835 3841 1729 7875 3833 1729 3833 3835 3835]"
5120,[130],[6423]
5121,[130 131 131 132 133],[6458 6456 6458 6458 6458]
5122,[130],[6606]
5123,[130],[6871]
5124,[130],[7765]
5125,[130 130],[8755 8756]
5126,[130],[10292]
5127,[130 131 132 133],[10448 10448 10448 10448]
5128,[130],[11033]
5129,[130],[12401]
5130,[130 131],[12828 12828]
5131,[130 130 131 132 133 133],[12829 19100 19100 19100 10909 19100]
5132,[130],[12883]
5133,[130 131 131],[13644 13642 13644]
5134,[130],[13913]
5135,[130],[14062]
5136,[130],[14195]
5137,[130],[14491]
5138,[130],[14513]
5139,[130],[14723]
5140,[130],[14854]
5141,[130],[14957]
5142,[130],[16254]
5143,[130],[17065]
5144,[130 130],[17110 19820]
5145,[130],[18389]
5146,[130],[18495]
5147,[130 131],[18582 18582]
5148,[130 131 132 133 133 133],[19723 19723 19723 12550 19723 19721]
5149,[130],[19825]
5150,[130],[20035]
5151,[130],[20379]
5152,[131],[57]
5153,[131],[468]
5154,[131 131 131 132 133],[ 820 2739 2738 2738 2738]
5155,[131],[1256]
5156,[131 131 132 132],[1257 3176 1257 3176]
5157,[131],[1443]
5158,[131],[1572]
5159,[131],[2023]
5160,[131 132],[2056 2056]
5161,[131 132],[2614 2614]
5162,[131],[3301]
5163,[131],[3407]
5164,[131],[3715]
5165,[131],[3897]
5166,[131 132 133 134],[4255 4255 4255 4255]
5167,[131 131 131 132 132 133],[4377 4379 4380 4377 4380 4377]
5168,[131 132],[4462 4462]
5169,[131 132],[4737 4737]
5170,"[131 132 133 133 132 132 133 133 134 134 134 134 134 135 135 135 136 136
 136 137 137 138 139 140]","[5261 5261 2363 5261  576 6903  576 6903  576 5262 6903 2363 5261  576
 5262 2363  576 5262 2363  576 2363 2363 2363 2363]"
5171,[131 131 132 132 133 134 135 135 136 136],[6652 7617 6652 7617 6652 6652 6652 7617 6652 7617]
5172,[131],[6681]
5173,[131],[7431]
5174,[131 131 132 133 133 134 134],[7797 9630 9630  139 9630  139 9630]
5175,[131],[8077]
5176,[131],[8300]
5177,[131 131 132],[8347 8348 8348]
5178,[131 132 132 133 133 134 134 135],[9478 2307 9478 2307 9478 2307 9478 9478]
5179,[131 132],[10363 10363]
5180,[131 131],[10378 13441]
5181,[131 132 133 133],[10466 10466 10466 14755]
5182,[131],[11210]
5183,"[131 131 131 131 131 131 131 132 132 132 132 132 132 132 132 132 133 133
 133 133 133 133 133 133 133 133 134 134 134 134 134 134 134 135 135 135]","[11260 13181 16680 17695 13182 17693 17692 10341 13180 13184 11260 17695
 16680 17694 17693 17692 10341 13180 13184 11260 17695 18984 16680 17694
 17693 17692 11260 13180 16680 17694 17695 17693 17692 17692 17693 17694]"
5184,[131 131],[11783 13769]
5185,[131],[12093]
5186,[131],[12347]
5187,[131],[12539]
5188,[131 132 133],[12741 12741 12741]
5189,[131 132],[13647 13647]
5190,[131],[13837]
5191,[131 131],[14506 18666]
5192,[131],[14853]
5193,[131],[15133]
5194,[131 132],[15536 15536]
5195,[131],[15579]
5196,[131 132],[16051 16051]
5197,[131],[16503]
5198,[131 131 132 132],[16642 16643 10697 16643]
5199,[131 132 132 132 132 132 133],[16650 10605 14679 16648 12265 16650 12265]
5200,[131],[16674]
5201,[131],[16850]
5202,[131],[18388]
5203,[131],[18662]
5204,[131 132 132],[18669 18669 18670]
5205,[131],[19852]
5206,[131],[19928]
5207,[131],[20418]
5208,[131],[20449]
5209,[131],[20451]
5210,[132],[75]
5211,[132 132 132],[ 920 6266  921]
5212,[132],[1667]
5213,[132],[2282]
5214,[132],[2372]
5215,[132 133 134 134 134],[3736 3736 3736 7729 3738]
5216,[132],[3752]
5217,[132],[3793]
5218,[132 132 132 133 133 133 133 134 134 135 135],[4016 4017 8113 4016 4017 8111 8113 1828 8111 1828 8111]
5219,[132 133 134 134 134 135 135 136 137],[5032 5032 2267 5031 5032 2267 5032 2267 2267]
5220,"[132 133 134 134 134 135 135 135 135 135 135 135 135 136 136 136 136 136
 136 136 136 137 137 137 137 137 138 138 138 138 139 139 139 140 140]","[5259 5259  575 5259 6899  575 5257 5259 6898 6899 5256 9643 1273  575
 5257 5259 6898 6899 5256 9643 1273 1273 6899 9643 5259 5257 1273 6899
 5259 5257 1273 6899 5259 5259 6899]"
5221,[132],[6499]
5222,[132],[8531]
5223,"[132 133 133 134 134 134 134 134 135 135 135 135 135 135 136 136 136 136
 137 138 138 139 139 139 140 140 140 140 140 140 140 140 141 141 141 141
 142]","[9484 9483 9484 5128 9483 9484 9458 9457 2738 9457 9458 9484 9483 9482
 9457 9458 9482 9483 9483 2300 9483 9458 9484 9483   31 2738 8525 9485
 1979 9486 9484 9483 2300 9483 9482 9481 9481]"
5224,[132 133 134],[10041 10041 10041]
5225,[132],[11300]
5226,[132],[11391]
5227,[132 133],[11708 11708]
5228,[132],[12087]
5229,[132],[12963]
5230,[132],[12997]
5231,[132 132 133],[13996 13997 13996]
5232,[132],[14185]
5233,[132],[15580]
5234,[132],[16031]
5235,[132],[16460]
5236,[132 133 134 134],[17065 17065 17065 17066]
5237,[132],[17173]
5238,[132 133],[18290 18290]
5239,[132 133 134 134],[19117 19117 12345 19117]
5240,[132 132 133 133 133 134 134 134 134],[19729 19730 19729 19730 19733 19729 19730 19733 19734]
5241,[133 134],[252 252]
5242,[133 134 134 134 134 134 135 135 135 135 136 136 137],[ 279  279 3717 9378 3716 7699  279 9378 1654 3716 3716 9378 9378]
5243,[133 133],[ 760 8323]
5244,[133],[770]
5245,[133 133 133 133 133 134 134 134 134 134 134 135],[ 917 2837 2839  919 2840  917 2837 2838 7312 7313 7314  917]
5246,[133 134 135 136 137 138 139 140],[1110 1110 1110 1110 1110 1110 1110 1110]
5247,[133 133],[1912 4201]
5248,[133],[1939]
5249,[133 133 134 134 135 135 135 135 136 136 136 136 137 137 138 139 140],"[2053 8728 2053 4510 2053 4507 4508 4510 2053 4507 4508 4510 4509 4510
 4510 4510 4510]"
5250,[133 133 134 134],[2482 5559 2482 5559]
5251,[133 134 134],[2684 2684 2697]
5252,[133 133 134],[2768 2769 2768]
5253,[133],[2858]
5254,[133 133 133],[3137 3139 7734]
5255,[133 134 134],[3379 3377 3379]
5256,[133],[3712]
5257,[133],[3794]
5258,[133 133 134],[4469 8680 8680]
5259,[133 133 134 134 134 135],[5081 9424 5079 9424 5081 5079]
5260,[133],[6083]
5261,[133],[6359]
5262,[133],[6408]
5263,[133 134 135],[6573 6573 6573]
5264,[135],[1651]
5265,[133],[9456]
5266,[133],[9959]
5267,[133],[9961]
5268,[133 133],[10010 10011]
5269,[133],[10459]
5270,[133 133],[10624 16429]
5271,[133 133],[11043 12962]
5272,[133],[11075]
5273,[133 133 134],[11078 16354 11078]
5274,[133 133 133 133 133 133 134 134 134 134 135],[11620 13541 17332 13542 17333 11621 11620 11621 17333 11622 17333]
5275,[133 133 134],[11858 18473 11858]
5276,[133 133 133 133 133],[11900 13963 13964 17952 13966]
5277,[133],[12033]
5278,[133 134 134],[12097 12097 18431]
5279,[133 134 134 134 135 135 135 135 136 136 136 136 137 137 138],"[12539 12539 15341 19692 12539 15341 15342 19692 12540 15342 15341 19692
 15341 15342 15341]"
5280,[133 134],[12736 12736]
5281,[133],[12765]
5282,[133 134],[13033 13033]
5283,[135 135 135 136 136],[10378 19816 19824 10378 19816]
5284,[133],[13596]
5285,[133],[13760]
5286,[133 133],[13777 13819]
5287,[133 134 134],[13902 13900 13902]
5288,[133],[14100]
5289,[133 134 135 136],[14407 14407 14407 14407]
5290,[133],[14589]
5291,[133 134],[14618 14618]
5292,[133 134],[14680 14680]
5293,[133],[14931]
5294,[133],[14970]
5295,[133],[15136]
5296,[133 133],[15955 20425]
5297,[133 134],[15983 15983]
5298,[133],[16050]
5299,[133],[16391]
5300,[133 134 134 135],[16452 16452 16453 16453]
5301,[133],[16865]
5302,[133 133 134 135 135 136 137 138 139 139 140 140 141 141 142],"[16920 17880 16920 16920 16921 16921 16921 16921 16920 16921 16920 16921
 16920 16921 16921]"
5303,[133],[17414]
5304,[133 134 135],[17507 17507 17507]
5305,[133],[17793]
5306,[133],[17853]
5307,[133 134],[17859 17859]
5308,[133],[18261]
5309,[133 134 134 134 135],[18438 14324 18438 14326 18438]
5310,[133 134 135 136 137 138 139 139 139 140 140 141 142 143],"[18545 18545 18545 18545 18545 18545 10643 18545 18544 10643 18545 18545
 18545 18545]"
5311,[133],[18582]
5312,[133],[18662]
5313,[133],[19094]
5314,[133 134 134 134 135 135 135 135 135],[19451 19448 19450 19451 12457 19450 19451 19452 19448]
5315,[133],[19970]
5316,[133],[20459]
5317,[134 134 134 135 135 135 135 136 136 137 137 138 139 140],[ 460 8682 8683  460 4464 8682 8683 8682 8683 8682 8683 8682 8682 8682]
5318,[134 134 134],[ 465 4483 6437]
5319,[134 135 135 135],[1001 1001 6408 8644]
5320,[134],[1482]
5321,[134 135],[1557 1557]
5322,[134 134 135 135],[2000 4388 2000 4388]
5323,[134],[2056]
5324,[134 135 135 135 136 136 136],[2354 2354 5239 5241 2354 5239 5241]
5325,[134],[2355]
5326,[134],[2708]
5327,[134 134 135],[3371 7216 3371]
5328,[134],[3793]
5329,[134],[3964]
5330,[134],[4208]
5331,[134],[4440]
5332,[134 135 135 136 136 137 137 137 138 138 138 139 139 139 140 140 140],"[4472 4470 4472 4470 4472  461 4470 4472  461 4470 4472  461 4470 4472
  461 4470 4472]"
5333,[134 134 135 135 135 136 136 136 137 138 139],[4771 9052 4771 9052 5921 4771 9052 5921 4771 4771 4771]
5334,[134 135],[6035 6035]
5335,[134],[6361]
5336,[134 135 136 137 138 139 140 141],[6377 6377 6377 6377 6377 6377 6377 6377]
5337,[134],[6775]
5338,[134 135],[7835 7835]
5339,[134],[7873]
5340,[134 134],[8080 8081]
5341,[134 135 136],[9360 9360 9360]
5342,[134 134 135],[9434 9436 9434]
5343,[134],[10408]
5344,[134 134],[10630 18460]
5345,[134],[10668]
5346,[134],[10801]
5347,[134],[10934]
5348,[134 135],[11024 11024]
5349,[134],[11068]
5350,[134],[11119]
5351,"[134 134 134 134 134 134 134 134 135 135 135 135 135 135 135 135 135 135
 135 136 136 136 136 136 136 136 136 137 137 137 137 137 138 138 138 138
 139 139 139 139 139 140 140 140 140 141]","[11394 13315 11396 13316 16927 16928 19473 19475 11396 13315 13316 16927
 16928 19473 19474 19475 19477 19478 12466 11396 13316 16928 19474 19475
 19477 19478 12466 11396 13316 16928 19474 19478 11396 13316 16928 19474
 11396 13315 13316 19474 19475 11396 13316 19473 19474 19474]"
5352,[134],[11640]
5353,[134 135],[12010 12010]
5354,[134],[12106]
5355,[134 134 134],[12754 20336 15880]
5356,[134],[13037]
5357,[134 134 134 135 135 135 135 135 135],[13130 13132 17622 10446 14593 11760 17622 11210 13130]
5358,[134],[13235]
5359,[134 134],[13454 19953]
5360,[134 135],[14102 14102]
5361,[134 135],[14937 14937]
5362,[134 135],[15361 15361]
5363,[134 135],[16304 16304]
5364,[134],[16430]
5365,[134 134 135],[16667 18922 18922]
5366,[134 134 135],[16671 16672 16672]
5367,[134 135],[16831 16831]
5368,[134],[17388]
5369,[134],[17430]
5370,[134],[17596]
5371,[134 135],[18272 18272]
5372,[134],[18287]
5373,[134],[18981]
5374,[134],[19151]
5375,[134],[19813]
5376,[134],[19971]
5377,[134 135 136],[20259 20259 20259]
5378,[134 135],[20276 20276]
5379,[134],[20426]
5380,[135 136 137 138],[247 247 247 247]
5381,[135],[383]
5382,[135],[401]
5383,[135 135 135 135 135 136 136],[ 923 6269 8358 4209 1917  923 6271]
5384,[135],[1104]
5385,[135 135],[1451 7242]
5386,[135],[1848]
5387,"[135 135 135 136 136 137 137 138 138 138 138 139 139 139 140 140 140 140
 140 141]","[2764 7203 7204 2763 2764 2764 7203  842 2763 2764 7203 2763 2764 7203
 2762 2763 2764 6124 7203 2764]"
5388,[135],[3615]
5389,[135],[5022]
5390,[135 135],[5038 5039]
5391,[135 136],[5568 5568]
5392,[135],[6434]
5393,[135 136],[6597 6597]
5394,[135],[7274]
5395,[135],[7300]
5396,[135 136 137 138],[7570 7570 7570 7570]
5397,[135 136 136 137 138 138 138 138 139 139 139 140 141 141 142],"[8570  444 8570  444  444 4373 8570 8569  444 4373 8570 8570 4373 8570
 8570]"
5398,[135],[9384]
5399,[135],[10016]
5400,[135 135],[10266 18454]
5401,"[135 135 136 137 137 137 137 138 138 138 139 139 139 139 139 139 140 140
 140 140 140 140 141 141 141 141 141 141 142 142 142 142 142 143]","[10909 19100 10909 10909 16051 19099 19098 10909 19099 19098 10909 16051
 19099 19100 19098 18937 12829 18937 19100 19099 16051 19098 10909 12829
 19099 19100 18937 19098 12829 19100 19099 16051 19098 19098]"
5402,[135],[11026]
5403,[135 135 135],[11496 19818 19819]
5404,[135 136],[11497 11497]
5405,[135],[11680]
5406,[135],[11692]
5407,[135],[11933]
5408,[135 136 136],[12591 12591 19844]
5409,[135],[12984]
5410,[135 135],[13164 17666]
5411,[135],[13386]
5412,[135],[14063]
5413,[135],[14351]
5414,[135],[14536]
5415,[135 135 135],[15497 15498 19880]
5416,[135 136 136 136 137],[16085 10448 13740 16085 13740]
5417,[135],[16502]
5418,[135],[16848]
5419,[135 135 136 136 137 137],[16938 16939 16938 16939 16938 16939]
5420,[135],[17058]
5421,[135],[17340]
5422,[135 136 137 138],[17873 17873 17873 17873]
5423,[135],[18120]
5424,[135],[18213]
5425,[135 136],[18582 18582]
5426,[135],[18701]
5427,[135],[19239]
5428,[135],[20246]
5429,[135 136 136 136 137],[20333 11640 13559 20333 20333]
5430,[136],[111]
5431,[136],[1009]
5432,"[136 137 137 138 138 138 139 139 139 139 140 140 140 140 141 141 141 141
 142 142 143 143 143 144 144 144 145 145 145 145 146 146 146 146 147 147
 147 147 147 148 148 149]","[1059 1059 3021 1059 2979 2980 1059 2979 2980 3021 1059 2979 2980 3021
 1059 2979 2980 3021 1059 2980 1059 2979 2980 1059 2979 3021 1059 2979
 2980 3021 1059 2979 2980 3021 1059 2979 2980 3021 6591 1059 3021 1059]"
5433,[136],[1122]
5434,[136],[1143]
5435,[136],[1954]
5436,[136 137 138],[2717 2717 2717]
5437,[136 137 138],[3666 3666 3666]
5438,[136 137 137 138 138 138 139 139],[3964 3963 3964 3963 3964 6123 3964 6123]
5439,[136 137],[4107 4107]
5440,[136],[4255]
5441,[136],[4578]
5442,[136 137],[5919 5919]
5443,[136 137 138],[6045 6045 6045]
5444,[136],[7083]
5445,[136],[8423]
5446,[136],[8456]
5447,[136 137 138 139],[8464 8464 8464 8464]
5448,[136],[8846]
5449,[136 137],[10363 10363]
5450,[136],[10668]
5451,[136 136],[10928 19916]
5452,[136],[11505]
5453,[136],[12098]
5454,[136],[12653]
5455,[136],[14062]
5456,[136 136],[14065 18091]
5457,[136 137],[14919 14919]
5458,[136],[15350]
5459,[136],[15537]
5460,[136],[15571]
5461,[136],[16050]
5462,[136],[16219]
5463,[136],[16349]
5464,[136 137],[16807 16807]
5465,[136],[19686]
5466,[137 137 137],[1001 6408 8644]
5467,[137],[1105]
5468,[137],[3071]
5469,[137 137],[3135 6796]
5470,[137 138 139 139 140 141 142 143],[3528 3528 3528 7436 3528 3528 3528 3528]
5471,[137],[3842]
5472,[137 137 138 139 139],[4083 6196 6196 4083 6196]
5473,[137],[4440]
5474,[137],[5032]
5475,[137],[6361]
5476,[137 138],[6451 6451]
5477,[137],[6500]
5478,[137 138],[7274 7274]
5479,[137],[7581]
5480,[137],[7694]
5481,[137],[7809]
5482,[137],[8390]
5483,[137],[8657]
5484,[137 138],[8693 8693]
5485,[137],[9547]
5486,[137 137 138 139 139 140],[10899 12820 10899 10899 16033 10899]
5487,[137 137 138],[10929 16086 16086]
5488,[137],[11075]
5489,[137 138],[11327 11327]
5490,[137 137 138 139 140],[11616 17323 17323 17323 17323]
5491,[137 137],[11780 17666]
5492,[137 137 137 138],[12372 14938 19201 14938]
5493,[137],[12416]
5494,[137],[12582]
5495,[137 138 139],[12909 12909 12909]
5496,"[137 138 139 139 139 140 140 141 141 141 142 142 142 143 143 143 144 145
 146 146 147 147 147 147 148 148 148 148 148 149 149 149]","[13784 13784 13782 13784 18972 13782 13784 13782 13784 18972 13782 13784
 18972 13782 13784 18972 13784 13784 13782 13784 13782 13784 18972 14751
 10464 13782 13784 18972 14751 10464 13782 13784]"
5497,[137],[14324]
5498,[137],[14460]
5499,[137],[15020]
5500,[137 138],[15048 15048]
5501,[137],[15301]
5502,[137],[16104]
5503,[137 138 139 139],[16852 16852 16852 19304]
5504,[137 138],[16892 16892]
5505,[137 138 138 138 138 138 139 139],[18142 10568 15695 15697 17258 18142 17258 18142]
5506,[137],[18936]
5507,[137],[19890]
5508,[137],[19927]
5509,[138 138 138 139 139 140],[ 140 3190 3192  140 3190  140]
5510,[138],[252]
5511,[138],[1301]
5512,[138 138 139 139 140 140 141 141],[2338 5204 2338 5204 2338 5204 2338 5204]
5513,[138],[3844]
5514,[138],[4256]
5515,[138],[4383]
5516,[138],[4502]
5517,[138],[5568]
5518,[138 139],[6364 6364]
5519,[138],[6555]
5520,[138],[6597]
5521,[138 139 139],[6897 6896 6897]
5522,[138],[7256]
5523,[142],[5032]
5524,[138 139 139 140 140 141],[7814 1702 7814 1702 7814 7814]
5525,[138],[7845]
5526,[138 139],[8199 8199]
5527,[138],[8261]
5528,[138],[8730]
5529,[138 138 139],[8749 8750 8750]
5530,[138 139],[11026 11026]
5531,[138],[11037]
5532,"[138 138 138 138 138 138 138 138 138 138 138 138 138 138 138 138 139 139
 139 139 139 139 139 139 139 139 139 139 139 139 139 140 140 140 140]","[11201 13120 13121 16576 20422 20423 16575 20421 12783 16574 20420 15950
 14556 20419 12782 20417 11200 14557 16575 16576 13120 13121 20421 20422
 20420 20423 20419 12782 20418 20417 12781 12781 20414 20415 20418]"
5533,[138 138 138 138],[11237 13158 17662 11777]
5534,[138],[11582]
5535,[138 138 139 140 140 140 141 142 142 143],[11783 13769 13769 13767 13768 13769 13769 13768 13769 13768]
5536,[138 138],[11979 18730]
5537,[138],[11981]
5538,[138 138],[12616 19921]
5539,[138],[13535]
5540,[138 138 138 138 138 138 138 138 139 139 139 139 139 139 139 139 140],"[13587 17415 15954 17416 15956 20451 15957 15958 10878 15958 20451 20454
 12793 20450 15975 15974 15975]"
5541,[138 139 139 140 140 140 140],[13596 10403 13596 10403 13596 11676 17430]
5542,[138 139 139 139],[13900 13899 13900 13902]
5543,[138],[13963]
5544,[138 138 139 139 139 139 139 140 140 140 140],[14184 14187 13584 18261 14187 14186 14184 13584 18261 14187 14186]
5545,[138 138 138 139],[14351 18470 18471 18471]
5546,[138 139 139 139 140],[14407 11150 14407 16486 14407]
5547,[138],[14558]
5548,[138],[15014]
5549,[138 138 139 139 139 139 140 140 140],[15593 19995 12640 15593 19995 12641 11545 15593 17196]
5550,[138 138 139],[16674 16796 16674]
5551,[138],[16804]
5552,[138],[16890]
5553,[138],[17149]
5554,[138],[17521]
5555,[138],[17827]
5556,[138 139],[18104 18104]
5557,[138 138],[19199 19200]
5558,[138 138 139 139 139 140 140],[19451 19453 19451 19452 19453 19451 19452]
5559,[138],[20031]
5560,[139],[574]
5561,"[139 139 139 139 140 140 140 140 140 140 140 140 141 141 141 141 141 141
 141 141 142 142 142 142 142 142 143]","[1001 6408 8644 8645 1001 4439 6407 6408 8644 2024 4440 8645 1001 4439
 6407 6408 8644 4440 8645 2921 1001 4439 6407 6408 4440 2921 1001]"
5562,[139],[1574]
5563,[139 140],[1954 1954]
5564,[139 139 140 140 140 141 141 142 142 143 143],[3210 3211 3210 3211 3212 3210 3212 3210 3212 3210 3212]
5565,[139 140],[3363 3363]
5566,[139],[3582]
5567,[139],[4122]
5568,[139 140 140 141],[4388 2000 4388 2000]
5569,[139],[5984]
5570,[139],[8458]
5571,[139],[9430]
5572,[139 140],[9630 9630]
5573,[139 139 139],[9712 9713 9715]
5574,[139],[10003]
5575,[139 139 140],[10015 10016 10016]
5576,[139],[10349]
5577,[139 139 140 140 141 141 142],[10372 17967 10372 17967 10372 17967 10372]
5578,[139 139 139],[10446 14593 14594]
5579,[139],[10586]
5580,[139 140 140 140 141 141 141 142 142 143],[10783 10783 19605 19604 10783 19605 19604 10783 15264 15264]
5581,[139],[10982]
5582,[139],[11078]
5583,[139 140],[11244 11244]
5584,[139 139],[11519 18059]
5585,[139],[11960]
5586,[139 139],[12012 18212]
5587,[146],[16429]
5588,[139 139 139],[12582 15451 15452]
5589,[141 141 141 141],[15454 15456 17114 17113]
5590,[139],[12681]
5591,[139],[12791]
5592,[139 139 140 140 140],[13159 13160 13157 13159 13160]
5593,[139],[13246]
5594,[139],[13465]
5595,[139],[14099]
5596,[139],[14555]
5597,[139],[15003]
5598,[139 140],[15534 15534]
5599,[139],[15587]
5600,[139 139 140 140],[16698 16699 16698 16699]
5601,[139 140 141 142],[16891 16891 16891 16891]
5602,[139],[17830]
5603,[139],[18559]
5604,[139 140],[19280 19280]
5605,[139 140 140 141 142 143],[19685 10794 19685 19685 19685 19685]
5606,[139 140 140 140 141 142 142 142],[19709 19709 19717 19718 19709 19709 19717 19718]
5607,[140 141],[311 311]
5608,[140 140 140 141 142],[ 313 6948 6949 6949 6949]
5609,[140 141 141 142 142 143 143],[ 364  364 3967  364 3967  364 3967]
5610,[140 141 142],[765 765 765]
5611,[140],[1298]
5612,"[140 141 142 142 143 143 143 144 144 144 145 145 145 145 146 146 146 146
 147 147 148 148 148 148 149 149 149 149 149 149 150 150 150 151 151 151]","[2056 2056 2056 8738 2056 4516 8738 2056 4516 4510 2056 8738 4510 4508
 4507 4508 8727 8738 4508 8727 4505 8727 4507 4508  468 4508 4510 8738
 4507 8727 2053 4508 8727 2053 4508 4510]"
5613,[140 140 141 141 141 142 142 142],[3115 7702 3115 7702 7701 3115 7702 7703]
5614,[140],[3217]
5615,[140],[3972]
5616,[140 141 142],[4197 4197 4197]
5617,[140 141],[4609 4609]
5618,[140],[4778]
5619,[140],[5249]
5620,[140 141],[5587 5587]
5621,[140 141],[6035 6035]
5622,[140],[6434]
5623,[140 141 142 142 143 143 144 145],[6458 6458 6456 6458 6456 6458 6458 6458]
5624,[140 141 142],[6573 6573 6573]
5625,[140 141],[7555 7555]
5626,[140],[8079]
5627,[140],[8751]
5628,[140 140 140],[8771 8774 8775]
5629,[140 141],[8845 8845]
5630,[140],[9625]
5631,[140 140 141 141],[9651 9654 9651 9654]
5632,[140 140 141 141 141],[10288 13185 10288 13185 13187]
5633,[140 140 141],[10315 18662 10315]
5634,[140 140 141],[10477 17755 10477]
5635,[140 141 142],[10798 10798 10798]
5636,[140],[11394]
5637,[140],[11468]
5638,[140 141 142 143],[11508 11508 11508 11508]
5639,[140 140],[11666 17414]
5640,"[140 140 141 141 141 141 141 141 141 141 141 141 141 141 141 142 142 142
 142 142 142 142 142 142 142 142 142 143 143 143 143 143 143 143 143 143
 144 144 144 144 144 144 144 144 144 144 144 145 145 145 145 145 145 145
 145 145 145 145 145 145 146 146 146 146 146 146 146 146 146 146 146 147
 147 147 147 147 148]","[11862 17864 11861 13900 13901 17858 13902 11862 13903 10264 12889 12903
 10982 16184 12901 10983 16184 17867 12903 13904 13902 11862 13900 13901
 17864 11861 13899 11861 13899 13900 13901 11862 10361 13302 13304 17863
 11861 13899 13900 13901 17858 17857 11862 17864 17863 13304 13302 11861
 13899 13900 13901 17858 17859 17860 17857 13902 11862 16894 13304 17863
 11862 13901 13902 13903 13900 17860 13899 16894 17859 16896 13299 11861
 13901 17860 11862 13903 11862]"
5641,[140 140],[11918 13995]
5642,[140],[12417]
5643,[140],[12566]
5644,[140 141],[13371 13371]
5645,[140 141],[13476 13476]
5646,[140 141 142 143],[13979 13979 13979 13979]
5647,[140],[14530]
5648,"[140 140 141 141 141 141 141 142 142 142 142 143 143 143 143 144 144 144
 143 143 143 144 144 144 144 144 144 144 144 144 144 144 145 145 145 145
 145 145 145 145 145 145 145 145 145 146 146 147 147 147 148]","[14937 16804 10736 14937 14939 16803 16804 10736 14937 14939 16803 10736
 14933 14935 14936 10736 14937 14938 14926 14928 19197 10735 14927 14929
 19197 12368 14926 14928 19198 19196 11323 16797 10735 14925 14927 16798
 11323 16797 16795 16796 10736 14935 14937 14936 19198 10736 16803 10736
 14933 16803 14933]"
5649,[140],[15136]
5650,[140 141],[15983 15983]
5651,[140],[16086]
5652,[140],[16106]
5653,[140],[17491]
5654,[140],[17716]
5655,[140],[17873]
5656,[140 141],[18103 18103]
5657,[140],[19111]
5658,[140 141 141],[19591 19591 19592]
5659,[140],[19714]
5660,[140],[19904]
5661,[141],[279]
5662,[141 142],[1093 1093]
5663,[141],[1482]
5664,[141],[1906]
5665,[141 141 141 141 142 143],[2025 8649 8656 8657 2025 2025]
5666,[141],[2360]
5667,[141 142],[2936 2936]
5668,[141 142 142 142 142 143 143 143 143 143 144 144],[3964 3964 6123 6124 8044 3963 3964 8044 6123 8043 3964 6123]
5669,[141],[4126]
5670,[141],[5329]
5671,[141],[6019]
5672,[141 142 142 142],[7511  715 5893 7511]
5673,[141],[7581]
5674,[141 142],[7951 7951]
5675,[141 142],[8336 8336]
5676,[141 142],[8339 8339]
5677,[141],[8680]
5678,[141 142 143],[9003 9003 9003]
5679,[141],[11078]
5680,[141],[11768]
5681,[141],[12664]
5682,[141],[13302]
5683,[141 141],[13315 16927]
5684,[141 142],[13418 13418]
5685,[141 141],[15263 19595]
5686,[141],[15331]
5687,[141],[16033]
5688,[141],[16674]
5689,[141],[17666]
5690,[141],[17823]
5691,[141],[17830]
5692,[141 142],[18471 18471]
5693,[141],[18929]
5694,[141],[19109]
5695,[141 142],[19303 19303]
5696,[142 143 143],[ 654  654 5785]
5697,[142],[818]
5698,[142 142 143 143 143],[1525 3501 1525 3501 7396]
5699,[142 142 143 143 144 144 145 145 146 146 146 147 147 148 149],"[1557 3552 1557 3552 1557 3552  225 3552  225 3546 3552  225 3552 3552
 3552]"
5700,"[142 143 143 144 144 145 145 146 146 146 145 146 146 146 147 147 147 147
 147 147 147 147 148 148 148 148 148 148 148 148 149 150 150 151 152 153
 153 153 154 154 154 154 155 155 155 155 155 155]","[2281 2281 9407 2281 9407 2281 9407 2281 9407 5066 2687 2687 2689 2691
 2280 5063 9402 2281 5064 2691 9407 5067 2281 5063 9406 9403 5066 2691
 2282 5067 2282 2282 9407 9407 9407 2281 5063 9407 2280 5063 2281 9406
 2271 9401 2280 5061 5066 9406]"
5701,[142 143],[3465 3465]
5702,[142 143],[6681 6681]
5703,[142],[7345]
5704,[142 142],[7724 7725]
5705,[142 143 143 143 144],[7817 7817 7818 9573 9573]
5706,[142],[8720]
5707,[142 143],[9371 9371]
5708,[142],[9402]
5709,[142],[10704]
5710,[142],[12945]
5711,[142],[13389]
5712,[142],[13819]
5713,[142],[13995]
5714,[142],[14747]
5715,[142],[14932]
5716,[142],[15457]
5717,[142 142],[15487 17134]
5718,[142],[15809]
5719,[142 143],[16655 16655]
5720,[142],[17058]
5721,[142],[17108]
5722,[142],[19715]
5723,[142],[19880]
5724,[142],[20246]
5725,[156 156 156 156 156 156 156 157 157 158 158],[ 461 1013 4476 6431 2036 4471 3411 6431 6432 1013 6431]
5726,[143 144 145 146],[576 576 576 576]
5727,"[143 143 143 144 144 145 145 146 146 147 147 145 146 146 147 147 147 147
 148 148 148 148 148 149 149]","[1482 7298 7300 7297 7298 7297 7298 7297 7298 7297 7298  663  663 3430
  663 3430 7299 3429 1482 3429 7298 7300 1483 1482 7298]"
5728,[143 143 143 143 144 144 144 145],[1574 3580 3581 7508 1574 3580 7508 3580]
5729,[143 144 145 146 147 148 148 148 149 149 149 150 150],[2363 2363 2363 2363 2363  576 5262 2363  576 5262 2363  576 2363]
5730,[143 144],[3190 3190]
5731,[143],[4371]
5732,[143],[4469]
5733,[143 143 144 144 145 146 146 147 147],[6652 7617 6652 7617 6652 6652 7617 6652 7617]
5734,[143],[7548]
5735,[143],[8348]
5736,[143 144 145 146 147 148 149 149 149 150],[8350 8350 8350 8350 8350 8350  767 8350 8349 8349]
5737,[143],[8464]
5738,[143],[8563]
5739,[143 143 144],[10363 13320 10363]
5740,[143],[10500]
5741,[143],[10766]
5742,[143 143 144 144 144 145 145 145 145 145 146 146 146 146],"[10899 16033 10899 16033 18934 10419 16033 18933 10899 18934 10419 16033
 18933 18934]"
5743,[143],[11026]
5744,[143 143 144 144 145 145],[11396 19474 16928 19474 16928 19474]
5745,[143 143 143 144 144 144 144 145 145 145 145 145 146 146 146 147],"[12112 14351 18472 12112 14351 18471 18472 12112 14351 18471 18472 18473
 14351 18471 18472 14351]"
5746,[143],[12585]
5747,[143],[13646]
5748,[143 144],[14407 14407]
5749,[146],[11323]
5750,[143],[16306]
5751,[143],[16516]
5752,[143 143],[17109 18026]
5753,[143],[17116]
5754,[143],[18120]
5755,[143],[19169]
5756,[143],[19195]
5757,[143],[19238]
5758,[143],[19824]
5759,"[144 144 145 145 145 146 147 147 148 148 148 148 149 149 150 150 151 151
 152 152]","[ 444 8570  444 4373 8570 8570 4373 8570  444 4373 8567 8570  444 4373
  444 4373  444 4373  444 8567]"
5760,"[144 144 145 145 145 145 145 146 146 147 147 147 147 148 148 148 148 148
 148 148 149 149 149 149 150 150 150 151]","[2271 5038  543 5037 2270 5038 2271 2271 5038 2271 5038 5039 5037 2270
 5037 5038 5039 2271 9400 9401 2271 5038 5039 5037 2271 5038 5037 5038]"
5761,[144],[2711]
5762,[144 145 145 146],[2921 2921 6408 2921]
5763,[144],[3409]
5764,[144 144 145 145],[ 3900 10033  3900 10033]
5765,[144 145 146],[4440 4440 4440]
5766,[144 145],[4599 4599]
5767,[144],[6017]
5768,[144],[6224]
5769,[144],[6560]
5770,[144 144],[8088 8089]
5771,[144 145 145 145 146 146 146 146 147 147 147 148 148 148 149 149 149 150],"[8281 1888 4149 8281  180 4149 8281 8282 4149 8281 8282 6232 6233 8281
 1888 8281 6233 6233]"
5772,"[144 144 145 145 145 146 146 146 146 147 147 147 148 149 150 150 150 150
 151 151 151 151 152 152 152 153 153]","[9458 9484 2300 9458 9484   31 9458 9484 9483   31 9483 9484 9483 9483
 9481 9482 9483 9458 2309 9484 9458 9483 2738 9458 9484 9458 9484]"
5773,[144],[9478]
5774,[144],[10608]
5775,[144 144],[11043 19971]
5776,[144],[13769]
5777,[144],[14036]
5778,[144],[14847]
5779,[144],[14932]
5780,[144 145 145 145 145],[15952 15951 15952 20423 16577]
5781,[144 145 146 146],[16180 16180 12901 16180]
5782,"[144 145 145 145 145 145 145 146 146 146 146 146 146 146 146 146 146 146
 146 146 146 147 147 147 147 147 147 147 147 148 148]","[16657 11246 16654 16656 14687 11247 16657 11244 18892 18893 12268 18895
 11246 16654 14688 16655 16656 16657 13166 11247 13168 11244 11246 16654
 16656 18895 11247 13166 13168 11246 16654]"
5783,[144 145 145 146],[17097 17097 17098 17097]
5784,[144],[19830]
5785,[144],[19832]
5786,[144],[19969]
5787,"[145 146 147 146 146 146 146 147 147 147 146 147 148 148 148 148 148 148
 148 148 148 148 148 149 149 149 149 149 149]","[ 263  263  263 1625 4891 2211 9196 1625 2211 9196 6680 6680  263 4890
 4892 6679 1625 4891 2211 6680 9196 3071 6681  263 4890 6679 6680 6681
 2211]"
5788,"[145 145 145 146 146 146 146 146 146 146 146 146 146 146 146 146 147 147
 147 147 147 147 147 147 147 147 147 147 147 147 147 147 147 147 147 147
 147 147 148 148 148 148 148 148 148 148 148 148 148 148 148 148 148 148
 148 148 148 148 148 148 148 148 149 149 149 149 149 149 149 149 149 149
 149 149 149 149 149 149 149 150 151 151 151 151 151 151 152 152 152 152
 152 152 152 152 152 152 152 152 153 153 153 153 153 153 153 153 153 153
 153 153 153 153 153 153 153 153 153 153 153 153 154 154 154 154 154 154
 154 154 154 154 154 154 154 154 154 154 154 154 154 154 154 154 154 155
 155 155 155 155 155 155 155 155 155 155 155 155 155 155 155 155 155 155
 155 155 155 155 156 156 156 156 156 156 156 156 156 156 156 156 156 156
 156 156 156 156 156 156 156 156 156 156 157 157 157 157 157 157 157 157
 157 157 157 157 157 157 157 157 157 157 157 157 157 157 157 157 158 158
 158 158 158 158 158 158 158 158 158 158 158 158 158 158 158 158 158 158
 158 158 158 158 158 159 159 159 159 159 159 159 159 159 159 159 159 159
 159 159 159 159 159 159 159 159 159 159 159 159 159 159 160 160 160 160
 160 160 160 160 160 160 160 160 160 160 160 160 160 160 160 160 160 160
 160 160 160 160 161 161 161 161 161 161 161 161 161 161 161 161 161 161
 161 161 161 161 161 161 161 161 161 161 161 162 162 162 162 162 162 162
 162 162 162 162 162 162 162 162 162 162 162 162 162 162 162 162 162 162
 162 162 163 163 163 163 163 163 163 163 163 163 163 163 163 163 163 163
 163 163 163 163 163 163 163 163 163 163 163 164 164 164 164 164 164 164
 164 164 164 164 164 164 164 164 164 164 164 164 164 164 164 164 164 165
 165 165 165 165 165 165 165 165 165 165 165 165 165 165 165 165 165 165
 165 165 165 165 166 166 166 166 166 166 166 166 166 166 166 166 166 166
 166 166 166 166 166 166 166 166 166 167 167 167 167 167 167 167 167 167
 167 167 167 167 167 168 168 168 168 168 168 168 168 168 168 168 168 168
 168 169 169 169 169 169 169 169 169 169 169 169 169 169 169 169 169 169
 170 170 170 170 170 170 170 170 170 170 170 170 170 170 170 170 170 170
 171 171 171 171 171 171 171 171 171 171 171 171 171 171 171 171 171 172
 172 172 172 172 172 172 172 172 172 172 172 172 172 172 172 172 172 172
 172 172 172 173 173 173 173 173 173 173 173 173 173 173 173 173 173 173
 173 173 173 173 173 173 173 173 173 173 174 174 174 174 174 174 174 174
 174 174 174 174 174 174 174 174 174 174 174 174 174 174 174 174 174 174
 174 174 175 175 175 175 175 175 175 175 175 175 175 175 175 175 175 175
 175 175 175 175 175 175 175 175 175 175 175 176 176 176 176 176 176 176
 176 176 176 176 176 176 176 176 176 176 176 176 176 176 176 176 177 177
 177 177 177 177 177 177 177 177 177 177 177 177 177 177 177 177 177 177
 177 177 177 178 178 178 178 178 178 178 178 178 178 178 178 178 178 178
 178 178 178 178 178 178 178 178 178 179 179 179 179 179 179 179 179 179
 179 179 179 179 179 179 179 179 179 179 179 179 179 179 180 180 180 180
 180 180 180 180 180 180 180 180 180 180 180 180 180 180 180 180 180 180
 180 181 181 181 181 181 181 181 181 181 181 181 181 181 181 181 181 181
 181 181 181 181 181 181 181 182 182 182 182 182 182 182 182 182 182 182
 182 182 182 182 182 182 182 182 182 182 182 182 183 183 183 183 183 183
 183 183 183 183 183 183 183 183 183 183 183 183 184 184 184 184 184 184
 184 184 184 184 184 184 185 185 185 185 185 185 185 185 185 185 185 185
 185 185 186 186 186 186 186 186 186 186 186 186 187 187 187 187 187 187
 187 187 187 187 187 187 188 188 188 188 188 188 188 188 188 188 188 188
 188 188 189 189 189 189 189 189 189 189 189 189]","[ 584 5334 6942  584 5328 5334 6943 1296 5329 6942 9732 3216 1298 5336
 3217 3218  584 5328 5330 5332 5334 6943 6944 1296 5329 6942 5331 5333
 2391 9732 1297 6945 1298 6941 3216 5336 3217 3218  584 5328 5330 5332
 5334 6943 6944 1296 5329 6942 5331 2390 2391 9732 1297 6945 1298 6941
 3216 9727 5336 3217 3218 9701  584 5328 5330 5332 6943 6944 1296 5329
 6942 5331 6945 1298 9732 3216 3218 5336 3217 5331 5330 5331 5332 5334
 6944 9732  584 5328 5334 6943 6944 5329 6942 9732 6945 1298 5336 3218
  584 5328 5330 5332 5334 6943 6944 1296 5329 6942 5331 5333 2391 9732
 1297 6945 1298 3216 9727 5336 3217 3218  584 5328 5330 5332 5334 6943
 6944 1296 5329 6942 5331 2390 5333 2391 9732 1297 6945 1298 3216 9727
 5336 3217 3218  584 5328 5330 5332 5334 6943 6944 1296 5329 6942 5331
 2390 5333 2391 9732 1297 6945 1298 6941 9727 5336 3218 6946  584 5328
 5330 5332 5334 6943 6944 1296 5329 6942 2389 5331 2390 5333 2391 9732
 1297 6945 1298 6941 3216 9727 5336 3218  584 5328 5330 5332 5334 6943
 6944 1296 5329 6942 2389 5331 2390 5333 2391 9732 1297 6945 1298 6941
 9727 5336 3218 6947  584 5328 5330 5332 5334 6943 6944 1296 5329 6942
 2389 5331 2390 5333 2391 9732 1297 6945 1298 6941 9727 5336 3218 6946
 6947  584 5328 5330 5332 5334 6943 6944 1296 5329 6942 2389 5331 2390
 5333 2391 9732 1297 6945 1298 6941 3216 9727 5336 3217 3218 6946 6947
  584 5328 5330 5332 5334 6943 6944 1296 5329 6942 2389 5331 2390 5333
 2391 9732 1297 6945 1298 3216 9727 5336 3217 3218 6946 6947  584 5328
 5330 5332 5334 6943 6944 1296 5329 6942 5331 2390 5333 2391 9732 1297
 6945 1298 3216 9727 5336 3217 3218 6946 5335  584 5328 5330 5332 5334
 6943 6944 1296 5329 6942 2389 5331 2390 5333 2391 9732 1297 6945 1298
 6941 9727 5336 3218 6946 5335 6947  585  584 5328 5330 5332 5334 6943
 6944 1296 5329 6942 2389 5331 2390 5333 2391 9732 1297 6945 1298 9727
 5336 3218 6946 5335 5337 6947  585  584 5328 5330 5332 5334 6943 6944
 1296 5329 6942 2389 5331 2390 5333 2391 9732 1297 6945 1298 9727 5336
 3218 6946 5335  584 5328 5330 5332 5334 6943 6944 1296 5329 6942 5331
 2390 5333 2391 9732 1297 6945 1298 9727 5336 3218 6946 5335  584 5328
 5330 5332 5334 6943 6944 1296 5329 6942 5331 2390 5333 2391 9732 1297
 6945 1298 9727 5336 3218 6946 5335  584 5330 5332 5334 6943 6944 5331
 5333 9732 1297 6945 1298 9727 5336 1296 5329 5330 5331 5332 2390 5334
 6944 9732 1298 6943 6945 5336 1297  584 5328 5330 5332 5334 6943 6944
 1296 5329 6942 5331 9732 1297 6945 1298 5336 3218  584 5328 5330 5332
 5334 6943 6944 1296 5329 6942 5331 2390 9732 1297 6945 1298 9727 5336
  584 5328 5330 5332 5334 6943 6944 6942 5331 2390 5333 9732 1297 6945
 1298 5336 6946  584 5328 5330 5332 5334 6943 6944 1296 5329 6942 5331
 2390 5333 2391 9732 1297 6945 1298 9727 5336 3218 6946  584 5328 5330
 5332 5334 6943 6944 1296 5329 6942 5331 2390 5333 2391 9732 1297 6945
 1298 6941 3216 9727 5336 3217 3218 6946  584 5328 5330 5332 5334 6943
 6944 1296 5329 6942 2389 5331 2390 5333 2391 9732 1297 6945 1298 6941
 3216 9725 9727 5336 3217 3218 6946 5337  584 5328 5330 5332 5334 6943
 6944 1296 5329 6942 5331 2390 5333 2391 9732 1297 6945 1298 6941 3216
 9727 9733 5336 3217 3218 6946 6947  584 5328 5330 5332 5334 6943 6944
 1296 5329 6942 5331 2390 5333 2391 9732 1297 6945 1298 6941 3216 5336
 3217 3218  584 5328 5330 5332 5334 6943 6944 1296 5329 6942 5331 2390
 5333 2391 9732 1297 6945 1298 3216 5336 3217 3218 6946  584 5328 5330
 5332 5334 6943 6944 1296 5329 6942 5331 2390 5333 2391 9732 1297 6945
 1298 3216 9727 5336 3217 3218 6946  584 5328 5330 5332 5334 6943 6944
 1296 5329 6942 5331 2390 5333 2391 9732 1297 6945 1298 3216 9727 5336
 3217 3218  584 5328 5330 5332 5334 6943 6944 1296 5329 6942 5331 2390
 5333 2391 9732 1297 6945 1298 6941 3216 9727 5336 3218  584 5328 5330
 5332 5334 6943 6944 1296 5329 6942 5331 2390 5333 2391 9732 1297 6945
 1298 6941 3216 9727 5336 3217 3218  584 5328 5330 5332 5334 6943 6944
 1296 5329 6942 5331 2390 5333 2391 9732 1297 6945 1298 6941 3216 9727
 5336 3218  584 5328 5330 5332 5334 6943 6944 1296 6942 5331 2390 5333
 9732 1297 6945 1298 5336 3218  584 5328 5330 5332 5334 6943 6944 5331
 2390 5333 9732 1297  584 5328 5330 5332 5334 6943 6944 5331 2390 9732
 1297 6945 1298 5336  584 5328 5330 5332 5334 6944 2389 5331 2390 9732
  584 5328 5330 5332 5334 6943 6944 2389 5331 9732 1297 6945  584 5328
 5330 5332 5334 6943 6944 5329 6942 5331 2390 9732 1297 6945  584 5330
 5332 5334 6943 6944 2390 5333 9732 6945]"
5789,[145],[818]
5790,[145],[1599]
5791,[145 145 145 145],[1817 8080 8081 2943]
5792,"[155 155 155 155 155 155 155 155 155 155 155 155 156 156 156 156 156 156
 156 156 156 157 157 157]","[1472 4126 8250 1878 4127 8253 6220 6221 2816 6222 6223 6224  897 2816
 6222 6223 6224 1878 4126 8253 6220 1878 2816 6222]"
5793,[145 146 146 147 147 147 148 148 148 148 149 149 149 150 151 151],"[2102 2102 8874 2102 4624 8874 2102 4624 8872 8874 2102 4624 8874 4624
 2102 4624]"
5794,[145 146],[2273 2273]
5795,[147 148],[2687 2687]
5796,[145 146],[3897 3897]
5797,[145],[4047]
5798,[145 146],[4199 4199]
5799,[145 146 146],[4379 4379 4380]
5800,[145 146],[5034 5034]
5801,[145 145 146],[5079 9424 9424]
5802,[145],[5588]
5803,[145],[6083]
5804,[145],[6359]
5805,[145 146 147 147 148 148 148 149 149 150 150 151],[7436 7436 3528 7436 3528 7436 4465 3528 7436 3528 7436 7436]
5806,[145],[8644]
5807,[145],[8807]
5808,[145],[8963]
5809,[145 145 146 146],[9479 9482 9478 9479]
5810,[145],[9651]
5811,[145],[10001]
5812,[145 145 145 145 145 146 146 146],[10496 16172 19239 19242 12386 10496 19239 19242]
5813,[145 146 147],[11339 11339 11339]
5814,[145],[11521]
5815,[145 145 145 146 147 147 147 148 148 148],[12889 12903 16184 12889 10264 12889 18425 10264 18424 18425]
5816,[145],[12998]
5817,[145],[13237]
5818,[145],[13281]
5819,"[145 146 146 147 147 147 148 148 148 148 149 149 149 150 150 150 151 151
 152 152 152 152 152 152 153 153 153 153 153 154 154 154 155 155 155 156
 157 158 158 159 159 160 160 160 160 161 161 161 161 161 162 162 162 162
 162 163 163 164 164]","[13541 11620 13541 11620 13541 17332 11620 13539 13541 17332 11620 13541
 17332 11620 13541 17332 11620 17331 11620 13539 17332 11621 17331 15818
 11621 17331 17332 17333 13539 11620 17332 17333 11620 13541 17332 13541
 13541 11620 13541 11620 13541 11620 13539 13541 17332 11620 13540 13541
 17332 17333 11620 13541 17330 17332 17333 11620 17330 11620 13541]"
5820,[145 146 146 147],[13895 13895 13896 13896]
5821,[145],[14195]
5822,[145],[14694]
5823,[145],[14911]
5824,[145 146 146 146 147 147 147 148 148 148 149 149 150],"[15021 12408 15021 19304 12408 15021 19304 12408 15021 19304 12408 19304
 12408]"
5825,[145],[15508]
5826,[145 146],[15649 15649]
5827,[145],[15956]
5828,[145],[15982]
5829,[145],[16106]
5830,[145],[16353]
5831,"[145 145 146 146 146 146 146 146 147 147 147 147 147 147 147 147 147 148
 148 148]","[16680 17693 16680 17693 17694 10341 13180 13184 10341 13180 13184 11260
 17695 16680 17694 17693 17692 16680 17693 17694]"
5832,[145],[16864]
5833,[145],[17785]
5834,[145 146 146 147],[17830 13275 17830 17830]
5835,[145 146],[17834 17834]
5836,[147],[18389]
5837,[145 146],[18424 18424]
5838,[145],[19330]
5839,[146 146 146 147 147 147 147 147 148 148 148 149],[ 284 3777 5985  284 3777 5985  765 3738  284  765 3738  765]
5840,[146 147 147 148 148 148 149],[ 311  311 7834  311 6936 7834  311]
5841,[146 146 147 147 147 147 148 148 148 149 149 150 150],[ 459 4459  459 4453 4459 4458  459 4453 4459  459 4459  459 4459]
5842,[146],[713]
5843,[146 147 148 149 149 150],[1001 1001 1001 1001 4439 4439]
5844,[146 146 147 148 148 148 149 149],[1160 3080 3080  121 3080 1160  121 3080]
5845,[146],[1700]
5846,[146 147 148 149],[1954 1954 1954 1954]
5847,[146 146 146 146 147 147 147 147 148 148],[2241 4961 9283 4952  533 4952 9283 4961 4952 9283]
5848,[146],[3326]
5849,[146 146 147 147 147 148 148 149],[3895 7949 1762 3895 7949 1762 3895 1762]
5850,[146 147 147 148 148],[4107  889 4107 4107 8226]
5851,[146],[4121]
5852,[146 147 148],[5055 5055 5055]
5853,[146],[5076]
5854,[146],[5842]
5855,[146 147 147 147 147 147 147 148 148 148 148 149],[6049  800 3842 6049 3844 6051  801  800 3842 6049 3844 3844]
5856,[146 146 146 147 147 147 148],[6364 9654 9653 6364 9654 9653 9654]
5857,[146 147 148],[6894 6894 6894]
5858,[146 147 148],[8464 8464 8464]
5859,[146 147 148 149],[10113 10113 10113 10113]
5860,[146 146],[10292 13231]
5861,[146],[10363]
5862,[146 146 146 146 146 146 147 147 147 148 148],[10438 13711 13713 19922 13712 17596 13712 13713 17596 13713 17596]
5863,"[146 146 146 146 146 146 146 146 146 146 146 146 147 147 147 147 147 147
 147 147 147 147 147 147 147 147 147 147 148 148 148 148 148 148 148 148
 148 148 148 148 148 148 148 148 148 148 148]","[10523 17015 17950 17017 17949 13366 11447 13367 13368 13369 11449 13371
 10523 17015 17016 17950 17017 17949 13366 17018 11447 13367 13368 13369
 11449 13370 13371 17957 10370 13367 13369 13371 17957 11447 13366 13368
 11449 13370 17018 17017 17015 17016 10523 17953 17950 17949 13963]"
5864,[146 146 146 146 147 147 147],[10590 14163 16340 20352 11070 16340 20352]
5865,[146 146 146 146 146 146 146 146 147 147 147 147 147 147],"[10597 15946 17409 12781 20415 20417 20418 12782 10597 15946 17409 12781
 20418 20419]"
5866,[146],[10871]
5867,[146 146 146 146 146 147 147 147 148],[10878 17416 20451 20450 15975 15975 20449 20450 15975]
5868,[146 146 147 147],[11026 12945 12944 12945]
5869,[146 147 147 148 148 149],[11505 11505 17124 11505 17124 11505]
5870,"[146 146 146 146 146 146 146 146 146 147 147 147 147 147 147 147 147 147
 147 147 148 148 148 148 148 148 148 148 148 148 148 149 149 149 149 149
 150 150 150 150 150 150 151 151 151 151 151 151 151 151 151 151 151 152
 152 152 153 153 153 153 153 153 153 153 153 153 153 153 154 154 154 154
 154 154]","[11911 13984 13985 18586 13986 11913 12153 17981 17983 11010 16232 13986
 11913 13984 13985 17981 17983 11911 18586 12153 11010 16232 17982 13986
 11913 17983 13984 13985 11911 18586 12153 11911 13985 18586 13986 17982
 11911 13984 13985 18586 13986 11914 11911 13984 13985 18586 13986 11913
 17982 17981 17983 13988 11914 13984 13985 18586 11911 13984 13985 18586
 18587 13986 11913 12153 16232 17982 17983 13988 11911 13984 13985 18586
 13986 12153]"
5871,[146],[12046]
5872,[146],[12566]
5873,[146 146 146 147 147 147 148 148 149],[12754 15877 20333 12754 15877 20333 12754 15877 15877]
5874,[146],[13588]
5875,[146 147 148],[13989 13989 13989]
5876,[146],[14066]
5877,[146 147 147 148 148],[14407 14407 14408 14407 14408]
5878,[146 146 146 147 147 147 147 148 148 148 149],[15965 20437 20438 12034 20437 20438 15965 12034 20437 20438 20438]
5879,[146],[16103]
5880,[146],[16303]
5881,[146],[16538]
5882,[146 147],[16698 16698]
5883,[146 146 146 147 147 147],[16861 16862 16863 16861 16862 16863]
5884,[146 147],[17323 17323]
5885,[146 147],[18224 18224]
5886,[146],[18272]
5887,[146],[18332]
5888,[146 147 147 147 147 148 148 148],[19715 10797 19715 19714 15361 15361 19714 19715]
5889,[146],[19832]
5890,[146 147 147 147 148 148 149 149 150 150 150],[19892 14608 19892 19891 12232 19892 19892 18796 12232 18796 19892]
5891,[147],[66]
5892,[147 148 148 149 149 150 150 151 151 151],[1110 1110 8191 1110 8191 8191 6606 1110 6606 8191]
5893,[147 148 148 148 149 149],[2017 2017 8624 8625 2017 8625]
5894,[147],[2025]
5895,[147],[2066]
5896,[147 148],[2717 2717]
5897,[147],[2829]
5898,[147],[3396]
5899,[147],[3581]
5900,[147 148],[3832 3832]
5901,[147 148],[3900 3900]
5902,[147 148 149 150],[4255 4255 4255 4255]
5903,[147 147],[4288 8455]
5904,[147 147 148],[4912 9228 9228]
5905,[147],[5129]
5906,[147 148],[5587 5587]
5907,[147],[5793]
5908,[147],[6035]
5909,[147 148],[6080 6080]
5910,[147],[6948]
5911,[147 148],[8458 8458]
5912,[147],[8556]
5913,[147],[8775]
5914,[147],[9630]
5915,[147 148],[10408 10408]
5916,[147],[10500]
5917,[147 147 148 148],[10743 15052 10743 15052]
5918,[147],[10783]
5919,[147],[10798]
5920,[147],[10982]
5921,[147 147 148],[11469 17058 17058]
5922,[147],[11641]
5923,[147],[11690]
5924,[147],[11692]
5925,[147 147 148],[12020 18230 12020]
5926,[147],[12998]
5927,[147 147 148 148 148 149 149],[13316 19473 13315 13316 16927 13315 16927]
5928,[147 148 148],[13320 13320 13321]
5929,[147],[13655]
5930,[147],[13777]
5931,[147 148],[13995 13995]
5932,[147 147 148 148],[14071 14073 14071 14073]
5933,[147 148 149],[14205 14205 14205]
5934,[147 147],[14593 14594]
5935,[147],[14616]
5936,[147],[14761]
5937,[147 148],[14936 14936]
5938,[147 148 148],[15301 15301 19639]
5939,[147],[15336]
5940,[147 148 148],[16607 11219 16607]
5941,[147],[16609]
5942,[147 147],[17108 19818]
5943,[147],[17386]
5944,[147 148 148 148 149 149 149 150],[18104 13476 18104 18103 18103 18104 20035 18104]
5945,[147],[18295]
5946,[147],[18432]
5947,[147],[18559]
5948,[147 147 148 148],[18804 18805 18804 18805]
5949,[147],[19736]
5950,[147 147 148],[19964 19966 19966]
5951,[147 148 149],[20276 20276 20276]
5952,[148 149 149 150 150 151 151 152 152 153 154 154 155 155 156],"[ 111  111 9003  111 9003  111 9003  111 9003 9003 2145 9003 2145 9003
 2145]"
5953,"[148 148 148 149 149 150 150 151 151 152 152 152 152 153 153 153 153 153
 153 152 153 152 153 153 154 154 154 154 154 154 154 154 154 154 154 154
 154 154 154 154 155 155 155 155 155 155 155 155 155 155 155 155 155 155
 155 155 155 155 155 155 155 155 155 156 156 156 156 156 156 156 156 156
 156 156 156 156 156 156 156 156 156 156 156 156 156 157 157 157 157 157
 157 157 157 157 157 158 158 159]","[ 268 4935 6705 4935 6705 1634 4935 1634 4935  268 4935 4937 1634  268
 4935 4937 6706 1634 6707  121  121 6698 3081 6698  121 3080 7652 3081
 1634 6699 4935  268 4937 6706 1166 6707 4939 4940 4942 9262  121 3080
 7652 3081 1634 4935  268 4937 6705 6706 9252 6707 1166 4939 4938 4940
 4941 4942 2231 9256 4943 2232 9262  121 3080  268 4935 4937 6705 6706
 1634 9252 6707 4939 4938  529 4942 2231 4941 4943 2232 9262 2233 4948
 2180 1160 3080 2231 4943 2232 9262 2233 4948 4935 6705 1160 3080 3080]"
5954,[148 149 149 150 150 151 151 151 152 152 153 153 154 155 155],"[ 364  364 3967  364 3967  364 3967 8058  364 3967  364 8058 8058 1808
 8058]"
5955,[148 149 150 150],[ 552  552  552 5087]
5956,[148],[1126]
5957,[148 149 149 150 150 151 151],[1275 1275 5267 1275 5267 1275 5267]
5958,[148 148],[1907 8332]
5959,[148 148 148 148 149 149 149 149],[2028 8657 8658 8659 8649 8657 8658 8659]
5960,[148],[2342]
5961,[148],[2736]
5962,[148],[2738]
5963,[148],[3656]
5964,[148],[3880]
5965,[148],[4117]
5966,[148],[4121]
5967,[148 149 150],[4199 4199 4199]
5968,[148],[4440]
5969,[148],[4840]
5970,[148],[5034]
5971,[148],[5794]
5972,[148],[6045]
5973,[148],[6359]
5974,[148],[6458]
5975,[148 149],[7581 7581]
5976,[148],[7645]
5977,[148],[7872]
5978,[148 148],[7874 7875]
5979,[148],[8267]
5980,[148],[8342]
5981,[148],[8456]
5982,[148],[8677]
5983,[148],[9225]
5984,[148 149 149],[9378 2272 9378]
5985,[148 149 149],[9478 9478 9479]
5986,[148],[10980]
5987,[148 148 148 149 149],[11241 18901 12270 11241 18901]
5988,[148 149 149 149 150 150],[12112 12112 18472 18473 18472 18473]
5989,[148],[13687]
5990,[148 149],[13768 13768]
5991,[148],[13917]
5992,[148],[14343]
5993,[148 149 149],[14528 11190 14528]
5994,[148 149],[14530 14530]
5995,[148 149],[14533 14533]
5996,[148],[15158]
5997,[148 149 149 150 150 151],[15535 15535 19923 15535 19923 19923]
5998,[148],[15537]
5999,"[148 149 150 149 150 151 151 151 152 153 153 154 154 154 154 155 155 155
 155 155 155 155 155 155 156 156 156 156 156 156 156 156 156 156 156 156
 154 155 155 155 155 156 156 156 156 156 156 156 156 156 157 157 157 157
 157 157 157 157 157 157 157 157 157 157 157 157 157 157 157 157 157 157
 157 158 158 158 158 158 158 158 158 158 158 158]","[15891 15891 15891 12234 12234 12234 18800 15891 12234 12234 14608 12234
 14609 14610 14608 12234 14609 14608 11219 16607 16608 16606 16610 18808
 11219 14611 14612 16607 16608 16609 16610 12235 14610 16606 18808 12234
 18812 12238 14621 18812 14619 12238 14620 14621 14622 18811 18812 18813
 14619 14615 10686 14611 14615 16610 18809 11219 14612 18813 18808 18811
 16607 16608 12235 12238 14622 18810 14610 16606 14621 14623 14618 10687
 14619 11220 16610 18808 14611 12237 14618 12238 14621 14622 14615 16606]"
6000,[148],[16219]
6001,"[148 149 149 149 149 150 150 150 149 149 149 150 150 150 151 151 151 151
 151 151 151 151 151 151]","[16454 11133 16454 18476 16452 13053 16454 18476 13040 13041 16431 10294
 13041 17495 10294 13039 13041 13052 17495 13040 13053 11132 16454 18476]"
6002,[148 149 150],[16559 16559 16559]
6003,[148 149],[16830 16830]
6004,[148],[17099]
6005,[148],[17588]
6006,[148],[17873]
6007,[148],[17888]
6008,[148 149],[18041 18041]
6009,[148],[18197]
6010,[148],[19169]
6011,[148],[19777]
6012,[148 149],[19932 19932]
6013,[148 149],[20259 20259]
6014,[149 149],[ 177 3412]
6015,[149],[392]
6016,[149],[441]
6017,[149],[470]
6018,[149],[771]
6019,[149],[1053]
6020,[149],[1177]
6021,[149],[1404]
6022,"[149 149 150 150 150 150 150 150 150 150 151 151 151 151 151 151 152 152
 152 152]","[1700 3795  304 3794 3796 6020 6021 1700 3793 3795  304 3794 3796 6021
 3793 3795  304 3796 6021 3795]"
6023,[149],[1868]
6024,[149 150],[1992 1992]
6025,[149],[2613]
6026,[149],[2932]
6027,[149 150 151 151 152 152],[3006 3006 3006 3007 3007 8985]
6028,[149],[4118]
6029,[149 149],[4207 4208]
6030,[149 150],[5053 5053]
6031,[149 149],[5105 9456]
6032,[149],[6774]
6033,[149 150 151],[8959 8959 8959]
6034,[149],[10053]
6035,[149 150],[10559 10559]
6036,[149],[11026]
6037,[149],[11189]
6038,[149 150 150 151 151 152 152],[11220 11220 18807 11220 18807 11220 18807]
6039,[149],[11359]
6040,[149 149 149],[11361 13281 19329]
6041,[149 150 151 152 152],[11708 11708 11708 11708 19190]
6042,[149 149],[12653 20031]
6043,[149],[13857]
6044,[149],[14075]
6045,[149 150],[14293 14293]
6046,[149],[14692]
6047,[149],[14713]
6048,[149],[14934]
6049,[149],[14971]
6050,[149],[15527]
6051,[149 149 150 150],[15808 15809 15808 15809]
6052,[149],[16050]
6053,[149 150 151],[16263 16263 16263]
6054,[149 150 151],[16534 16534 16534]
6055,[149 150 150],[16891 16891 16892]
6056,[149],[17134]
6057,[149 150 151],[17386 17386 17386]
6058,[149 150],[18120 18120]
6059,[149],[18235]
6060,[149],[18503]
6061,[149],[18610]
6062,[149],[18875]
6063,[149 150],[19096 19096]
6064,[149],[19221]
6065,[149],[19385]
6066,[149 150 150],[19706 12544 19706]
6067,[149],[19919]
6068,"[150 150 150 150 150 151 151 151 151 151 151 151 151 151 152 152 152 152
 152 152 152 152 152 152 153 153 153 153 154 154 154 155 156 157 155 155
 156 156 156 157 157 157 157 157 155 156 157 157 158 158 158 158 158 158
 158 158 158 159 159 159 159 159 159 159 159 160 160 160 160 160 160 160
 160 160 159 159 159 159 160 160 160 160 160 160 160 160 160 161 161 161
 161 161 161 161 161 161 161 161 161 161 161 161 161 161 161 161 161 161
 161 161 161 156 157 158 158 158 158 158 159 159 159 159 159 156 157 157
 158 159 158 158 158 159 159 159 159 159 160 160 160 160 160 160 160 160
 160 160 160 160 160 161 161 161 161 161 161 161 161 161 161 161 161 161
 161 161 161 162 162 162 162 162 162 162 162 162 162 162 162 162 162 162
 162 162 162 162 162 162 162 162 162 162 162 162 162 162 162 162 162 162
 162 162 162 162 162 162 162 162 162 162 162 162 162 162 162 162 163 163
 163 163 163 163 163 163 163 163 163 163 163 163 163 163 163 163 163 163
 163 163 163 163 163 163 163 163 163 163 163 163 163 163 163 163 163 163
 163 163 163 163 163 163 160 161 161 161 161 162 162 162 162 162 162 163
 163 163 163 163 163 163 163 163 163 163 163 163 163 163 163 164 164 164
 164 164 164 164 164 164 164 164 164 164 164 164 164 164 164 164 164 164
 164 164 164 164 164 164 164 164 164 164 164 164 164 164 164 164 164 164
 164 164 164 164 164 164 164 164 164 164 164 164 164 164 164 164 164 164
 164 164 164 165 165 165 165 165 165 165 165 165 165 165 165 165 165 165
 165 165 165 165 165 165 165 165 165 165 165 165 165 165 165 165 165 165
 165 165 165 165 165 165 165 165 165 165 165 165 165 165 165 165 165 166
 166 166 166 166 166 166 166 166 166 166 166 166 166 166 166 166 166 166
 166 166 166 166 166 166 166 166 166 166 166 166 166 166 166 166 167 167
 167 167 167 167 167 167 167 167 167 167 167 167 168 168 168 168 168 168
 168 168 168 168 168 168 168 169 169 169 169 169 169 169 169 170 170 170
 170 170 170 170 171 171 171 171 171 171 171 172 172 172 172 172 172 172
 173 173 173 173 173 173 174 174 174 174 174 174 174 175]","[  819  6081  6082  1763  3898   340  3896  3898  3900   819  6083  1763
 10033  6082   819  3896  6082  6083  3898  1763  3899  3900 10033  5587
   819  6082  3900 10033  3900 10033  5587  5587  5587  5587  6081  9456
  6080  6081  9456   819  6081  6080  9456  9457 10041 10041 10041  3900
   819  3897  6082  3898  3900 10033  5587  5588 10041   819  3897  6082
  3898  3900  5587  5588 10041   819  3896  6082  3898  3900 10033  5587
  5588 10041  1760  9450  9451  9452   338  3893  3895  3894  9451  7948
  9450  7946 10028   338  3893  3895  6081  9452  1760  3894  9451   819
  6082  7948  3896  6083  1761  3898   820  5567 10009  3900 10028 10033
  5587  5588 10041  2309  2309  2309  9484  9458  9483  9457  9456  9457
  9458  9484  9483  9478  9477  9478  9478  9478  3139  3141  9476   132
  3139  3141  9467  9476   132  9467  9476  9477  9478  9479  9482  9483
  9484  9458  3138  6801  6799   132  3137  3139  3141  7734  9467  9476
  3138  9477  6801  9478  2738  9458  9484  9483  9482   132  3137  3139
  7734  9476  1217  9475  9477  5121  9478  9479  9482  9483  2300  9484
  9457  9458  2738  9456  2739  2740  6080  9455   820  6082  6083   338
  6081  9452   819  3893  3895  9451  1760  3894  7946  7948  7949  7947
  1761 10009  5567 10010  7083 10011  3900  5586  5587 10041    31  2738
  2740  2739   820 10027  6083 10028  3896   132  3137  3139  7734  9467
  9476  3138  2303  9475  2306  9477  9474  5121  9478   338  3893  3895
  6080  6081  9452  9455  1760  3894  1762  9456  7946  7948  7949  7947
  1761 10009  5567 10010  7083 10011  5591  2494  5591  5589  7099  1767
  7960  5589  5591  2494  7099   619  5584  5586 10038  5587  2494  5590
  5591  1766  7099  7960  1767  7963  1768  3905  9484   132  3137  3139
  7734  9467  9476  1217  3138  2303  9475  9474  2305   338  3893  3895
  6081  1760  3894  1762  7946  7948  7949  7947  1761 10009  5567 10010
  7083 10011   340  3896  3900  6084  6083 10028  2739  2738   619  5584
  5586  5588 10038  1382  5585  5587  2494 10037  5590  5591 10036  1766
  7099  1767  7962  3905  3904  6089  9456  9483  9484   132  3137  3139
  3141  7734  9467  9476  1217  3138  9477  2303  9475  9474  2305   338
  3893  3895  6081  1760  3894   819  6082  7946  7948  3896  3897  6083
  7947  1761  3898  6084 10009  5567  3900 10010  5568 10033  7083 10011
   339  5587  7084  5586  5588  5584  1382  1767  2494  5591  7099   132
  3137  3139  7734  9467  9476  3138  2303  9475  9477  9474  5121   338
  3893  3894  7948  1761  7946  7947  5567 10009  5568 10010  7083   819
  3897  6082  7951  3898  7952  3900 10033  5587  5588 10041   132  9467
  9476  9477   819  3897  6082  3898  7952  3900 10033  5587  5121  9474
   132  9467  9476  9477   819  3897  6081  6082  3898  7952  2739  3900
 10033   132  9467  9476  9477  3896  3898  6083  6084   132  9467  9476
  9477  3896  6083  6084   132  3137  9467  9476  9477  9478  3896   132
  3139  3141  9467  9476  9477  9478   132  3139  9467  9476  9477  9478
   132  3139  3141  9467  9476  9477  9478  3141]"
6069,[150],[1084]
6070,[150],[1588]
6071,[150 150 150 151 151],[1943 4267 8430 4267 8430]
6072,[150],[2115]
6073,[150],[2322]
6074,[150 151],[2488 2488]
6075,[150 151 152],[2614 2614 2614]
6076,[150],[2687]
6077,[150],[2827]
6078,[150],[3428]
6079,[150 151],[3791 3791]
6080,[150],[4537]
6081,[150],[5056]
6082,[150],[5103]
6083,[150],[5978]
6084,[150],[6072]
6085,[150 150 151 151 151 151 152 152 153 153 153 154 154 154],[6359 6361  440 4354 6359 6361 6359 6361  440 6359 6361  440 6359 6361]
6086,[150 151 151 152 152 153 153 154 154 155 155 156],[6899 5259 6899 5259 6899 5259 6899 5259 6899 5259 6899 6899]
6087,[150 151 152],[7817 7817 7817]
6088,[150 151],[7832 7832]
6089,[150],[7994]
6090,[150],[8226]
6091,[150],[8342]
6092,[150 150 151],[8562 8563 8563]
6093,[150],[9017]
6094,[150 151 152 152 153 153 153 154 154 154 155 155 155 156 156 156],"[9551 9551 5187 9551 1249 5187 9551 5187 5188 9551 5187 5188 9551 5187
 5188 9551]"
6095,"[150 150 151 152 152 152 152 153 153 153 153 154 155 155 155 155 156 156
 156 156 156 156 156 156 156 157 157 157 157 157 157 157 158 158 158 158
 159 159 159 160]","[10403 18273 10403 10403 13596 11676 17430 10403 13596 11676 17430 13596
 10403 13596 11676 15983 10403 13596 18273 11676 17430 17431 15983 12796
 15982 10403 13596 18273 11676 17430 10881 15982 10403 13596 11676 17430
 10403 13596 11676 10403]"
6096,"[150 150 150 150 150 150 150 150 151 151 151 151 151 151 151 151 151 151
 152 152 152 152 152 152 152 152 152 153 153 153 153 153 153 153 153 153
 153 153 153 154 154 154 154 154 154 154 154 154 154 154 154 155 155 155
 155 152 153 153 153 153 153 153 154 154 154 154 154 154 153 153 154 154
 154 154 153 154 154 154 154 155 155 155 155 155 155 155 155 155 155 155
 155 155 155 155 155 155 156 156 156 156 157 157 158 158]","[10626 14319 14321 18437 18440 18436 18439 12100 10626 14319 14321 18437
 18440 12097 12099 18439 12100 14326 12098 14320 14321 18432 18440 12100
 18439 14326 12099 12097 14320 18431 18432 14321 18441 12100 14326 18439
 12099 18437 18436 12097 14319 14320 18431 14321 18440 18441 12100 18439
 14326 18438 14324 12099 14324 18438 14326 11133 11133 16453 16454 14354
 16452 12113 11133 16453 16454 14354 16452 12113 13040 16429 11119 13040
 16429 16431 13052 10294 13052 11705 17496 10294 13039 13041 13052 17494
 17495 13040 13053 11132 11704 17496 11705 16451 16452 13640 17497 10632
 14322 14324 17497 18438 14324 18438 14324 18438]"
6097,[150 150 150 151 151 152],[10704 14717 14719 10704 14719 10704]
6098,[150 150 150 151],[10940 16106 12860 16106]
6099,[150 151 152],[10980 10980 10980]
6100,[150],[11641]
6101,[150],[12124]
6102,[150 150 150 151 151 152],[12267 14684 18898 12267 14684 14684]
6103,[150],[12371]
6104,[150 151 152],[12729 12729 12729]
6105,[150 151],[12945 12945]
6106,[150 151 151],[13138 13138 19898]
6107,[150],[13435]
6108,[150],[13450]
6109,[150],[14311]
6110,[150],[14339]
6111,[150],[14351]
6112,[150 150 151 151],[14679 16649 10605 14679]
6113,[150],[14680]
6114,[150],[15044]
6115,[150],[15508]
6116,[150],[15512]
6117,[150],[15522]
6118,[150 150 151 151 152],[16606 16608 16606 16608 16608]
6119,[158],[16862]
6120,[150 151 151 152 152],[17108 10808 17108 10808 17108]
6121,[150],[17858]
6122,[150],[17873]
6123,[150],[17967]
6124,[150 150 151 151 151 151 152 152],[18424 18425 10264 12889 18424 18425 10264 18424]
6125,[150 151],[18804 18804]
6126,[151],[566]
6127,[151],[799]
6128,[151],[1482]
6129,[151 152],[2096 2096]
6130,"[151 152 152 152 152 152 152 152 152 153 153 153 153 153 153 153 153 153
 153 153 153 153 154 154 154 154 154 154 154 154 155 155 155 155 155 155
 155 155 155 155 155 156 156 156 156 156 156 156 156 156 156 156 157 157
 157 157 157 157 157 157 157 157 157 157 157 157 157 158 158 159]","[2466 2466 5519 5520 9953 9952 7924 9951 3273  332 9951 2465 9952 5518
 5519 9953 5520 2466 7924 9954 9961 3273  332 9951 2465 5518 2466 9954
 9961 7924  332 9951 2465 5518  610 5520 9957 9961 2467 9956 9954  334
 5523 2467 9958 9959 2465 5518 9961 5526 5528 5529  334 5523 7929 9958
 5525 9959 5526 9960 5528 9961 5529 2466 9954 7924 2465 5529 7924 7924]"
6131,[151 151],[2828 2829]
6132,[151 151 152],[3190 3191 3190]
6133,[151],[4254]
6134,[151],[4346]
6135,[151],[4771]
6136,[151 152],[5055 5055]
6137,"[151 151 151 152 152 152 152 152 152 152 152 153 153 153 153 153 153 153
 153 153 153 154 154 154 154 154 155]","[5079 9424 5081 2283 9419 2286 5077 5078 5079 9424 5081 2283 9418 9419
 2286 5077 5078 5079 9424 5081 5082 5079 9424 5081 5082 9418 5081]"
6138,[151],[6458]
6139,[151],[6805]
6140,"[151 152 152 152 152 153 153 153 153 153 153 153 153 153 154 154 154 154
 154 154 154 154 155 155 155 155 152 153 154 152 153 153 154 154 155 155
 155 156 156 156 156 156 156 156 156 156 157 156 157 157 157 157 157 157
 157 157 157 157 158 158 158 158 158 158 159 159 159 159 160 160 160 160
 161 161 160 161 161 161 161 161 161 161 162 162 162 162 160 161 161 161
 162 162 162 162 163 163 164 164 165]","[6894 6894 5253 5255 6897 1271 5253 6895 6896 6897 5255 6894 2360 3793
  304 3794 6021 3793 7806 6894 6895 1271 3793 7806 7807 6894 7801 7801
 7801 7804 3791 7804 3791 7804 7801 7802 7804  303 6894 7802 6896 7801
 7804 1271 6897 3793  303 3190 1271 5253 6896 6897 5255 3191 2360 3190
 3793 7804 3190 3191 6897 3791 7804 5255 3190 3191 6897 5253  140 3190
 5253 6897  140 3190 5259 1273 9643 5259 5257 5255 5253 6897 1273 5260
 9643 5259 9634 6894 6895 9634 6895 6896 9634 6897 5259 6899 5259 6899
 6899]"
6141,[151],[7095]
6142,[151],[7446]
6143,[151 152 153],[7950 7950 7950]
6144,[151 152],[8541 8541]
6145,[151],[8717]
6146,[151],[9573]
6147,[151 152],[10372 10372]
6148,[151],[10374]
6149,[151],[10798]
6150,[151],[11189]
6151,[151],[11190]
6152,"[151 151 151 151 152 152 152 152 152 151 151 152 152 152 152 152 153 153
 153 153 153 153 153 153 153 153 153 153 153 153 153 153 153 153 153 153
 153 154 154 154 154 154 154 154 154 154 154 154 154 154 154 154 154 154
 154 154 154 154 154 154 155 155 155 155 155 155 155 155 155 155 155 155
 155 155 155 155 155 155 155 155 155 156 156 156 156 156 156 156 156 156
 156 156 156 156 156 156 156 156 156 156 156 156 156 156 156 156 157 157
 157 157 157 157 157 157 157 157 157 157 157 157 157 157 157 157 157 157
 157 157 157 158 158 158 158 158 158 158 158 158 158 158 158 158 158 158
 158 158 158 158 158 158 158 158 158 158 158 158 158 159 159 159 159 159
 159 159 159 159 159 159 159 159 159 159 159 159 159 159 159 159 159 159
 159 159 159 159 160 160 160 160 160 160 160 160 160 160 160 160 160 160
 160 160 160 160 160 160 160 160 160 160 160 160 161 161 161 161 161 161
 161 161 161 161 161 161 161 161 161 161 161 161 161 161 161 161 161 161
 161 161 161 161 161 161 161 162 162 162 162 162 162 162 162 162 162 162
 162 162 162 162 162 162 162 162 162 162 162 162 162 162 162 162 162 162
 162 162 162 162 162 163 163 163 163 163 163 163 163 163 163 163 163 163
 163 163 163 163 163 163 163 163 163 163 163 163 163 163 163 163 163 163
 163 163 163 164 164 164 164 164 164 164 164 164 164 164 164 164 164 164
 164 164 164 164 164 164 164 164 164 164 164 164 164 164 164 164 164 164
 164 165 165 165 165 165 165 165 165 165 165 165 165 165 165 165 165 165
 165 165 165 165 165 165 165 165 165 165 165 165 165 165 165 166 166 166
 166 166 166 166 166 166 166 166 166 166 166 166 166 166 166 166 166 166
 166 166 166 166 166 166 166 166 166 167 167 167 167 167 167 167 167 167
 167 167 167 167 167 167 167 167 167 167 167 167 167 167 167 167 167 167
 168 168 168 168 168 168 168 168 168 168 168 168 168 168 168 168 168 168
 168 168 168 169 169 169 169 169 169 169 169 169 169 169 169 169 169 169
 169 169 169 169 169 169 169 170 170 170 170 170 170 170 170 170 170 170
 170 170 170 170 170 170 170 170 170 170 170 170 170 170 170 170 171 171
 171 171 171 171 171 171 171 171 171 171 171 171 171 171 171 171 171 171
 171 171 171 171 171 171 172 172 172 172 172 172 172 172 172 172 172 172
 172 172 172 172 172 172 172 172 172 172 172 172 172 172 172 172 173 173
 173 173 173 173 173 173 173 173 173 173 173 173 173 173 173 173 173 173
 173 173 173 173 173 173 173 173 173 173 173 173 173 174 174 174 174 174
 174 174 174 174 174 174 174 174 174 174 174 174 174 174 174 174 174 174
 174 174 174 174 174 174 174 174 174 174 175 175 175 175 175 175 175 175
 175 175 175 175 175 175 175 175 175 175 175 175 175 175 175 175 175 175
 175 175 175 175 175 175 175 176 176 176 176 176 176 176 176 176 176 176
 176 176 176 176 176 176 176 176 176 176 176 176 176 176 176 176 176 176
 176 176 176 176 176 177 177 177 177 177 177 177 177 177 177 177 177 177
 177 177 177 177 177 177 177 177 177 177 177 177 177 177 177 177 177 178
 178 178 178 178 178 178 178 178 178 178 178 178 178 178 178 178 178 178
 178 178 178 178 178 178 178 178 178 178 178 179 179 179 179 179 179 179
 179 179 179 179 179 179 179 179 179 179 179 179 179 179 179 179 179 179
 179 179 180 180 180 180 180 180 180 180 180 180 180 180 180 180 180 180
 180 180 180 180 180 180 181 181 181 181 181 181 181 181 181 181 181 181
 181 181 181 181 181 181 181 181 181 181 182 182 182 182 182 182 182 182
 182 182 182 182 182 182 182 182 182 182 182 182 182 182 183 183 183 183
 183 183 183 183 183 183 183 183 183 183 183 183 183 183 183 184 184 184
 184 184 184 184 184 184 184 184 184 184 184 184 184 184 185 185 185 185
 185 185 185 185 185 185 185 185 185 185 185 185 185 185 185 185 186 186
 186 186 186 186 186 186 186 186 186 186 186 186 186 186 187 187 187 187
 187 187 187 187 187 187 187 187 187 187 187 187 188 188 188 188 188 188
 188 188 188 188 188 188 188 188 188 189 189 189 189 189 189 189 189 189
 189 189 189 189 189]","[11441 13360 17008 17009 11439 13359 13360 17007 17006 12511 15276 12511
 19611 19613 15277 15279 10785 15277 15279 17009 11440 15278 17008 11441
 17006 17007 19612 19613 13360 13361 15276 11439 12511 19611 13359 15275
 19610 10785 15277 15279 17009 11440 15278 17008 11441 17006 17007 19612
 19613 13360 13361 15276 17005 12511 19611 19614 13359 15275 19610 19609
 10784 15276 17005 17006 12511 15275 19612 17007 11440 19610 19611 19613
 15278 13360 17008 15277 19614 15279 11441 13361 17009 10784 15274 15276
 17005 17006 15275 12511 19612 11439 17007 11440 19610 19611 19613 15278
 13359 13360 17008 15277 19614 15279 13361 11441 17009 10785 10785 15277
 15279 17009 11440 15278 17008 11441 17006 17007 19612 19613 13360 13361
 15276 11439 12511 19611 19614 13359 15275 19610 19609 10369 13359 13361
 11439 13360 11441 17005 17007 17008 17009 10784 17006 11440 15277 10785
 15274 15276 19612 15278 15279 15275 12511 19613 19609 19610 19611 19614
 11163 10369 13359 13361 11439 13360 11441 17005 17007 17008 17009 10784
 17006 11440 15277 10785 15276 19612 15278 15279 12511 15275 19613 19610
 19611 19609 19614 11163 10784 15276 17005 17006 12511 15275 19612 11439
 17007 11440 19610 19611 19613 19609 15278 13359 13360 17008 15277 11163
 19614 15279 13361 11441 17009 10785 10650 16509 19611 19614 11163 19610
 12511 19613 12512 19609 15275 15276 19612 15278 15279 12510 15274 10784
 17006 11440 15277 10785 17005 17007 17008 17009 11439 13360 11441 13359
 13361 10369 13359 13361 19635 11439 13360 11441 19636 17005 17007 17008
 17009 10784 17006 11440 15277 10785 15274 15276 19612 15278 15279 12510
 15275 12511 19613 12512 19609 19610 19611 19614 19615 11163 10650 10369
 13359 13361 11439 13360 11441 19636 17005 17007 17008 17009 10784 17006
 11440 15277 10785 15274 15276 19612 15278 15279 12510 15275 12511 19613
 12512 19609 19610 19611 19614 19615 11163 16509 14448 10369 13359 13361
 11439 13360 11441 19636 17005 17007 17008 17009 10784 17006 11440 15277
 10785 15274 15276 19612 15278 15279 12510 15275 12511 19613 12512 19609
 19610 19611 19614 19615 11163 10650 14448 10369 13359 13361 11439 13360
 11441 17005 17007 17008 17009 10784 17006 11440 15277 10785 15274 15276
 19612 15278 15279 12510 15275 12511 19613 12512 19609 19610 19611 19614
 19615 16509 10650 10650 19611 19614 12511 19610 19613 12512 19615 15275
 15276 19612 19609 15278 15279 12510 15274 10784 17006 11440 15277 10785
 17005 17007 17008 17009 11439 13360 11441 13359 13361 10650 19611 19614
 12511 19610 19613 12512 15275 15276 19612 15278 15279 12510 15274 10784
 17006 11440 15277 17005 17007 17008 17009 11439 13360 11441 13359 13361
 10784 15274 15276 17005 17006 15275 12511 19612 11439 17007 11440 19609
 19610 19611 19613 15278 17008 15277 19614 15279 17009 10784 15274 15276
 17005 17006 15275 12511 19612 17007 11440 19609 19610 19611 19613 15278
 13360 17008 15277 19614 15279 11441 17009 10369 13359 13361 11439 13360
 11441 17005 17007 17008 17009 10784 17006 11440 15277 10785 15274 15276
 19612 15278 15279 15275 12511 19613 19609 19610 19611 19614 10784 15276
 17005 17006 12511 15275 19612 11439 17007 11440 19610 19611 19613 19609
 15278 13359 13360 17008 15277 11163 19614 15279 13361 11441 17009 10785
 10650 16509 19611 19614 19610 12511 19613 15275 19609 15276 19612 15278
 10784 17006 11440 15277 15279 17005 17007 17008 10785 17009 11439 13360
 11441 13359 13361 19635 10369 13359 13361 19635 11439 13360 11441 19636
 17005 17007 17008 17009 10784 17006 11440 15277 10785 15274 15276 19612
 15278 15279 12510 15275 12511 19613 19609 19610 19611 19614 11163 16509
 10650 10650 16509 19611 19614 11163 19610 12511 19613 19609 15275 15276
 19612 15278 12510 19608 15274 10784 17006 11440 15277 15279 17005 17007
 17008 10785 17009 11439 13360 11441 13359 13361 19636 19635 10369 13359
 13361 19635 11439 13360 11441 19636 17005 17007 17008 17009 10784 17006
 11440 15277 10785 15274 15276 19612 15278 15279 12510 15275 12511 19613
 19609 19610 19611 19614 11163 16509 10650 10369 13359 13361 19635 11439
 13360 11441 19636 17005 17007 17008 17009 10784 17006 11440 15277 10785
 15274 15276 19612 15278 15279 12510 15275 12511 19613 19608 19609 19610
 19611 19614 11163 16509 10650 10650 16509 19611 11163 19610 12511 19613
 19609 15275 15276 19612 15278 15274 10784 17006 11440 15277 15279 17005
 17007 17008 10785 17009 11439 13360 11441 13359 13361 19636 19635 10650
 16509 19611 11163 19610 12511 19613 19609 15275 15276 19612 15278 15274
 10784 17006 11440 15277 15279 17005 17007 17008 10785 17009 11439 13360
 11441 13359 13361 19636 19635 10650 16509 19611 11163 19610 12511 19613
 19609 15275 15276 19612 15278 17006 11440 15277 15279 17005 17007 17008
 10785 17009 11439 13360 11441 13359 13361 19635 10785 15277 15279 17009
 11440 15278 17008 11441 17006 17007 19612 19613 13360 13361 15276 12511
 19611 13359 15275 19610 19609 11163 10785 15277 15279 17009 11440 15278
 17008 11441 17006 17007 19612 19613 13360 13361 15276 11439 12511 19611
 13359 15275 19610 19609 10785 15277 15279 17009 11440 15278 17008 12512
 11441 17006 17007 19612 13360 19614 13361 15276 12511 13359 19611 15275
 19610 19609 11440 15277 15278 17006 17007 17008 19612 15279 17009 12512
 19613 15276 13360 11441 12511 15275 13359 13361 19610 11440 15277 15278
 17006 17007 17008 19612 15279 17009 15276 13360 11441 12511 15275 13359
 13361 19610 10785 15277 15279 17009 11440 15278 17008 11441 17006 17007
 19612 19613 13360 13361 15276 11439 12511 13359 15275 19610 11440 15277
 15278 17006 17007 17008 19612 15279 17009 15276 13360 11441 12511 15275
 13361 19610 10369 13361 11441 13360 17008 17009 17007 11440 15277 17006
 15278 19612 15276 12511 15275 19610 11440 15277 15278 17006 17007 17008
 19612 17009 15276 13360 11441 12511 15275 13361 19610 11440 15278 17006
 17007 17008 19612 15279 15276 13360 11441 17009 12511 15275 13361]"
6153,"[151 151 151 151 151 151 151 151 152 152 152 152 152 152 152 152 152 152
 152 152 152 152 152 152 152 152 152 152 152 152 152 152 152 153 153 153
 153 153 153 153 153 153 153 153 153 153 154 154 154 154 154 155 155 155
 155 155 155 155 155 156 156 156 156 156 156 156 156 156 156 156 156 156
 156 156 156 156 156 156 157 157 157 157 157 157 157 157 157 157 157 157
 157 157 157 157 157 157 157 157 157 157 157 157 157 157 157 157 157 157
 157 157 157 157 157 157 157 157 158 158 158 158 158 158 158 158 158 158
 158 158 158 158 158 158 158 158 158 158 158 159]","[11667 15954 15955 17416 20451 12793 20454 20455 10878 15954 15956 15958
 17416 20454 11667 15955 17415 12785 15957 12786 17413 17414 20425 20426
 13587 20427 20428 17412 11666 14561 12209 18736 11047 11667 15954 15955
 17413 17414 17415 20425 15956 12785 20426 13587 14561 18736 12785 15955
 20426 17414 14560 12785 20426 20427 20425 14561 14560 17414 13584 11666
 13586 13587 17414 13584 13588 17415 11667 17413 18261 18262 20448 15954
 20438 20439 12785 20426 20427 14561 10402 13584 13586 13588 18262 20439
 20448 13585 18261 11666 13587 11668 20449 12034 12792 14187 17412 17414
 17415 17416 20450 15975 15973 15974 17413 11667 15954 10878 20451 12793
 12791 15955 15956 15958 20454 12785 20426 12786 10280 20430 12786 20455
 11666 13585 13587 17412 17414 13584 17415 17413 11667 18261 15955 14187
 12785 20426 20428 14561 14560 12785]"
6154,[151],[12369]
6155,[151],[12617]
6156,"[151 151 151 151 151 152 152 152 152 152 152 152 152 152 152 152 152 152
 152 152 152 152 152 152 152 152 152 152 152 152 153 153 153 153 153 153
 153 153 153 153 153]","[12782 15950 20417 20419 20420 11200 14557 14558 16575 16576 18732 18733
 13120 11201 13121 20422 20423 20421 12783 15952 20420 15950 15951 20419
 12782 15949 20418 20417 20415 12781 11200 16576 18732 11201 20422 20423
 12783 15952 15950 15951 12782]"
6157,[151],[12947]
6158,[151 152],[13160 13160]
6159,[151 152 152 153],[13655 13655 17518 13655]
6160,[151],[13712]
6161,[151],[14099]
6162,[151],[14936]
6163,[151],[15331]
6164,[151 152 153 154],[15354 15354 15354 15354]
6165,[151 152],[15457 15457]
6166,[151 151 152],[15513 19906 19906]
6167,[151],[15521]
6168,[151 152 153],[15812 15812 15812]
6169,"[151 152 152 153 153 153 152 153 154 154 154 154 154 154 154 154 154 155
 155 155 155 155 155 155 155 155 153 154 155 156 156 156 156 156 156 156
 156 156 156 156 156 156 156 156 156 157 157 157 157 157 157 157 157 157
 157 157 157 157 157 158 158 158 158 158 159 159 159 159 159 160 160 161
 161]","[16229 11008 16229 11008 12927 16229 19703 19703 11006 12927 16228 11008
 12928 16229 11007 16230 19703 11006 12926 12927 16228 11008 16229 11007
 16230 19703 13982 13982 13982 10528 13979 13981 16230 19703 19706 11007
 16229 13982 11008 19705 16228 12927 12928 11006 12926 10528 13979 13981
 16230 19703 19706 16229 11008 19705 12927 16228 12928 11006 12926 12927
 12928 16229 16230 19703 12927 16229 16230 19703 19705 12927 16229 12927
 16229]"
6170,[151],[16675]
6171,[151 152 153],[17153 17153 17153]
6172,[151],[17896]
6173,[151],[19891]
6174,[152 152 152 ... 189 189 189],[ 800 3842 3844 ...  799 6049 6050]
6175,[152],[968]
6176,"[152 152 152 153 153 153 153 153 153 153 154 154 154 154 154 154 154 155
 155 155 155 155 155 155 155 155 155 156 156 156 156 156 156 156 156 156
 156 157 157 157 157 157 157 157 157 157 157 157 157 158 158 158 158 158
 158 158 158 158 158 158 158 158 159 159 159 159 159 159 160]","[1358 8504 7053 1358 7052 7054 8504 8505 7053 8503 3279 7054 1751 3878
 3879 3880 7926  333 3878 3880 1751 3879 7927 7926 3280 3279 7054  333
 3878 3880 6072 1751 3879 7927 7926 3280 3279  333 3878 3880 1751 3879
 8517 7925 7927 8516 7926 8515 3280   81 3278 7926 8506 1358 3279 8505
 7927 7054 8504 1751 3879 3880 1358 7052 8505 3879 3880 6072 7052]"
6177,[152 152 153 153 153 153 153],[1525 3500 1525 3500 3502 7398 3499]
6178,[152],[1943]
6179,[152 153 153 154 154],[4107 4107 8226 4107 8226]
6180,[152],[4356]
6181,[152 153 154],[5203 5203 5203]
6182,[152],[6351]
6183,[152 153 153 153 153 154 154 154 154 155],[6845 1243 6845 6847 6844 5170 5172 6847 5174 5174]
6184,[152 153 154 155 156],[7647 7647 7647 7647 7647]
6185,[152 153 153 153 153 153 154 155],[8431 1711 7832 7830 8430 8431 7832 7832]
6186,[152 153],[8755 8755]
6187,[152],[8948]
6188,[152],[9017]
6189,[152 153 153],[9965 5529 9965]
6190,[152 152],[11119 16431]
6191,[152 152 152 ... 188 189 189],[11449 13368 13369 ... 15301 15299 19639]
6192,[152],[11456]
6193,[152 152],[11645 13565]
6194,[152],[12754]
6195,[152],[13542]
6196,[152 153],[13584 13584]
6197,[152 153 154 155 155 155 156 156 156 157 157 158 158],"[14100 14100 14100 14100 14101 16302 10569 14100 14101 14100 14101 14100
 14101]"
6198,[152],[14374]
6199,[152],[15326]
6200,[152],[15361]
6201,[152],[15507]
6202,[152],[15585]
6203,[152 152],[15662 20077]
6204,[152 153],[15909 15909]
6205,[152 153],[15983 15983]
6206,[152 152 153 153 153 154 154 154 154 155 155 156 156 157],"[16261 16262 16262 16263 10548 10548 14039 11027 16263 10548 11027 10548
 11027 11027]"
6207,[152],[16353]
6208,[152],[16433]
6209,[152],[16698]
6210,[152],[16891]
6211,[152],[17143]
6212,[152 153],[17864 17864]
6213,[152],[17975]
6214,[152],[18272]
6215,[152],[18650]
6216,[152],[18797]
6217,[152],[19096]
6218,[152 153],[20250 20250]
6219,[153],[458]
6220,[153],[552]
6221,"[153 153 153 153 153 153 153 154 154 154 154 154 154 154 155 155 155 155
 155 155 155 155 155 155 155 155 155 156 156 156 156 156 156 156 156 156
 156 156 157 157 157 157 157 158 158 158 158 158 158 158 159 160 160 161
 161 161 161 161 161 161 161 161 161 161 161 161 162 162 162 162 162 162
 162 162 162 162 162 162 162 162 162 162 163 163 163 163 164 164 164 165
 165 165 165]","[ 612 5531 5533 5535 7065 2472 9972  612 5535 7065 2472 5534 7064 9972
  612 5531 5533 5535 7065 5534 2472 1365 7067 9972 3286 1366 3287   39
 9972 1365 7064 7067 5531 1366 7066 5533 5537 5534 5531 7064 7065 7066
 9976 2473 5537 9976 5531 5533 7064 5534 5533 5533   39   39 2743 9972
 2472 5534 5535 5533  612 5531 7065 7064 1365 7067   39 2743 9972 2472
 5534 5535 5533  612 5537 5531 7065 7066 2473 9976 7067 1366   39  612
 5535 1366   39 2743 2744   39 2743 2745 9972]"
6222,"[153 153 153 153 154 154 154 154 154 154 154 154 155 155 155 155 155 155
 156 156 156 156 156 156 156 156 156 156 156 157 157 157 157 157 157 157
 157 158 158 158]","[ 770 3752  771 2689  770 3752 5995 5996 2690  771 2689 2687  767 2687
 2689 2690  771 5996  291 3752 3754  770 3753 5996 5995  771 2690 2689
 2687  770 3752 3753 3754  771 2690 2689 2687  770 2689 2690]"
6223,[153],[1940]
6224,[153],[1954]
6225,[153 154],[2066 2066]
6226,[153],[2456]
6227,[153],[2467]
6228,[153 154],[2685 2685]
6229,[153 154],[3656 3656]
6230,[153],[4084]
6231,[153 154 155 155],[4121 4121  893 4121]
6232,"[153 153 154 154 155 155 155 155 155 155 155 155 155 156 156 156 156 156
 156 156 156 156 156 156 156 157 157 157 157 157 157 157 157 157 157 157
 157 157 157 157 157 157 157 157 157 158 158 158 158 158 158 158 158 158
 158 158 158 158 158 158 158 158 158 158 158 159 159 159 159 159 159 159
 159 159 159 159 159 159 159 159 159 159 159 159 159 159 159 159 160 160
 160 160 160 160 160 160 160 160 160 160 160 160 160 160 160 160 160 160
 160 160 160 160 160 160 160 160 161 161 161 161 161 161 161 161 161 161
 161 161 161 161 161 161 161 161 161 161 161 161 161 161 161 161 162 162
 162 162 162 162 162 162 162 162 162 162 162 162 162 162 162 162 162 162
 162 162 162 162 163 163 163 163 163 163 163 163 163 163 163 163 163 163
 163 163 163 163 163 163 163 163 163 163 163 163 163 163 163 164 164 164
 164 164 164 164 164 164 164 164 164 164 164 164 164 164 164 164 164 164
 164 164 164 165 165 165 165 165 165 165 165 165 165 165 165 165 166 166
 166]","[4439 4440 4439 4440 1001 4439 6408 8644 2024 8645 2921 4441 8648 1000
 2921 6408 6409 1001 4439 8644 2024 4440 8645 2023 8657   94 8649 8648
 8657 4441 8656 2024 4440 4439 8645 4438 1001 8644 2023 6409 6407 6408
 4437 2921 1000   94 8649 2025 8648 4441 8656 8647 2024 4440 4439 8645
 4438 1001 8644 2023 6409 6407 6408 2921 1000  999 8659 8660 2028 8658
 4450 8657 8649 2025 8656 4441 2024 4440 4439 8645 1001 8644 2023 6407
 6408 6409 1000 2921   94 2919 8649 8658  999 8659 2025 8648 8657 2028
 8660 4441 8656 4449 4450 2024 4440 2027  458 4439 8645 1001 8644 2023
 6407 6408 6409 2921  999 2919 8659 8658 2028 4451 8649 8657 4449 4450
 2025 8648 8656 2027 4441 2024 4440 4439 8645 1001 8644 2023 6407 6408
 6409 2921  458 4450 2028 4451 8657 8658 8659 2025 8649 8656 4441 8648
 2027 2024 4440 8647 4439 8645 1001 8644 2023 6407 6408 6409   94 7422
 8649 8658 8648 2025 8657 2028 4441 8647 8656 4450 4451 2024 4440 8646
  458 4439 8645 4438 6415 1001 8644 2023 6407 6408 4437  363 2921   94
 8649 2025 8648 8657 4441 4442 1536 8647 2028 2024 4440 8646 4439 8645
 4438 1001 8644 2023 6409 6407 6408 4437 2921 2023 4437 8644 8645 4439
 2024 8646 4438 4440 4441 8647 6409 2921 2023 4437 2024]"
6233,[153 154 155 156],[6651 6651 6651 6651]
6234,[153],[8570]
6235,[153],[9225]
6236,[153 153 153 154 154],[9476 9477 9478 9476 9477]
6237,[153 153 154],[10619 14274 14274]
6238,[153 153 154],[10869 17375 10869]
6239,[153 153 153],[12405 15013 19294]
6240,[153 153],[12409 19307]
6241,[153],[12945]
6242,[153],[12998]
6243,[153],[13763]
6244,[153 154],[14697 14697]
6245,[153 154 154 155 155 156],[15473 11505 15473 11505 17125 11505]
6246,[153 153 154 154 154 154 155 155 155 155 155 156 156 156 156 157 158 159],"[15876 15877 12017 15877 13558 13560 12017 15877 20332 13560 13558 13558
 13560 20332 15877 15877 15877 15877]"
6247,[153],[16012]
6248,[153],[16033]
6249,[153 153 154],[16502 16503 16503]
6250,[153],[16609]
6251,[153 154],[16852 16852]
6252,[153 154 154],[17146 17145 17146]
6253,[153],[17386]
6254,[153],[18058]
6255,[153 154 154],[18930 13654 18930]
6256,[153],[18942]
6257,[153],[19118]
6258,[153 154],[19145 19145]
6259,[153],[19845]
6260,[153 154 155],[20459 20459 20459]
6261,[154],[334]
6262,[154 155 155 156 156],[1128 1128 7607 1128 7607]
6263,[154],[1136]
6264,[154 155],[1274 1274]
6265,[154],[2367]
6266,[154 154 154 155],[2473 9974 6093 9974]
6267,[154 154],[2858 6298]
6268,[154],[2975]
6269,[154],[3407]
6270,[154],[3684]
6271,[154 155 156 157],[4199 4199 4199 4199]
6272,[154 154 154],[4377 4379 4380]
6273,[154],[5038]
6274,[154],[6843]
6275,[154 154 155 155 155 155 156],[6950 6951 1302 6951 6954 6950 6950]
6276,[154 155 155 155 156 156 156 156 156 157 157 157 157 157 158 158 158],"[7576 7575 7576 7577 1601 7576 7577 3025 7575 1601 7576 7577 7575 6597
 6597 7575 7576]"
6277,[154],[8229]
6278,[154 154],[8261 8263]
6279,[154],[9457]
6280,[154],[9813]
6281,[154],[10427]
6282,[154],[10685]
6283,[154],[10704]
6284,[154 154 154],[10982 12901 16184]
6285,[154 154 154 155 155],[11251 16664 16663 16663 16664]
6286,[154],[11323]
6287,[154 154 154 154 154],[11862 13902 13903 13900 13899]
6288,[154],[11945]
6289,[154 154 155 155],[12402 15006 12402 15006]
6290,[154 154 154 155 155 155 156 156 156 156 156 157 157 157 157 158],"[12539 15341 19690 12539 19690 19692 12539 19690 19691 19692 19693 12539
 19691 18188 19693 19691]"
6291,[154],[12582]
6292,[154],[12763]
6293,[154 154],[12963 19970]
6294,[154],[12989]
6295,[154],[13476]
6296,[158 158],[10334 13197]
6297,[154],[14075]
6298,[154 155 156],[14530 14530 14530]
6299,[154],[14720]
6300,[154 154],[14904 16786]
6301,[154],[15192]
6302,[154 155],[15322 15322]
6303,[154],[16034]
6304,[154],[16098]
6305,[154 155],[16940 16940]
6306,[154],[17387]
6307,[154],[17518]
6308,[154],[17593]
6309,[154],[17967]
6310,[154],[18299]
6311,[154],[19595]
6312,[154 155 156],[19852 19852 19852]
6313,"[155 155 155 155 155 155 156 156 156 156 156 156 156 156 156 156 156 156
 156 156 157 157 157 157 157 157]","[ 139 3182 9630 1262 6881 9607  139 3182 7797 9630 1262 3183 7796 6880
 6882 7795 6883 3785 6881 7794 1262 3182 6880 7795 7796 7797]"
6314,[155],[252]
6315,[155],[447]
6316,[155],[786]
6317,[155 155 155 155 155 156 156 156 156],[ 887 2806 2807 8222 6203  885 6203  887 2807]
6318,[155 155],[ 889 8225]
6319,[155 155 155],[ 991 2910 2911]
6320,[155],[1112]
6321,[155],[1122]
6322,[155 155 155 155 156 156 156],[1126 4819 6635 2183 1126 4819 2183]
6323,"[155 155 155 156 156 156 156 156 156 156 156 156 156 156 156 157 157 157
 157]","[1265 5238 9616  572 5232 5234 5236 6885 2352 2353 9611 9612 9614 9617
 5238 2352 5233 5234 9611]"
6324,[155 156],[1327 1327]
6325,[155 155 155],[1865 8214 8216]
6326,[155 155 155 156 156 156 157 157 157 158 158 159],[1885 4141 8272 1885 4140 8272 1885 4140 8272 1885 4140 1885]
6327,[155],[2088]
6328,[155 156 157 158 159 160 161 161 161 161 161 161 162 162 162 162 162 163],"[2614 2614 2614 2614 2614 2614 2613 2614 8043 8044 3963 3964 2614 8043
 8044 3963 3964 2614]"
6329,[155],[2818]
6330,[155],[3499]
6331,[155 156],[3763 3763]
6332,"[155 155 156 156 156 156 157 158 158 159 159 159 159 159 159 160 160 160
 160 160 160 160 160 160 160 160 160 160 160 161 161 161 161 161 161 161
 161 161 162 162 162 162 162 162 162 162 162 163 163 163 163 163 163 163
 163 164 164]","[4170 6246  183 4170 6246 7298 7298 1482 7298 1482 3428 7297 7298 7299
 7300  183 4170 6246 7298 7301 7297 7302 1482 7300 1483 7299 3431  663
 3430  183 4170 6246 7298 7301 7297 1482 7300  663  183 4170 6246 7298
 1481 7297  910 1482 7300 1481 4170 7296 7297 7298 3428 1482 7301 3428
 7297]"
6333,[155],[4259]
6334,[155],[4541]
6335,[155 155 155 156 156 156 156 157 157],[4685 4687 8955 2126 4685 4686 4687 2126 4685]
6336,[155 155 155 156 156 156 156 156],[4759 9036 9037 1106 4759 9036 9037 2157]
6337,[155 155 156],[4913 4915 4915]
6338,[155],[5030]
6339,[155 156],[5228 5228]
6340,[155],[5397]
6341,[155 155 155 155 156 156 156 157 158 158 158],[5419 5420 9835 9836 2426 5420 9835 2426 2426 5418 5420]
6342,[155],[5521]
6343,[155],[5640]
6344,[155 155 155],[5866 5867 7449]
6345,[155],[5987]
6346,[155 156],[6180 6180]
6347,"[155 156 157 156 156 156 156 157 158 158 158 158 158 159 159 159 159 159
 159 159 159 160 160 160 160 160]","[6680 6680 6680  263 4892 4891 1625  263  263 6679 1151 6680 9199  263
 4890 4892 2211 9196 9199 1151 6680  263 4892 2211 9196 9197]"
6348,[155 156 156 156],[7137 1406 7137 7138]
6349,[155 156 156 156 156 156 157],[7263 1467 3405 3418 7263 7282 3418]
6350,[155],[7397]
6351,[155],[7763]
6352,[155],[7810]
6353,[155 156],[7880 7880]
6354,[155 156 157 158],[7934 7934 7934 7934]
6355,[155],[8349]
6356,[155],[8588]
6357,[155],[9051]
6358,[155],[9232]
6359,[155],[9572]
6360,[155],[9602]
6361,[155],[9664]
6362,"[155 155 156 156 156 156 156 156 156 157 157 157 157 157 157 157 158 158
 158 158]","[10010 10011  1375 10009 10010  1761  5567  7947  7946  1761  5567  7947
  7949 10009  7946  1762  1762  3894  3895  7946]"
6363,[155 155 156],[10280 20430 10280]
6364,[155 155 155 155 155 156 156 156 156 157 157 158],[10796 15344 17049 19721 19723 10796 15344 17049 19721 15344 17049 17049]
6365,[155 156 156 156 157 157 157 157 157 158 158 158 158 159 159 160 161 161],"[11078 10598 16354 11078 10278 12998 11078 16354 10598 10278 12998 11078
 12997 12997 12998 12998 11078 12998]"
6366,[155 155 155 156 156 156 156 156 157 157 157],[11554 13474 18689 11554 17214 18689 17213 12192 12192 18698 17214]
6367,[155 155 155 155 155 156 156 156 156],[11816 17751 17752 17754 13825 11816 13824 13825 16138]
6368,"[155 155 156 156 156 156 157 157 157 157 157 157 158 158 158 158 158 159
 159 159 159 159 159 160 160]","[12023 18234 14167 18233 18234 18231 12021 14167 18231 18233 18234 18815
 12021 14167 18231 18233 18234 12021 14167 18231 18233 12023 18234 12023
 18234]"
6369,[155 155 155],[12223 14586 18770]
6370,[155 155 155 155 155 155],[12548 15363 15364 19717 19718 19709]
6371,[155 155],[12638 19989]
6372,[155],[13179]
6373,[155],[13266]
6374,[155],[13687]
6375,[155],[14300]
6376,[155 155 155 156 156 156 156 157 158],[14523 18696 18692 14525 18692 18693 18696 18692 18692]
6377,[155 156 157 158 159 160],[14680 14680 14680 14680 14680 14680]
6378,[155],[15025]
6379,[155 156],[15166 15166]
6380,[155 156],[16407 16407]
6381,[155],[17058]
6382,[155 156],[17875 17875]
6383,[155],[18103]
6384,[155 156 156],[18534 18533 18534]
6385,[155],[18587]
6386,[155],[19136]
6387,[155],[19189]
6388,[155 155 155 156 156 156 156],[19448 19450 19451 19448 19450 19451 19452]
6389,[155],[20054]
6390,[155],[20257]
6391,[155 156],[20455 20455]
6392,[156],[1208]
6393,[156 156 156 156],[1542 4465 7436 3528]
6394,[156 157 157 158],[1557 1557 7469 1557]
6395,[156],[1603]
6396,[156 156 156 157],[1853 4771 8185 1853]
6397,[156],[2462]
6398,[156 156],[2494 5590]
6399,[156 156 156 156 156 156 156 156 157 157 157 157 157 157 157 157 157 158],"[ 2513  5638  5639 10094 10095 10096 10093 10097  2513  5638  5639  5640
 10094 10096 10093 10097 10098  5638]"
6400,[156 156 156 156 157 157 157 157],[ 2516  5645 10103 10102  2516 10103 10104 10102]
6401,[156],[2734]
6402,[156],[2781]
6403,[156],[2943]
6404,[156],[3054]
6405,[156],[3631]
6406,[156],[3894]
6407,[156],[4949]
6408,[156 157 157 158 159 159 160 160 160 160 161 161 161 161 162 162],"[5087 5087 6798 5087 5087 5088  552 5087 5091 5088 5087 5088 6798 5091
 5087 5088]"
6409,[156],[5226]
6410,[156],[5806]
6411,[156],[5874]
6412,[156 157],[5920 5920]
6413,[156],[5926]
6414,[156],[6102]
6415,[156 157],[7041 7041]
6416,[156],[7131]
6417,[156 157],[7570 7570]
6418,[156],[7710]
6419,[156],[8217]
6420,[156],[8285]
6421,[156 157],[8624 8624]
6422,[156],[9054]
6423,[156],[9187]
6424,[156],[9407]
6425,[156 157],[9418 9418]
6426,[156],[9599]
6427,[156],[9832]
6428,[156 157],[9930 9930]
6429,[156],[10126]
6430,[156 156],[10250 12839]
6431,[156],[10374]
6432,[156 156 157],[10659 19777 10659]
6433,[156],[10704]
6434,[156 157 158],[11357 11357 11357]
6435,[156 157 158],[11452 11452 11452]
6436,[156],[11818]
6437,[156 156 156],[12243 18825 18826]
6438,[156 157 157 157],[12306 12306 14777 19005]
6439,[156 157],[12307 12307]
6440,[156],[12607]
6441,[156],[12609]
6442,[156],[12709]
6443,[156 157 158 158 159 159 160],[12728 12728 12728 15812 12728 15812 15812]
6444,[156],[12730]
6445,"[156 156 156 156 156 156 156 156 156 156 156 157 157 157 157 157 157 157
 157 157 157 157 157 157 157 157 157 157 157 157 158 158 158 158 158]","[12780 20412 20419 20420 20421 12782 15950 20418 12783 20417 20415 10321
 13119 13121 20421 11199 13120 12783 20420 16575 15950 15951 20419 11200
 16574 12782 20418 14556 20417 20415 11200 16576 18732 11201 12782]"
6446,[156],[12848]
6447,[156],[14885]
6448,[156 157 157],[15004 15004 15005]
6449,[156],[15015]
6450,[156],[16655]
6451,[156 157 157 157 157 158 158 159 159 160 161 162 163 163 164],"[17323 11615 13535 17323 17324 17323 17324 17323 17324 17323 17323 17323
 17323 17324 17323]"
6452,[156],[17382]
6453,[156 157 158 158],[17489 17489 10893 17489]
6454,[156],[17963]
6455,[156],[18170]
6456,[156],[18300]
6457,[156],[18303]
6458,[156 157 157],[18767 12221 18767]
6459,[156 157 157 157],[19231 14962 16818 19231]
6460,[156 157],[19298 19298]
6461,[157 157 157 157 157 157],[  32 2706 9538 9565 2335 5198]
6462,[157],[157]
6463,[157 158 159 159 160],[ 568  568  568 5282  568]
6464,[157],[1096]
6465,[157 157],[1401 7129]
6466,[157 158 158 159],[1939 1939 4257 1939]
6467,[157],[2015]
6468,[157],[2282]
6469,[157 158 158],[2294 2294 9447]
6470,[157],[2296]
6471,[157 158 159 160 160 161 161 162 163],[2363 2363 2363 2363 5262 2363 5262 2363 2363]
6472,[157 157 157 157 158 158 158 158 158 158 158 158 158 159 159 159 159 159],"[ 2486  5570  5572  2487  2487  5572  5573  5574  5571  5575  5569  7088
  7090  2486  5571  2487  5574 10018]"
6473,[157],[2652]
6474,[157],[3042]
6475,[157],[3547]
6476,[157],[3782]
6477,[157],[5652]
6478,[157],[5804]
6479,[157 157],[5927 5928]
6480,[157],[6291]
6481,[157],[7212]
6482,[157],[7466]
6483,[157],[7672]
6484,[157],[8055]
6485,[157],[8081]
6486,[157],[8671]
6487,[157],[8745]
6488,[157],[8999]
6489,[157],[9626]
6490,[157 157],[10053 10054]
6491,[157],[10059]
6492,[157 157 158],[10399 13561 10399]
6493,[157],[10556]
6494,[157 157 158 158 159],[10871 15904 10871 15904 15904]
6495,[157 157 157 157 157 158 158 158 158 158],[11212 13131 16595 16594 14588 11212 13131 13130 16594 16592]
6496,[157],[11251]
6497,[157 157],[11450 17024]
6498,"[157 157 157 158 158 158 158 158 158 159 159 159 159 159 159 160 160 160
 160 160 160 161 161 161 161 161 161 162 162 162 162 162 162 162 162 163
 163 163 163 163 163 163 163 163 163 163 163 163 164 164 164 164 164 164
 164 164 164 165 165 165 165 165 165 165 165 165 165 166 166 166 166 166
 166 167 167 167 167 167 168 168 168 168 168 168 168 168 169 169 169 169
 169 169 170 170 170 170 170 170 170 170 171 171 171 171 171 171 171 171
 171 171 171 172 172 172 172 172 172 172 172 172 172 172 172 172 172 172
 173 173 173 173 173 173 173 173 173 173 173 173 173 173 173 174 174 174
 174 174 174 174 174 174 174 174 174 174 174 174 174 174 175 175 175 175
 175 175 175 175 175 175 175 175 175 175 175 175 175 176 176 176 176 176
 176 176 176 176 176 176 176 176 176 176 177 177 177 177 177 177 177 177
 177 177 177 178 178 178 178 178 178 178 178 179 179 179 179 179 179 179
 179 179 179 179 179 180 180 180 180 180 180 180 180 180 180 180 181 181
 181 181 181 181 181 181 181 181 182 182 182 182 182 182 182 182]","[11913 13985 17982 11913 13985 13986 17982 17983 13988 11913 13985 13986
 17982 17983 13988 11913 13985 13986 17982 17983 13988 11913 13985 13986
 17982 17983 13988 11010 13988 16232 17982 17983 13986 11913 13985 11010
 13988 16232 17982 17983 13986 11913 17981 13984 13985 11911 18586 12153
 11911 13985 18587 11913 13986 17982 17983 13988 12153 11911 13985 18586
 18587 11913 13986 12153 17982 17983 13988 11913 13985 13986 17982 17983
 13988 11913 13985 13986 17982 17983 11911 13985 18586 11913 13986 17982
 17983 13988 11913 13985 13986 17982 17983 13988 11911 13985 18586 11913
 13986 12153 17982 17983 11911 13984 13985 18586 13986 11913 12153 16232
 17982 17983 13988 11010 13988 16232 17982 11914 13989 17983 13986 11913
 13984 13985 11911 18587 18586 12153 11010 13988 16232 17982 11914 13989
 17983 13986 11913 13984 13985 11911 18587 18586 12153 11010 13988 16232
 17982 11914 13989 17983 13986 11913 17984 17981 13984 13985 11911 18587
 18586 12153 11010 13988 16232 17982 11914 13989 17983 13986 11913 17981
 13984 13985 15357 11911 18587 18586 12153 11010 13988 16232 17982 11914
 13989 17983 13986 11913 13984 13985 11911 18587 18586 12153 11911 13984
 13985 18586 18587 13986 11913 12153 17982 17983 13988 11913 13985 13986
 17982 17983 13988 12153 18587 11010 13988 17982 17983 11913 13986 13985
 13984 11911 18587 18586 12153 11911 13984 13985 18586 18587 13986 11913
 12153 17982 17983 13988 11913 13985 13986 17982 17983 13984 13988 18587
 18586 12153 11913 13985 13986 17982 17983 13988 12153 18587]"
6499,[157],[12194]
6500,[157 157 158 158],[12549 19722 12549 19722]
6501,[157],[12550]
6502,[157],[12593]
6503,[157],[13331]
6504,[157],[13743]
6505,[157],[14415]
6506,[157],[14910]
6507,[157],[14928]
6508,[157],[15261]
6509,[157],[16291]
6510,[157],[17633]
6511,[157],[17896]
6512,[157],[18633]
6513,[157 158 158 158 159],[18770 12223 14586 18770 12223]
6514,[157 158],[18785 18785]
6515,[157],[18861]
6516,[157 158],[19222 19222]
6517,[157],[19873]
6518,[157],[19932]
6519,[157],[20281]
6520,[158],[111]
6521,[158 159],[688 688]
6522,[158 159],[767 767]
6523,[158],[981]
6524,[158 158 158],[2467 5522 9957]
6525,[158 158],[ 2523 10125]
6526,[158 159],[3014 3014]
6527,[158],[3763]
6528,"[158 158 158 159 159 159 159 159 159 159 160 160 160 160 160 160 160 161
 161 161]","[4149 6233 8281  180 4147 4149 6232 6233 7287 8281  180 4147 4149 6232
 6233 8281  903 4147 6233 8281]"
6529,[158],[4461]
6530,[158],[4684]
6531,[158],[4921]
6532,[158 158],[5095 5097]
6533,[158],[5199]
6534,[158],[5395]
6535,[158],[5520]
6536,[158],[5926]
6537,[158 158],[6631 6632]
6538,[158],[7734]
6539,[158 158 159 159 159 159 160 160 160],[8555 8556 1992 4367 8556 8555 4367 8556 8555]
6540,[158 159 159],[8563 1404 8563]
6541,[158],[9188]
6542,[158],[9356]
6543,[158],[9455]
6544,[158],[9588]
6545,[158],[10013]
6546,[158],[10330]
6547,[158 158],[10774 19513]
6548,[158 158 159 159 159 160],[11256 16796 16796 16797 16798 16796]
6549,[158],[11563]
6550,[158],[12002]
6551,[158],[12050]
6552,[158],[12153]
6553,[158 158],[12401 15003]
6554,[158],[12477]
6555,[158 158],[12545 19709]
6556,[158],[12630]
6557,[158],[12637]
6558,[160 160 161],[11783 13769 11783]
6559,[158],[14066]
6560,[158],[14185]
6561,[158 158 159 159 160],[14195 18272 14195 18272 18272]
6562,[158],[14704]
6563,[158],[14925]
6564,[158 159 159 159 160],[15324 11455 15322 15324 15322]
6565,[158 158],[15383 19741]
6566,[158],[15832]
6567,[158],[15983]
6568,"[158 158 159 159 159 159 160 160 160 160 161 161 161 161 161 162 162 162
 162 163 163 163 163 163 163 164 164 164 164 164 165 165 166 166 166 167]","[16049 16050 10907 16047 16049 16050 10907 16047 16049 16050 10907 13679
 16047 16049 16050 10907 13679 16049 16050 10907 13679 13680 16048 16049
 16050 10907 13679 13680 16048 16049 10907 16049 10907 16049 16050 16049]"
6569,[158 158],[16708 16709]
6570,[158],[17066]
6571,[158],[18041]
6572,[158],[18116]
6573,[158],[18118]
6574,[158],[18139]
6575,[158],[18189]
6576,[158],[18307]
6577,[158],[18587]
6578,[158],[19978]
6579,[158],[20053]
6580,[159],[252]
6581,[159],[447]
6582,[159],[1009]
6583,[159],[2145]
6584,[159 159],[2466 5519]
6585,[159],[2530]
6586,[159],[3133]
6587,[161],[7335]
6588,[159],[3790]
6589,[159],[4460]
6590,[159],[5066]
6591,[159],[5081]
6592,[159 160],[5209 5209]
6593,[159],[5803]
6594,[159],[6582]
6595,[159],[7701]
6596,[159 160 160 161 161],[7724 7724 7786 7724 7786]
6597,[159],[7835]
6598,[159],[8080]
6599,[159],[8302]
6600,[159 160],[8349 8349]
6601,[159],[8379]
6602,[159],[8575]
6603,[159],[9221]
6604,[159],[9418]
6605,[159],[9446]
6606,[159],[9965]
6607,[159],[10053]
6608,[159 159],[10563 14084]
6609,[159],[13262]
6610,[159],[13537]
6611,[159],[14609]
6612,[159],[14935]
6613,[159],[15569]
6614,[163 164],[18056 18056]
6615,[159 160],[16502 16502]
6616,[159],[16686]
6617,[159],[18120]
6618,[159],[18698]
6619,[159],[18806]
6620,[159],[19333]
6621,[159],[19721]
6622,[160 161 162],[656 656 656]
6623,[163 163 163 164 164 164 165 165],[  32 2706 9538 2706 9538 9564 9538 9564]
6624,[160],[1169]
6625,[160],[1997]
6626,[160 160],[2237 9271]
6627,"[160 160 160 161 161 161 161 162 162 162 162 162 162 162 163 163 163 163
 163]","[2281 5063 9407 2281 5063 9407 2282 2280 5063 2281 9407 2282 5067 5069
 2281 5063 5064 9407 5069]"
6628,[160 161],[2500 2500]
6629,[160],[3143]
6630,[160 160 161 161 162 162 163 163 164 164],[3660 3661 3660 3661 3660 3661 3660 3661 3660 3661]
6631,[160 160 161 161],[4255 4257 4255 4257]
6632,[160],[4470]
6633,[160],[4491]
6634,[160],[4949]
6635,[160],[5627]
6636,[160 161 161 161 161 162 162 162 162],[5986  765 5986 7729 3736  765 3738 5986 3739]
6637,[184 184 184 185 185 185 186 186 186 187 187],[ 255 2656 8212  255 2656 5933  255 2656 5933  255 2656]
6638,[160 161 162 163 163 164 165],[6361 6361 6361 6360 6361 6361 6361]
6639,[160 161],[6651 6651]
6640,[160],[6717]
6641,[160],[6867]
6642,[160],[6870]
6643,[160],[6909]
6644,[160],[7068]
6645,[160 161 162],[7581 7581 7581]
6646,[160],[7628]
6647,[160],[7783]
6648,[160 161 161 162 162 162 162 162 163 163 163 164],[9651 2365 9651 2365 5265 9651 9653 9654 2365 9651 9653 2365]
6649,[160 161],[10036 10036]
6650,[160],[10312]
6651,[160],[10668]
6652,[160],[10704]
6653,[160],[10736]
6654,"[160 160 161 161 161 162 162 162 162 163 163 163 163 163 163 162 163 163
 164 164 164 164 164 164 164 164 164 165 165 165 165 165 165]","[10796 19724 10796 15344 11462 10796 15344 15346 11462 10796 15344 19724
 12550 19725 15369 11470 11470 19720 10796 19721 19724 12549 19720 12550
 19725 19722 11470 10796 19721 19724 12549 12550 19722]"
6655,[160 160 160 160 161],[11391 19437 19438 15133 11391]
6656,[160 160 161],[11452 13372 13372]
6657,[160 161 161 161 161 161 162 162 163],[12017 12017 15877 20332 13560 13558 15877 20332 15877]
6658,[160 160 160],[12568 19779 19780]
6659,[160 161 162],[13535 13535 13535]
6660,[160 161],[14616 14616]
6661,[160],[16293]
6662,[160 161],[16392 16392]
6663,[160],[16709]
6664,[160 161],[17144 17144]
6665,[160],[17182]
6666,[160],[18119]
6667,[160],[18582]
6668,[160 160 161 162],[18804 18805 18804 18804]
6669,[160],[18925]
6670,[160],[18930]
6671,[160],[19678]
6672,"[160 161 161 161 161 161 162 162 162 162 162 162 162 162 162 162 162 162
 163 163 163 163 163 163 163 163 163 163 163 163 163 163 164 164 164 164
 164 164 164 164 164 165 165 165]","[19717 10374 19718 12548 19717 17058 10374 19709 19718 12545 19717 12548
 15364 15362 15360 17058 15354 19715 10374 19709 12545 19717 15355 15356
 19716 15354 19715 12547 15361 15362 15360 17058 10374 12545 15355 15356
 19716 19715 12547 19714 15360 12545 19716 19715]"
6673,[160],[20053]
6674,[160 161 161],[20276 18198 20276]
6675,"[161 161 161 161 161 161 161 161 161 162 162 162 162 162 162 162 162 162
 162 162 162 162 162 162 162 162 162 162 162 162 162 162 162 161 161 162
 162 162 163 163 163 163 163 163 163 163 163 163 163 163 163 163 163 163
 163 163 163 163 163 163 163 163 163 163 163 163 163 163 163 163 163 163
 164 164 164 164 164 164 164 164 164 164 164 164 164 164 164 164 164 164
 164 164 164 164 164 164 164 164 164 164 164 164 164 164 164 164 164 164
 164 165 165 165 165 165 165 165 165 165 165 165 165 165 165 165 165 165
 165 165 165 165 165 165 165 165 165 165 166 166 166 166 166 166 166 166
 166 166 166 166 166 166 166 166 166 166 166 166 167 167 167 167 167]","[  447  4391  6379  9813  9816  8588  9815  8589  7176   447  4389  4391
  9813  2003  8588  9815  8586  8587  8589  4393  8585   448  8590  2004
  7175  7176  8591  7177  1428  3348  5720   637  7179  5395  5397  5395
  5397  2418   447  4389  4391  6379  9813  9816  2001  2003  8588  2419
  9815  8585  9811  8586  8587  8589  4393  2418   448  8590  2004  5399
  7175  7176  8591  5397  7177  1428  5395  3348  7178  5720  7179   637
   447  4389  4391  6379  9813  9816  2001  2003  8588  2419  9815  8585
  9811  8586  8587  8589  4393  2418  9810   448  8590  2004  5399  7175
  7176  8591  5397  7177  1428  5395  3348  7178  5720  1318  7179   637
 10200   447  4389  4391  6379  9813  9816  2003  8588  9815  8586  8587
  8589  4393  8585   448  8590  2004  7175  7176  8591  7177  1428  5720
   637  2418  5395  5397   448  7175  7176  8587  8590  7177  8591  1428
  2003  8586  8589  2004  5720  4391  8585   637  2418  5395  5397  9813
  5395  7175  8590  8587  9813]"
6676,[161],[1262]
6677,[161 162 162 163 163],[2017 2017 8625 2017 8625]
6678,[161],[2297]
6679,[161 161 161 161],[2656 2657 8212 8211]
6680,[161],[3193]
6681,[161],[3198]
6682,[161 162],[3604 3604]
6683,[161],[3986]
6684,[161 162],[4380 4380]
6685,[161],[4838]
6686,[161 162 162 163 163 164 164],[5082 4949 5082 4949 5082 4949 5082]
6687,[161 162],[5096 5096]
6688,[161],[5176]
6689,[161],[5237]
6690,[161 161 162 162],[5244 9625 5244 9625]
6691,[161 162],[5282 5282]
6692,"[161 162 162 162 162 163 163 163 163 163 164 164 164 164 164 164 164 164
 164 164 164 162 163 163 163 163 163 162 163 164 164 164 164 164 164 164
 164 164 164 164 164 164 165 165 165 165 165 165 165 165 165 165 165 166
 166 166 166]","[ 5628  3317  7122  7121  5628  3317  3318  7122  7121  5628  1396  3316
  3317  7122  3318  7123  7121  7979  5628  5627 10082  9755     7  2609
  9755   689  5849  9832  9832     7  2609  2611  9755   689  2610  9836
  5849  9835  5420  2426  5418  9832     7  2611  2610 10081  5627  5628
  7121  7122  3317  7123  3316     7  2610  5628 10081]"
6693,[161 162 163 163 163 164 164 164],[6093 6093 6093 9975 9977 6093 9975 9977]
6694,[161 162 162 163 163 164],[6597 1105 6597 1105 6597 6597]
6695,[161],[6715]
6696,[161],[7797]
6697,[161],[7804]
6698,[161],[8408]
6699,"[161 162 162 162 162 163 163 163 163 164 164 165 165 166 166 166 166 166
 166 166 167 167 167 167 167 167 167 168 168 168 168 168 168 168 169 169
 169 169 169 169 169 170 170 170 170 170 171 171 171 171 172 172 172 172
 173 173 173 173 174 174 174 174 174 174 175 175 175 175 176 176 176 177
 177 177 178 178 178 175 176 176 176 177 177 177 177 178 179 179 179 179
 180 180 180 180 181 181 181 181 181 181 182 182 182 182 182 182 182 183
 183 183 183 183 183 184 184 184 184 184 185 185 185 185 185 185 186 186
 186 187 187 187 187 188]","[8567  444 4373 8567 8570  444 4373 8567 8569  444 4373  444 4373  444
 4371 4373 1994 8563 8562 7134  444 4371 4373 1404 7134 8562 8563  444
 4371 4373 1404 7134 8562 8563  444 4373 1994 8563 1404 8562 7134  444
 4373 8567 1995 8568 4373 8570 8567 8569  444 4373 8567 8570  444 4373
 8570 8568  444 4373 8567 8570 8569 8568  444 4371 4373 8569  444 4371
 4373  444 4371 4373  444 4371 4373 8562 1404 8562 8563 1404 7134 8562
 8563 8563  444 4373 1994 8563  444 4373 1994 8563  444 4371 4373 1994
 8563 8562 1404 7134 8562 8563 1994 4373 4371 1404 7134 8562 8563 1994
 4371 1404 7134 8562 8563 4371  444 4371 4373 1994 8563 8562  444 4373
 8563  444 4373 8562 8563  444]"
6700,[161],[8670]
6701,[161],[9378]
6702,[161 162 162 163 164],[9589 2343 9589 2343 2343]
6703,[161],[9954]
6704,[161],[9999]
6705,"[161 161 162 162 162 162 162 162 162 162 162 163 163 163 163 163 163 163
 163 163 163 163 163 163 163 163 164 164 164 164 164 164 164 164 164 164
 164 164 164 164 164 164 164 164 165 165 165 165 165 165 165 165 165 165
 165 165 165 165 166 166 166 166]","[10773 17034 10773 15191 15193 15322 16956 15192 11455 17034 15732 10773
 15191 15193 15322 15324 16955 16956 15192 12479 11455 17035 19512 17034
 15732 17281 10773 15191 15193 15322 15324 16955 16956 15192 12479 11455
 17035 16957 19512 17034 15732 15734 17281 11593 10773 15191 15193 15322
 15324 16956 15192 12479 11455 17035 19512 17034 15732 17281 10773 15193
 16956 17035]"
6706,"[161 161 162 162 162 162 162 162 161 161 161 162 162 162 162 162 162 162
 162 162 162 162 163 163 163 163 163 163 163 163 163 163 163 163 163 163
 163 163 163 163 163 163 163 163 163 163 163 164 164 164 164 164 164 164
 164 164 164 164 164 164 164 164 164 164 164 164 164 164 164 164 164 164
 164 164 164 164 164 164 165 165 165 165 165 165 165 165 165 165 165 165
 165 166 166 166 166 166 166 167 167]","[11212 16592 11212 13131 13132 18778 16594 16592 12221 14586 18770 12221
 14586 18767 18769 19729 18770 18768 12222 19730 12982 12981 10325 13130
 13132 17621 17622 11210 13131 11212 18778 16592 16594 10679 19730 19729
 12221 19728 14586 18767 18769 18770 18768 12222 12982 20269 12981 10325
 13130 13132 17621 17622 11210 13131 19735 11212 18778 11759 17623 16592
 16594 19734 16595 13731 10679 19733 14588 14585 12221 14586 18767 18769
 19728 12223 18770 18768 12222 12982 10325 17621 17622 11759 17623 18778
 12221 14586 18767 12223 18770 12222 14588 12221 14586 18767 12223 18770
 12222 14586 18770]"
6707,[161],[11238]
6708,[161 162 162 162],[12234 12234 18800 15891]
6709,[161],[12989]
6710,[161],[13054]
6711,[161],[13431]
6712,[161],[13644]
6713,[161 162 162 163 164 164 165 165 165 166],[14326 14326 18438 18438 14324 18438 11123 18438 14324 11123]
6714,[161 162 163 164],[14439 14439 14439 14439]
6715,[161 162],[14589 14589]
6716,[161],[14597]
6717,[161 162 162 163 163 164 165 165 165 165 166 166 167 168 169],"[15005 12401 15005 12401 15005 15005 12401 15003 15004 15005 15004 15005
 15005 15005 15005]"
6718,[161],[15166]
6719,[161],[15325]
6720,[161 162 162 162 162],[15516 12610 15515 15516 19901]
6721,[161],[16034]
6722,[161 162 163],[16094 16094 16094]
6723,[161 162 162 163 163 163 163 163 163 164 164 164 164 164 165],"[17066 17066 17067 15383 19741 19739 17067 17066 17065 17065 17066 17067
 19739 19741 17066]"
6724,[161 162 162 162],[17872 10335 17872 17873]
6725,[161],[18053]
6726,[161],[18825]
6727,[161 162],[18924 18924]
6728,[161 162],[19723 19723]
6729,[161],[19735]
6730,[161],[20243]
6731,[162 162 162 162 162 163 163],[ 153 9990 2478 9989 5549 9989 9990]
6732,[162],[252]
6733,[162 163 163 164 165],[ 346  346 6094  346  346]
6734,[162 163 164],[441 441 441]
6735,[162 162 163 163 163 164 164 164 165 166],[ 574 9633  574 9633 2359  574 9633 2359 9633 9633]
6736,"[162 163 163 162 163 163 162 162 163 163 163 164 164 164 164 164 164 164
 164 165 165 165]","[ 607  607 9930 5494 2456 5494 7038 7041 7038 7040 7041  607 5495 7042
 9930 2456 7041 7040 7038 5495 5497 9930]"
6737,[162],[938]
6738,[162 163 164 164 165],[1020 1020 1020 6441 1020]
6739,[162 162 163],[1341 7022 7022]
6740,[162],[2344]
6741,[162 162 163 163 163 164 164 164 164],[2398 9753 2398 5353 9753 2398 5353 9751 9753]
6742,[162 163 164],[2462 2462 2462]
6743,"[162 162 163 163 164 164 164 165 165 165 165 166 166 166 167 167 167 168
 168 169 169 169 170 170 170 171]","[2943 8080 2943 8080 2943 8080 8081 1817 8080 8081 2943 1817 8080 8081
 2943 8080 8081 2943 8080 2943 8080 8081 2943 8080 8081 8080]"
6744,[162],[3182]
6745,[162],[3258]
6746,[162 163 163 163 163 164 164 164 164 164 165 165],[3289 1370 3289 7072 7070 1370 3289 7072 7070 7943 1368 3289]
6747,[162],[3785]
6748,[162],[4117]
6749,[162 162 162 162 162 163 163 163 163 163 163 163 164 164],[4121 8244 6215 6214 6216  892 6214 6215  893 8244 4120 4121 4120 4121]
6750,[162],[4138]
6751,[162],[4459]
6752,[162 162 163 163 163 164 164 164 165 165 165 166 166 166],[5222 5223 5222 5223 5224 5222 5223 5224 5222 5223 5224 5222 5223 5224]
6753,[162 162 162 163 163 163 164 164],[6341 6343 6344 6341 6343 6344 6341 6343]
6754,[162 163],[6582 6582]
6755,[162 163 163],[7094 7094 7095]
6756,"[162 163 163 163 163 163 163 164 164 164 164 164 163 163 163 163 163 163
 163 163 163 163 163 164 164 164 164 164 164 164 164 164 164 164 164 164
 164 164 164 164 164 164 164 164 164 164 164 165 165 165 165 165 165 165
 165 165 165 165 165 165 165 165 165 165 165 165 165 165 165 165 166 166
 166 166 166 166 166 166 166 167 167]","[ 7130  1402  5644  7130  7131  7132  5643  3322  7132  5644  5643 10102
  1412  5675 10139  2527 10140  5672  2011  8611 10105 10106  6115   361
  6121 10137 10140  6120 10136  2527  2760  6119  5672   839  6116  6115
   837  8610  2011  8611  4411 10105 10106 10104  1412  5675  7150   361
  6121 10137   841 10136  5672  2526  1402  5644  7130  7132 10102  5646
  3322 10103  2516 10104 10105  4411  2011 10106  8611  2757  1402  5644
  5645  7130 10102  5646  2516 10103 10104  5645 10102]"
6757,[162 163 164],[7206 7206 7206]
6758,[162 163 163 163 163 164 164],[7372 3481 7371 7372 7374 3481 7372]
6759,[162],[7707]
6760,[162],[7760]
6761,[162],[7800]
6762,[162 162],[7840 7841]
6763,[162 163],[9187 9187]
6764,[162 163 163 164 164],[9339 2257 9339 2257 9339]
6765,[162],[9640]
6766,[165 165 165 165 165 166],[2426 5420 9835 9836 9832 9836]
6767,[162],[9887]
6768,"[162 162 162 163 163 163 163 163 163 163 164 164 164 164 164 165 165 165
 165 165]","[10057 10058 10059  2500  5604  5605 10055 10056 10058 10059  5605 10055
 10056 10058 10059  2500 10055 10058 10054 10059]"
6769,[162],[10112]
6770,[162 163],[10114 10114]
6771,[162 162 162 162],[10455 16640 17658 11776]
6772,[162],[10766]
6773,[162],[11008]
6774,"[162 162 162 162 163 163 163 163 163 163 163 163 163 163 163 163 163 163
 163 163 164 164 164 164 164 164 164 164 164 164 164 164 164 164 164 164
 164 164 164 165 165 165 165 165 165 165 165 165 166 166]","[11064 18204 14145 12010 10583 14143 14145 16327 16328 18789 14144 12009
 18204 16329 11064 18791 14147 12010 18207 14603 10583 14143 14145 16327
 16328 18789 18792 14144 12009 18204 16329 18793 11064 18791 18205 14147
 14604 12010 14603 10583 14143 14145 16327 18789 18792 14144 12009 18791
 12009 14144]"
6775,[162 162 163 163 163 164 164 164 164 165 165 165 166 166 166],"[11160 16502 11160 16502 16503 10427 16502 11160 16503 10427 16502 16503
 10427 16502 16503]"
6776,[162],[11360]
6777,[162 163 164 165],[11452 11452 11452 11452]
6778,[162 162 163 164 164 165],[11505 17124 11505 11505 17124 17124]
6779,[162],[11705]
6780,[162 162],[12192 18698]
6781,[162],[13111]
6782,[162],[13658]
6783,[162],[13995]
6784,[162],[13997]
6785,[162],[14135]
6786,[162],[14704]
6787,[162],[15048]
6788,[162 162],[15165 15167]
6789,[162 163 163 164 164],[15341 15341 15342 15340 15341]
6790,[162],[16035]
6791,[162 163],[16323 16323]
6792,[162 163 164 165],[17565 17565 17565 17565]
6793,[162],[17754]
6794,[162],[19477]
6795,[162 163],[19926 19926]
6796,[162],[20246]
6797,[163],[22]
6798,[163 163 164],[  28 9295   28]
6799,[163 164],[80 80]
6800,[163],[139]
6801,[163 163 163 164],[ 290 5137 5139 5137]
6802,[163 164],[494 494]
6803,[163],[539]
6804,[163],[663]
6805,[163 163 163 163 163 164 164 164 164],[ 685 9919 2236 9270 2237 2236 9270 2237 9271]
6806,[163],[823]
6807,[163 164 164],[1171 1171 3090]
6808,[163 164],[1227 1227]
6809,"[164 164 165 165 165 165 165 165 165 165 166 166 166 166 166 166 166 166
 166 166 166 166]","[ 1410  7146  1410  7146  1411  7149  1412  7150  5675  6115  1410  7146
  1412  5675  7149  7150  2526  5672 10136  6121 10137  6115]"
6810,[163 163 163 163 163 163 164],[1558 7471 7472 7473 6465 6467 6467]
6811,[163 164 164 164 164 165],[1693 1693 7790 5227 5228 5228]
6812,[163 164 164 164 165],[1694 1694 3784 7794 7794]
6813,[163 164],[1882 1882]
6814,"[163 163 163 163 163 163 164 164 164 164 164 164 164 164 164 165 165 165
 165 165]","[1998 4383 8575 3924 3925 7992 1780 5657 7992 7993 3925 3924 8575 4382
 4383 1780 7992 3925 7993 8575]"
6815,[163],[2032]
6816,[163 164],[2144 2144]
6817,"[163 163 163 164 164 164 164 164 164 164 164 165 165 165 165 165 165 165
 165 165 165 165 165 166 166 166 166 166 166 166 166 166 166 166 166 166
 166 166 166 166 166 165 165 165 165 165 166 166 166 166 166 166 166 166
 166 167 167 167 167 167 167 167 167 167 167 167 167 167 167 167 167 167
 167 167 167 167 167 167 168 168 168 168 168 168 168 168 168 168 168 168
 168 168 168 168 168 169 169 169 169 169 169 169 169 169 170 170 171 171
 171 171 171 171 171 172 172 172 172 172 173 173 173 173 174 174 174 175
 175 176 176 177 177 178 178 179 179 180 180 181 181 182 182 183 183 184]","[2296 5095 9448  553 5095 5097 5096 2296 5098 9447 9448  552 5091 9446
 9447 2296 5098 9448 5096 5097 5095  551 9438  551 7079 9437 9438 5090
 2294 5089 5091 9447  552 9446 2296 6798 9443 9445 5096 5097 5095  550
 5215 5217 6794 1214  550 5084 5215 5217 6794 5218 6874 2343 1214  550
 5084 5215 5217 6794 6874 1214 3135 1216 6798  552 5089 5091 9446 2293
 5090 9447 2296 9437 5096 5097 7079 5095  550 5084 6794 2290 5218 6874
 2343  551 7079 9437 2293 5089  552 5091 9446 1216 3135  551 9437  552
 5089 9446 5090 2296 1216 2290  552 6798  552 5089 5091 9446 2293 5090
 2296  552 5089 5091 9446 2293  552 5087 9446 5088 5087 5088 9446 5087
 6798 5087 6798 5087 6798 5087 6798 5087 6798 5087 6798 5087 6798 5087
 6798 5087 5088 5088]"
6818,[163],[2308]
6819,[163 164 164 165 166],[2351 2351 9609 2351 2351]
6820,[163],[2520]
6821,[163 164 164 164 164 165 165 165],[ 2530  2530  5681 10147  5679  5681 10147 10148]
6822,[163],[3014]
6823,[163],[3072]
6824,[163],[3243]
6825,[163 164 164 165],[3319 3319 3320 3319]
6826,[163 164 164 164],[3326 1406 3326 7138]
6827,[163 163 163 164 164 164 164 165 165 165 166],[3510 3511 7409  987 7409 3510 3511  987 3510 3511  987]
6828,[163],[3532]
6829,[163],[4082]
6830,[163],[4326]
6831,[163],[4688]
6832,[163 164 165],[4970 4970 4970]
6833,[163 164],[5281 5281]
6834,[163],[5286]
6835,[163],[5442]
6836,[163],[5599]
6837,[163 164 164 165 166 166 167 167],[5654 2519 5654 2519 2519 5654 2519 5654]
6838,[163 164 164 164 165 165 166 167],[ 5662  2522  5662 10122  5662 10122 10122 10122]
6839,[163 164 165 165 165 166 167],[5867 5867  701 5867 5868 5868 5868]
6840,[163 164],[6063 6063]
6841,[163 164],[6445 6445]
6842,[163 164],[6681 6681]
6843,[163 164 164 164 165],[6741 6739 6740 6741 6740]
6844,[163 164 165],[6743 6743 6743]
6845,[163],[6902]
6846,[163],[7090]
6847,[163],[7137]
6848,[163 164],[7675 7675]
6849,[163 164 164 165 165],[7902 3258 7902 3258 7902]
6850,[163],[8212]
6851,[163 163 164 164 164 164 164 164 165 165 165],[8350 8351   29 2687 2688 8351 8350 1913   29 2687 8351]
6852,[163],[8353]
6853,[163 163],[8498 8499]
6854,[163],[8676]
6855,[163],[9003]
6856,[163],[9142]
6857,[163 164 164 165 165 165 166 166 167],[9551 5187 9551 1249 5187 9551 5187 9551 9551]
6858,[163],[9892]
6859,[163],[10132]
6860,[163],[10357]
6861,[163 163 164 164 165 165 165 166],[10468 17711 10468 17711 11799 17711 14775 11799]
6862,[163],[11715]
6863,[163],[11816]
6864,[163 163 164 164 164],[12228 18785 12228 18785 18786]
6865,[163],[12340]
6866,[163 163 163 164 164 164 164 164 164 165 165 165 165 166 166],"[12736 17341 17342 10584 15831 17341 17342 20281 12736 12736 15832 20281
 17342 15832 17342]"
6867,[163 164],[13331 13331]
6868,[163 164],[13382 13382]
6869,[163],[13643]
6870,[163 163 163 164 164 164 164],[13743 13745 20248 11768 20248 20249 13743]
6871,[163 163],[13824 13825]
6872,[163 164],[13982 13982]
6873,[163],[15336]
6874,[163],[16696]
6875,[163],[17041]
6876,[163],[17874]
6877,[163],[18058]
6878,[163],[18825]
6879,[163 163],[18919 18920]
6880,[163],[19702]
6881,[164 165 165 165],[ 327  327 3862 6062]
6882,[164 164],[ 831 6105]
6883,[164],[990]
6884,[164 165],[1262 1262]
6885,[164],[1473]
6886,[164 164 165],[1995 8568 1995]
6887,[164],[2141]
6888,[164 164 164 164 165 165 165 165],[2443 5464 5465 9887 1341 5464 2443 9887]
6889,[164 165],[2698 2698]
6890,[164],[2746]
6891,[164],[2749]
6892,[164],[2833]
6893,[164],[3122]
6894,[164],[3604]
6895,[164 165 166 166 167],[3972 3972  163 3972 3972]
6896,[164],[4345]
6897,[164 164 165 165],[4377 4379 4377 4379]
6898,[164],[4447]
6899,"[164 165 165 165 165 165 166 166 166 166 167 167 168 168 168 168 169 169
 169 169 170 170 170 170 170 171 171 171 171 172 172 173]","[4503 3986 8074 4503 4505 8727 4503 4505 8074 8727 4505 8074 4503 4505
 8074 8727 4503 4505 8074 8727 3986 8074 4503 4505 8727 3986 8074 4505
 8727 3986 8727 3986]"
6900,[164 165 165 165 165],[5534 5531 5533 7064 5534]
6901,[164],[5583]
6902,[164],[5996]
6903,[164 165 165],[6216 2813 6216]
6904,[164],[6233]
6905,[164 165 166 166 166 166 166 166 166 167],[ 7088  7088  1377  5569  5570  7087  7088 10013  1378 10013]
6906,[164],[7294]
6907,[164 165],[7724 7724]
6908,[164 165],[7797 7797]
6909,[164 165 166 166],[7998 7998 7997 7998]
6910,[164 164],[8211 8266]
6911,[164],[8564]
6912,[164],[8670]
6913,[164],[8675]
6914,[164 165 166 167],[9595 9595 9595 9595]
6915,[164],[10061]
6916,[164 165],[10124 10124]
6917,[164],[10653]
6918,[164 164 164],[10697 14667 14668]
6919,[164],[11306]
6920,[164 165 165 166 167],[11783 11783 13769 13769 13769]
6921,[164],[12192]
6922,[164 164 164],[12576 15436 19802]
6923,[164],[13231]
6924,[164 164 165 165 166],[14962 19231 14962 19231 19231]
6925,[164],[15163]
6926,[164 165 165 165 166 166 166 167],[16027 12815 16027 13642 12815 13642 13644 13644]
6927,[164],[17496]
6928,[164 165],[18468 18468]
6929,[164],[18928]
6930,[164 164],[19448 19450]
6931,[164],[19900]
6932,[164],[20171]
6933,[164 165 166 167 167 167 168 168 168 169 169 170 170],"[20259 20259 20259 10330 20259 20260 10330 20259 20260 10330 20260 10330
 20260]"
6934,[165],[1222]
6935,[165],[1587]
6936,[165 165],[1786 8007]
6937,[165 166],[2148 2148]
6938,[165],[2309]
6939,[165],[2347]
6940,[165 165],[2473 9974]
6941,[165 166 167 168],[2613 2613 2613 2613]
6942,[165 165],[2885 2886]
6943,[165],[3014]
6944,[165],[3025]
6945,[165],[3190]
6946,[165 166],[3791 3791]
6947,[165],[4170]
6948,[165],[5247]
6949,[165],[5582]
6950,[165],[6090]
6951,[165],[6092]
6952,[165],[6415]
6953,[165],[6814]
6954,[165],[6881]
6955,[165],[6949]
6956,[165 165 166],[7703 9383 9383]
6957,[165],[9386]
6958,[165 166 166 166 166 167 167 167 167 168 168 169],[9458 2738 9458 9484 9483 2738 9458 9484 9483 9458 9483 9483]
6959,[165],[9641]
6960,[165],[10202]
6961,[165 165 166 166 167],[10794 15331 15331 15333 15331]
6962,[165],[10910]
6963,[165 165 166 166],[11352 16848 11352 18432]
6964,[165 165],[11723 17537]
6965,[165],[11849]
6966,[165],[12005]
6967,[165 165],[12096 14316]
6968,[165],[13641]
6969,[165],[13895]
6970,[165 165 165 166 166],[14616 14617 18808 14617 14618]
6971,"[165 166 167 168 168 169 169 169 169 170 170 170 170 170 168 169 169 169
 170 170 171 171 171 171 171 171 171 171 171 171 171 172 172 172 172 172
 172 172 172 172 172 172 172 172 173 173 173 173 173 173 173 173 173 173
 173 173 173 173 173 173 173 173 173 173 173 173 174 174 174 174 174 174
 174 174 174 174 174 174 174 174 174 174 174 174 174 174 174 174 174 174
 174 174 175 175 175 175 175 175 175 175 175 175 175 175 175 175 175 175
 175 175 175 175 175 175 175 175 175 175 175 176 176 176 176 176 176 176
 176 176 176 176 176 176 176 176 176 176 176 176 176 176 176 176 176 176
 176 177 177 177 177 177 177 177 177 177 177 177 177 177 177 177 177 177
 177 177 177 177 177 177 177 178 178 178 178 178 178 178 178 178 178 178
 178 178 178 178 178 178 178 178 178 178 178 178 178 178 178 178 178 179
 179 179 179 179 179 179 179 179 179 179 179 179 179 179 179 179 179 179
 179 179 179 179 179 179 179 179 179 179 179 179 179 179 179 179 179 179
 179 180 180 180 180 180 180 180 180 180 180 180 180 180 180 180 180 180
 180 180 180 180 180 180 180 180 180 180 180 180 180 180 180 180 180 180
 180 180 180 181 181 181 181 181 181 181 181 181 181 181 181 181 181 181
 181 181 181 181 181 181 181 181 181 181 181 181 181 181 181 181 181 182
 182 182 182 182 182 182 182 182 182 182 182 182 182 183 183 183 183]","[15354 15354 15354 12544 15354 11910 13983 19707 12544 10528 13983 11910
 12544 19705 19709 19709 19717 19718 19709 19718 10528 13983 16230 19706
 11910 12544 19705 17976 15353 19709 19717 10528 13981 16230 19703 16229
 19705 11910 17975 17976 19709 19717 19718 12548 10528 13979 13981 13983
 16230 19703 19706 16229 11910 19707 19705 12544 17976 19708 19709 12545
 19717 19718 12548 15363 15364 15362 10374 17976 19709 19718 11910 19708
 12545 19717 12548 13983 19707 15355 15356 19716 15364 10528 13981 19706
 12544 15354 13979 16230 19703 19705 15353 16229 10374 17976 19709 19718
 11910 19708 12545 19717 12548 13983 19707 15363 15364 10528 13981 19706
 12544 10798 13979 16230 19703 19705 15354 16229 11008 10797 19715 10374
 17976 19709 19718 11910 19708 12545 19717 13983 19707 15363 10528 13981
 19706 12544 13979 16230 19703 19705 15354 16229 11008 12927 12928 10798
 19715 10374 17976 19709 19718 11910 19708 12545 19717 12548 13982 13983
 19707 15363 13981 10528 19706 12544 13979 16230 16229 11008 12927 12928
 19715 10374 17976 19709 19718 11910 19708 12545 19717 12548 13982 13983
 15363 15364 13981 10528 19706 15362 13979 16230 19703 12544 16229 11008
 12927 16228 12928 11006 12926 10374 17976 19709 19718 11910 17975 19708
 12545 19717 12548 13982 13983 19707 15355 15356 15363 15364 13981 10528
 19706 12544 15354 19715 15362 10798 13979 16230 19703 19705 11007 16229
 11008 16228 12927 12928 19701 11006 12926 10374 17976 19709 19718 11910
 19708 12545 19717 12548 13982 13983 19707 15363 15364 13981 10528 19706
 12544 15362 10798 13979 16230 19703 19705 15354 15361 17059 11007 16229
 11008 19702 16228 12927 12928 19701 11006 12926 19715 10528 13979 13981
 13983 16230 19703 19706 11007 16229 13982 11910 11008 19702 12543 12544
 16228 12927 19708 12928 19701 15354 11006 12926 12545 19709 19717 19718
 12548 15363 15364 10798 19715 10272 12926 12928 11006 12927 19701 16228
 16229 15350 11007 13979 16230 10528 13982 12926 12927 12928 19701]"
6972,[165 166],[15812 15812]
6973,[165 166 166 166 166 166 167],[16033 10419 16033 18933 10899 18934 10419]
6974,[165],[16663]
6975,[165],[17875]
6976,[165],[18193]
6977,[165 166 166],[19852 12591 19852]
6978,[165],[20332]
6979,[166 166 166],[  81 3278 3279]
6980,[166 166 166],[ 152 3281 7935]
6981,[166],[284]
6982,[166 167 167 168 168 168 169 169 170],[ 298  298 5207  298 5207 6867 5207 6867 6867]
6983,[166],[612]
6984,[166],[1083]
6985,[166],[1667]
6986,[166 166 167 167],[2281 9407 2281 9407]
6987,[166 166],[2307 9481]
6988,[166],[2356]
6989,[166],[2357]
6990,"[166 167 167 167 168 168 168 169 169 169 170 170 170 170 170 171 171 172
 172 173 173 173 174 174 174]","[2465 2465 5518  332  332 9951 2465  332 9951 2465  332 3875 3877 9951
 9952 3877 9951  332 9951  332 9951 2465  332 9951 2465]"
6991,[166],[3191]
6992,[166 166],[3878 3880]
6993,[166],[4240]
6994,[166 167],[5259 5259]
6995,[166 167],[5525 5525]
6996,[166 166],[5528 5529]
6997,"[166 166 167 167 167 167 167 167 167 168 168 168 168 168 168 168 169 169
 170]","[6016 6018  302 6016 6018  783 2703 6019  784  302 6016  782 6018 2703
 6019  784  302 6018  302]"
6998,[166],[6195]
6999,[173],[8674]
7000,[166],[6437]
7001,[166],[6582]
7002,[166],[6772]
7003,[166 166 167 167],[7248 7249 7248 7249]
7004,[166 167 167 168],[7570 7570 7571 7571]
7005,[166 166 167 167 167 167 167 167],[7576 7577 1105 3025 7575 7576 7577 1601]
7006,[166 167 167 168],[7805 1699 7805 7805]
7007,[166],[8648]
7008,[166],[9961]
7009,[166 166],[10007 10008]
7010,[166 167 168 169],[10015 10015 10015 10015]
7011,[166],[10285]
7012,"[166 166 167 167 168 168 168 168 168 168 168 168 168 168 168 168 168 169
 169 168 169 169 169 169 169 169 169 169 169 169 169 169 169 169 169 169
 169 169 169 169 169 170 170 170 170 170 170 170 170 170 170 171 171 171
 171]","[11078 12998 12998 13584 11078 12998 16353 14184 14186 14187 18261 13584
 13585 11666 17412 17414 17413 11078 12998 15955 11664 13584 13585 18260
 18261 11666 12033 14187 13587 17412 17414 14186 17415 17413 11667 14184
 15954 17416 15955 15956 12785 11078 11664 13585 18260 18261 11666 12033
 14187 14186 14184 12033 14186 18260 14184]"
7013,[166 167 168],[11505 11505 11505]
7014,[166],[12002]
7015,[166],[12456]
7016,[166],[12724]
7017,[166 167],[13411 13411]
7018,[166],[13542]
7019,[166],[13558]
7020,[166],[15344]
7021,[166 166 167],[15800 19676 15800]
7022,[166],[16691]
7023,[166 167 168],[16862 16862 16862]
7024,[166],[17154]
7025,[166],[17331]
7026,[166 167 167 168 168 169],[19100 18937 19100 12829 19100 19100]
7027,[166],[19190]
7028,[166 167],[19477 19477]
7029,[166],[19964]
7030,[167],[140]
7031,[167 167],[1001 8644]
7032,"[167 167 167 168 168 168 168 168 169 169 169 169 169 169 170 170 170 170
 170 171 171 171 171 172]","[1405 7137 1406 1405 7137 1406 7138 3326 1405 7137 1406 7138 3326 7990
 1405 7137 1406 7138 3326 1406 3326 7137 7138 1406]"
7033,[167],[1484]
7034,[167],[1806]
7035,[167 167 168 168 169 169],[1991 8557 1991 8557 1991 8557]
7036,[167],[2398]
7037,[167],[2467]
7038,[167 168 169],[2520 2520 2520]
7039,[167],[2829]
7040,[167],[3055]
7041,[167 168 168 169],[3070 1150 3070 3070]
7042,[167],[3978]
7043,[167 168 169],[4119 4119 4119]
7044,[167 167 168 168 168 169 169 169 170 170 170 171 171],[4379 4380 4377 4379 4380 4377 4379 4380 4377 4379 4380 4379 4380]
7045,[167],[4739]
7046,[167],[4846]
7047,[167],[5571]
7048,[167],[6094]
7049,[167 168],[6212 6212]
7050,[167],[6377]
7051,[167],[8302]
7052,[167 168],[9364 9364]
7053,[167],[10704]
7054,[167],[10930]
7055,[167 168 168 168 168 168 169 169 170 171 172],[11221 11221 16611 17641 13744 13743 13743 16611 16611 16611 16611]
7056,[167 168 169],[11251 11251 11251]
7057,[167],[11452]
7058,[167],[11766]
7059,[167],[11972]
7060,[167 168 169],[12369 12369 12369]
7061,[167 167 168 168 169 169 169 169 169 169 169 169 169],"[12782 15950 12782 15950 11200 16576 11201 13120 13121 20422 20421 12783
 15950]"
7062,[167],[13794]
7063,[167 167],[14139 14140]
7064,[167],[14945]
7065,[167],[15413]
7066,[167],[16891]
7067,[167],[17598]
7068,[167],[18272]
7069,[167],[19446]
7070,[167 167],[19451 19452]
7071,[167 168 168 169],[19595 12505 19595 19595]
7072,[167],[19718]
7073,[168],[334]
7074,[168 169],[575 575]
7075,[168 168],[ 760 5976]
7076,[168 168],[1010 6426]
7077,[168],[1547]
7078,[168],[1550]
7079,[168],[1616]
7080,[168 169 169],[1897 1897 8302]
7081,[168],[2271]
7082,[168],[2346]
7083,[168],[2357]
7084,[168 168],[2657 8212]
7085,[168],[3625]
7086,[168 168 168],[3629 9057 4776]
7087,[168],[3968]
7088,"[168 169 169 169 170 170 170 170 170 170 170 170 170 170 170 170 171 171
 171 171 171 171 171 171 171 171 171 171 171 171 171 171 171 171 172 172
 172 172 172 172 172 172 172 172 172 173 173 173 173 173 173 173 173 173
 173 173 173 173 173 173 173 173 173 173 174 173 173 174 174 174 174 174
 174 174 174 174 174 174 174 174 174 174 174 174 174 174 174 174 174 174
 174 175 175 175 175 175 175 175 175 175 175 175 175 175 175 175 175 175
 175 175 175 175 175 174 175 175 175 176 176 176 176 176 176 176 176 176
 176 176 176 176 176 176 176 176 176 176 176 176 176 177 177 177 177 177
 177 177 177 177 177 177 178 178 178 178 178 179 179 180 180 180 180 180
 181 181 181 181 181]","[4439 4439 8645 4437  363 4437 2023 4436 8644 1001 4439 4438 2024 1000
 2921 2922   43 2920 2922 7423 1000 2921 1002 6406 6408 6409  363 4438
 4437 4440 4436 4441 4442 8648   43 2922 2921 1000 6408 6406 6407  363
 4437 8644 2023   43 2920 2922 1000 2921 1002 6406 6408 6409 6407 1001
 8644 4439 2023 8645 2024 4436 8643 8647   43 8656 8657 1000 2921 6406
 6408 6409 1001 4438 4439 8644 4440 2024 8645 2023 4437 4441 4442 8647
 8643 2025 8656 8649 8657 8658 2028 1000 2921 6408 6409 1001 4438 4439
 8644 4440 8645 2023 4437 4441 2025 8647 8648 8649 8656 8657 2027 4449
 4448 6416 6415 6416 8662  458 4450 4452 6415 2028 4449 4451 2029 8657
 8658 2027 8656 8660 8661 2025 1000 2921 2922 2023 4437 4439 4440  458
 4450 4452 6415 1001 6407 6408 8644 6406 2921 2922  458 1002 2922 6409
 6410 1002 2922  457 4438 6410 1002 2922  457 4442 6410 2025 1002]"
7089,[168 169 170 170 171],[5044 5044 5044 9379 5044]
7090,[168],[5568]
7091,[168],[5588]
7092,[168 168 169 169 170 170],[5869 5870 5869 5870  222 5870]
7093,[168],[7208]
7094,[168],[7275]
7095,[168 169],[7304 7304]
7096,[168],[7444]
7097,[168 169],[7725 7725]
7098,[168],[7786]
7099,[168 169],[9187 9187]
7100,[168],[9418]
7101,[168 169 170],[9643 9643 9643]
7102,[168 168 169 169 169 170 170 170 171 172],[10403 13596 10403 13596 11676 10403 11676 17430 10403 10403]
7103,[168],[10917]
7104,[168 168 169 169 169 169 169 170 170],[11721 17535 11721 13668 17535 19434 19433 11721 13668]
7105,[168],[12593]
7106,[168],[14962]
7107,[168 168 168 169 169 169 170 170 170 171],[15803 17324 17325 11616 17324 17325 11616 17324 17325 17324]
7108,[168],[16503]
7109,[168 169 170 171],[17537 17537 17537 17537]
7110,[168],[17594]
7111,[168 169],[17676 17676]
7112,[168 169],[18805 18805]
7113,[168],[19335]
7114,[168],[20244]
7115,[168 169],[20251 20251]
7116,[169 169],[1878 4127]
7117,[169],[2492]
7118,[169 170],[3025 3025]
7119,[169],[4171]
7120,[169],[4344]
7121,[169],[6271]
7122,[169],[6431]
7123,[169],[6555]
7124,[169],[6768]
7125,[169],[7445]
7126,[169],[7570]
7127,[169],[7846]
7128,[169 169 169 170 170 170 170 171 171 171],[8525 9485 9486 1979 8525 9486 9485 1979 9486 9485]
7129,[169 170],[8763 8763]
7130,[169 170],[9069 9069]
7131,[169],[9407]
7132,[169],[10038]
7133,[169],[10631]
7134,[169 169],[11037 16281]
7135,[169],[11556]
7136,[169 170],[12234 12234]
7137,[169],[12728]
7138,[169],[12763]
7139,[169 170],[13535 13535]
7140,[169 170],[13857 13857]
7141,[169 169],[15331 15333]
7142,[169 170],[15509 15509]
7143,[169],[15585]
7144,[169 170],[15622 15622]
7145,[169],[16465]
7146,[169],[16892]
7147,[169],[17875]
7148,[169],[18139]
7149,[169 170],[18231 18231]
7150,[169],[19231]
7151,[169],[20454]
7152,[170 170 171 172],[ 334 7929  334  334]
7153,[170 171 171 171 172 172],[1214 1214 6794 6874 1214 6874]
7154,[170 170 171 171],[1357 7051 7051 9965]
7155,[170],[1550]
7156,[170 171],[1702 1702]
7157,[170],[2015]
7158,"[170 170 171 172 172 173 174 171 172 172 172 173 173 173 172 172 172 172
 173 173 173 173 173 173 173 173 174 174 174 174 174 174 174 174 174 174
 174 174 174 174 174 174 174 174 174 174 174 175 175 175 175 175 175 175
 175 175 175 175 175 175 175 175 175 175 175 175 175 175 176 176 176 176
 176 176 176 176 176 176 176 176 176 176 176 176 176 176 176 176 177 177
 177 177 177 177 177 177 177 177 177 177 177 177 177 177 177 177 177 176
 177 177 177 177 178 178 178 178 178 178 178 178 178 178 178 178 178 178
 178 178 178 178 178 178 178 178 178 178 179 179 179 179 179 179 179 179
 179 179 179 179 179 179 179 179 179 179 179 179 179 179 179 179 179 179
 179 180 180 180 180 180 180 180 180 180 180 180 180 180 180 180 180 180
 180 180 180 180 180 180 180 180 180 180 181 181 181 181 181 181 181 181
 181 181 181 181 181 181 181 181 181 181 181 181 182 182 182 182 182 182
 182 182 182 182 182 182 183 183 183 183 184 184 185]","[2359 9633 9633 2359 9633 9633 9633 5248 2357 5247 5248 5247 5248 5249
 1267 6891 1268 6890 1268 6891  301 3786 9624 9627 2356 5244  301 6015
 9624 9627 2356 9626 2357 9628 5244 9625 5247 5248 9629 6890 1268 5249
 2358 7797 6891 3182 1267  301 3786 9624 9627 9628 2356 9626 2357 5248
 9629 9625 5247 2358 5249 9630 1268 6890  574 6891 9633 1267  139 9630
 2358 9629 5248 5249 1695 2357 5247  574 9626 9633 2356 9624 9625  301
 1268 6890 6891 1267  574 5247 5249 9633 2357 5248 2358 2359 9626 9629
 9630 2356 9624 9625 1695 1268 6890 6891 1267 6882 3182 3183 6882 6883
  139 3182 7797 9630 1262 1695 6882 3785  301 9624 2356 9626 9625 2357
 1268 6890 5247 5245 6891 6892 5249 1267 2359 9633  139 3182 7797 9630
 1262 1695 2358 6880 6882 3785 5249 6881 1263 6883 3784  574 5247  301
 5245 9633 5246 9624 6892 9625 2356 6890 1267  301 9624 2356 9625 5246
 6890 5245  574 6892 9633 1262 3182 6880 6882 7796 7797 6881 7794 1263
 1695 3785 9629 9630 5229 1694 2350 1267  300 7794  574 5245 6893 9633
 6892 6891 1267 6890 9625 1262 3182 7797 1695 9629 9630 3785 5248 2350
  574 5245 6893 9633 1268 6892 6891 9625 1262 3182 7796 2350  574 9633
 6892 7796  574 9633 9633]"
7159,[170 170 170],[2464 5514 5515]
7160,[170],[2614]
7161,[170],[2689]
7162,[170],[3115]
7163,[170 170],[3243 6991]
7164,[170 171],[3273 3273]
7165,[170 171 171 171 172 172 173 173],[3972  163 3972 6128  163 3972  163 6128]
7166,[170 171],[4186 4186]
7167,[170],[4210]
7168,[170],[4259]
7169,[170 171],[6035 6035]
7170,[170],[6242]
7171,[170 171],[8564 8564]
7172,[170],[9954]
7173,[170 171],[11496 11496]
7174,[170],[11817]
7175,[170],[12306]
7176,[170],[12815]
7177,[170],[13755]
7178,[170],[14195]
7179,[170 170],[14663 14664]
7180,[170],[15587]
7181,[170],[16104]
7182,[170],[16534]
7183,[170],[16917]
7184,[170 171 171],[18120 11972 18120]
7185,[170],[18806]
7186,[171 172 172 173],[   6    6 2608    6]
7187,[171],[1281]
7188,"[171 172 172 172 172 172 173 173 173 173 173 173 173 173 174 174 174 174
 174 174 174 174 174 174 174 174 175 175 175 175 175 175 175 175 175 176
 176 176 176 176 176 177 177 177 177 177 178 178 178 178 179 179 179 180]","[1697 1697 9631  302 6016 1696  302 3787 6016 1696 7800 1697 7799 9631
  302 3787 3789 6016 1696 6018 7800 6019 1697 7799  784 9631  302 6016
 6017  782 6018 1697 7799 7800 9631  302 6016 1697 7799 7800 9631  302
 1697 7799 7800 9631 1697 7799 7801 9631 1697 7799 9631 9631]"
7189,[171 171 172 172 172 172 172 173 173],[2290 9591  550 5084 5086 2290 9591  550 6794]
7190,[171],[2356]
7191,[171 171 171 172 172 172 173 173 173 174 174 174],[2398 5353 9753 2398 9752 9753 2398 9752 9753 2398 5353 9753]
7192,[171],[2687]
7193,[171 172 172 172 173 173 173],[3541 3541 7452 7453 3541 7452 7453]
7194,[171],[3785]
7195,[171],[3895]
7196,[171],[5172]
7197,[171 172],[5196 5196]
7198,[171],[5526]
7199,[171],[5588]
7200,[171],[5931]
7201,[171],[7208]
7202,[171 172],[7393 7393]
7203,[171],[7569]
7204,[171],[7572]
7205,[171 172 173 174],[7724 7724 7724 7724]
7206,[171 171 172 172 172 172 173 173 173 173 173 174 174 174 174 175 175 176],"[8088 8089 1817 8081 8088 8089   46 8081 1817 8089 8088 1817 8081 8088
 8089 1817 8081 8081]"
7207,[171 172],[8529 8529]
7208,[171],[9651]
7209,[171 171 171 171 172],[10268 18537 19454 19453 18537]
7210,[171],[11462]
7211,[171],[11744]
7212,[171 172 173],[12232 12232 12232]
7213,[171],[12664]
7214,[171],[12730]
7215,[171],[13169]
7216,[171],[13417]
7217,[171],[13684]
7218,[171],[13798]
7219,[171],[14357]
7220,[171],[15005]
7221,[171],[15042]
7222,[171 172],[15334 15334]
7223,[171 172],[16942 16942]
7224,[171],[17523]
7225,[171],[18805]
7226,[171],[19120]
7227,[171],[19385]
7228,[171 171],[19778 19779]
7229,"[172 172 172 172 172 173 173 173 173 173 173 173 174 174 174 174 174 174
 174 175 176 177]","[ 447 4391 9813 8588 9815  447 4391 6379 9813 9816 8588 9815  447 6378
 6379 9813 9816 8588 9815 9815 9815 9815]"
7230,"[172 173 173 173 173 173 174 174 174 174 174 174 174 174 174 174 174 174
 172 173 174 175 175 175 175 175 175 175 175 175 175 175 175 175 175 175
 175 175 175 175 176 176 176 176 176 176 176 176 176 176 176 176 176 176
 176 176 176 176 176 176 176 176 176 176 176 176 176 172 172 172 172 173
 173 173 173 174 174 174 175 175 175 175 176 176 176 176 176 177 177 177
 177 177 177 177 177 177 177 177 177 177 177 175 176 176 177 177 177 177
 177 177 177 177 177 177 177 177 177 177 177 177 178 178 178 178 178 178
 178 178 178 178 178 178 178 178 178 178 178 178 178 178 178 178 178 178
 178 178 178 178 178 178 178 178 178 178 178 179 179 179 179 179 179 179
 179 179 179 179 179 179 179 179 179 179 179 179 179 179 179 179 179 179
 179 180 180 180 180 180 180 180 180 180 180 180 180 178 178 178 178 178
 178 179 179 179 180 180 180 180 180 180 180 180 180 181 181 181 181 181
 181 181 181 181 181]","[  819   819  6082  3898  3900  9458   819  3896  6082  6083  3898  2739
  3900  2738 10033  9458  5587  5588  9483  9483  9483    31  2738  2740
  9458  2739   820  9484  6082  6083  6084 10028  9483   819  6080  3896
  9482  3898  5587  5588    31  2738  2740  8526  2739   820 10027  8527
  6082  6083  6084 10028  5582  8528   819  3896   340 10032  1382  5584
  7096 10030  5586  5588  9482  9483  9484  4343  4345  8530  4347  4345
  8530  4347  4348  4347  4348  8530  4347  4348  8530  4350  4347  4348
  8530  8531  4350    31  8525  8526  9485  8527  9484  4344  9483  1981
  4345  8530  8531  4347  4348 10037 10037 10038   619  5584  5586  5588
 10038  1382  5585  2492 10037  7095   820  6083  6084 10028  3896  5582
    31  2738  2740  8526  9458  9485  2739   820 10027  9484  2309  9486
  6083  6084 10028  5582  9483  3896  5581  5583  2308  9481   619  5584
  5586  5588 10038  1382  2492 10037  7095  4344  4347  4348  8530   340
  3896  6083   820  2739  2738  9457  9458  9484  9485  2309  9483  2308
  9481   619  5584  5586  5588  1382  7095  4347  4348  8530  5581  8529
 10037   340  3896  6084 10032   619  5584  5586  1382  2307  9481  5581
  8529   338  3895  6081  9455  1762  9456   338  6080  6081  6080  6081
  9456  9457  9458  9484  9485  9483 10037  1382  5584  5586  3895  6081
  3896  9457  9458  9484  9483]"
7231,[172 173 173 174 174 174 175 175 175 176 176 176 176 177 177 177 178],"[1249 1249 6857 1249 5187 6857 1249 5186 6857 1249 5186 6857 1250 1249
 5187 6857 1249]"
7232,[172],[1680]
7233,[172],[2347]
7234,[172 173 173 174],[ 2486  2486 10014  2486]
7235,[172],[2611]
7236,[172],[3182]
7237,[172 172 173 174],[3190 3191 3191 3191]
7238,[172],[3199]
7239,[172 173],[3348 3348]
7240,[172],[3363]
7241,[172],[5199]
7242,[172],[5395]
7243,[172 173 174],[5583 5583 5583]
7244,[172 173],[5644 5644]
7245,[172 172 172],[5842 5843 7395]
7246,[172 173 173 173 174 174 174],[6147 2776 6147 6148 2776 6147 6148]
7247,[172 173 173 174],[6232 6232 6233 6233]
7248,[172],[6676]
7249,[172 173],[6681 6681]
7250,[172 173],[6772 6772]
7251,[172],[7120]
7252,[172 173],[7179 7179]
7253,[172 172 173],[8043 8044 8044]
7254,[172],[9186]
7255,[172 173 173],[9456 9455 9456]
7256,[172 172],[9835 9836]
7257,[172],[9959]
7258,[172],[10032]
7259,[172],[10562]
7260,[172],[10899]
7261,[172 172 172 172 172 172 172 173 173 173 173 173],[11848 13880 17832 11850 13881 17833 17834 11848 11850 13881 17833 17835]
7262,[172],[12946]
7263,[172],[13416]
7264,[172],[14322]
7265,[172],[15457]
7266,[172],[17110]
7267,[172 173 173 173 173 174 174 174 174 175 176 176 176 177],"[17386 10871 17386 11652 15909 11652 15909 17386 17387 17387 11652 17386
 17387 17387]"
7268,[172],[17589]
7269,[172 173 173],[18053 18052 18053]
7270,[172],[18477]
7271,[172 173 173],[18507 12124 18507]
7272,[172 173 173 173 174],[19200 17504 19191 19200 19200]
7273,"[172 173 173 173 173 174 174 174 175 175 176 176 176 177 177 177 177 178
 178 178 178 178 178 179 179 179 179 180 180]","[19724 10796 15344 19724 19723 10796 19721 19723 10796 11462 10796 15344
 11462 10796 17049 19724 19723 10796 17049 19721 19723 12550 15368 12550
 15368 19723 19721 19721 19723]"
7274,[172],[19873]
7275,[173 174],[42 42]
7276,[173],[221]
7277,[173],[862]
7278,[173],[1022]
7279,[173],[1374]
7280,[173 173],[1383 7097]
7281,[173],[1484]
7282,[173],[1780]
7283,[173],[2274]
7284,[173],[2294]
7285,[173],[2325]
7286,[173],[2351]
7287,[173],[2697]
7288,[173],[3660]
7289,[173],[4417]
7290,[173 174 174],[4447 4446 4447]
7291,[173 174 174],[4534 1556 4534]
7292,[173],[5218]
7293,[173 173 174 174 175 175 176 176 177 177],[5396 5397 5396 5397 5396 5397 5396 5397 5396 5397]
7294,[173 173 174 174 174 174 174 174 175 175 175 176 176 176 177],"[6215 6217  893 6215 6217 8244 1875 4118 4118 8241 8243 1875 4118 8243
 1875]"
7295,[173],[7204]
7296,[173],[8339]
7297,[173],[8659]
7298,[173],[9187]
7299,[173],[9437]
7300,[173],[9527]
7301,[173],[9537]
7302,[173],[9640]
7303,[173],[9832]
7304,[173],[10132]
7305,[173 174 174 175 175],[10597 10597 15946 10597 17409]
7306,[173 174 174 174 174 174 174 174 175 175 175 175 175 175 175 176],"[11125 11125 14332 16440 16442 16438 16437 13043 10628 14332 16442 16441
 16440 11124 16438 16438]"
7307,"[173 173 173 173 174 174 174 174 174 174 174 175 175 175 175 175 175 175
 175 175 176 176 176 176 176 176 176 176 176 177 177 177]","[11213 16597 17624 17625 11213 16597 17628 17625 17624 17623 17622 10325
 17621 17622 17623 17624 17625 17628 16597 11213 10325 13132 17621 17622
 17623 17624 17625 10446 16597 16597 17624 17625]"
7308,[173 174 175],[11452 11452 11452]
7309,[173 173 174 174 174 174 174 174 175 175],[11620 13540 11620 13541 17329 17332 17331 20263 11620 13541]
7310,[173 174 175 175 176 176 175 175 176 176 177 177 177 177 177 178],"[12023 12023 12023 18235 12023 18235 15901 17382 15901 17382 12023 18235
 18237 15899 15901 12023]"
7311,[173 173 174 174 174 175 175 175 175],[12034 20438 12034 14188 20438 12034 14188 20437 20438]
7312,"[173 174 174 174 175 175 176 176 176 176 176 176 176 176 176 176 176 177
 177 177 177]","[12230 12230 14605 14606 12230 14605 10583 14143 18789 18792 18791 12230
 18793 14605 14606 11063 16329 12230 14605 18792 18793]"
7313,[173 173 174 174],[13107 13108 13107 13108]
7314,[173],[13421]
7315,[173],[13484]
7316,[173 173 173 174 174 174 174 174],[13995 13996 13997 11918 13995 13996 13997 17996]
7317,[173 174 175 176 177 178 179 180],[14439 14439 14439 14439 14439 14439 14439 14439]
7318,[173 173 174 174],[14586 18770 14586 18770]
7319,[173],[14589]
7320,[173],[15732]
7321,[173],[15954]
7322,[173 174 174 174],[17034 11455 15322 17034]
7323,[173 174],[17074 17074]
7324,[173],[17111]
7325,[173 174],[17537 17537]
7326,[173],[18142]
7327,[173],[18303]
7328,[173],[18651]
7329,[173 174 174 174 174 174 174 174 175 175 175 175 175 175 175 176 176],"[19449 12456 19448 19449 19450 12457 15145 12458 12456 19448 19449 19450
 12457 15145 15146 12456 15141]"
7330,[173 174 174 174 174 174 174 174 174 174 175 175 175 175 175],"[20417 10321 13119 20412 12780 20420 20419 20418 20415 20417 12781 20415
 20417 20418 20419]"
7331,[174 174],[  13 8640]
7332,[174 174 174 174 174 174 175 175 175],[ 267 3678 5954  746 7656 7646 3678 5954 7646]
7333,[174 175],[573 573]
7334,[174],[873]
7335,[174],[910]
7336,[174],[1120]
7337,[174],[1214]
7338,[174 175 175],[1632 1632 3681]
7339,[174 175],[1657 1657]
7340,[174],[1694]
7341,[174 174 175],[1700 3794 1700]
7342,[174],[2343]
7343,[174],[3661]
7344,[174],[4473]
7345,[174],[5257]
7346,[174 175],[6094 6094]
7347,[174 174 175 175 176 176 177 177 177 177 178 178 178 178 179],"[6359 6361 6359 6361 6359 6361  440 6359 6360 6361  440 6359 6360 6361
 6361]"
7348,[174],[6651]
7349,[174],[7401]
7350,[174],[7470]
7351,"[174 174 174 175 175 175 175 175 175 175 175 175 175 176 176 176 176 176
 176 176 176 176 177 177 177 177 177 178 179]","[7575 7576 7577  114 3025 7577 9059 1105 7576 1601 9058 7575 3628  114
 3025 7577 1105 7576 1601 9058 7575 3628  114 3025 9059 1105 9058 9059
 9059]"
7352,"[174 174 174 175 175 175 175 175 176 176 176 176 176 176 177 177 177 177
 178]","[8555 8556 8557 1991 8555 8556 1992 8559 1991 8555 8556 8557 1992 8559
 1991 8557 1992 8559 8557]"
7353,[174],[8623]
7354,[174],[9669]
7355,[174 174 175],[10399 13561 13561]
7356,[174 174],[10468 17711]
7357,[174 174 174 174 174 175 175 175 175 175 175 175 175 176 176],"[10829 15663 19991 19994 19993 10829 15663 17238 19991 19994 11568 19990
 19989 15663 19994]"
7358,[174 174 174 174 174 174 174 174 175],[10878 20451 20450 15975 20449 12792 13588 15973 20450]
7359,[174],[11063]
7360,"[174 174 175 176 176 176 177 177 177 177 177 177 178 178 178 178 178 178
 178 178 178 178 178 178 178 178 178 178 178 178 178 178 179 179 179 179
 179 179 179 179 179 179 179 179 179 179 179 179 179 179 179 179 179 179
 180 180 180 180 180 180 180 180 180 180 180 180 180 180 180 180 180 180
 180 180 180 180 180 180 180 180 180 180 180 180 181 181 181 181 181 181
 181 181 181 181 181 181 181 181 181 181 181]","[11078 16354 16354 10598 16354 11078 10598 16354 11078 13584 18261 14187
 10598 14184 14186 14187 18261 13584 13585 12792 15973 15974 15975 20449
 12793 20450 13588 20451 17416 20454 15954 17415 10402 13584 13588 20439
 20448 13585 11668 13587 20449 12792 17415 17416 20450 15975 15974 15954
 10878 20451 12793 15956 15958 20454 10402 13588 20439 20448 11668 13587
 20449 20438 17415 17416 20450 17414 15975 15965 20437 11667 15954 10878
 20451 12793 15974 12788 15955 15956 15958 20454 15957 12786 20455 13585
 10878 15954 15956 15958 17416 20451 20454 11667 17415 20455 11668 20450
 13587 13588 20449 13586 13584]"
7361,[174],[11645]
7362,[174 174 175],[11857 17850 17850]
7363,[174],[11861]
7364,[174 174 175 175 176],[12235 18804 12235 18804 18804]
7365,[174 174 174 174 175 175 175 175 175 175 176 176 177 178 178],"[12455 15139 19444 19443 12455 15138 15139 19444 19446 19443 12455 19446
 19446 19445 19446]"
7366,[174 174 175 175 175 175 176 176 176 176 176 176 177 177 177 177 178 179],"[12539 19692 19692 14135 19694 19697 14135 19693 19694 15342 19692 15343
 14135 19693 19692 15343 14135 14135]"
7367,[174],[12728]
7368,[174 174 174 174 175 175 175 175 176 176],[12754 20335 20336 15880 12754 20335 20336 15880 12754 20336]
7369,[174],[12788]
7370,[174 175 176],[13135 13135 13135]
7371,[174],[13747]
7372,[174],[13798]
7373,[174 174 174 175 175 175],[13902 13903 17865 13900 13902 13903]
7374,[174 175],[13915 13915]
7375,[174],[14139]
7376,[174],[14156]
7377,[174],[15191]
7378,[174],[16194]
7379,[174],[17421]
7380,[174 175],[18141 18141]
7381,[174 175 175 175 176 176 176 176 176 176 177 177 177 177 178],"[18800 14609 18799 18800 10685 15891 18800 12233 18799 14609 12233 15891
 18799 18800 18800]"
7382,[174 175 176],[18911 18911 18911]
7383,[174 175],[19205 19205]
7384,[174 175],[19429 19429]
7385,[174 175],[19432 19432]
7386,[174],[19728]
7387,[174],[19735]
7388,[174 175],[20249 20249]
7389,[174],[20445]
7390,[175],[183]
7391,[175 176],[252 252]
7392,[175 175],[ 284 5984]
7393,[175 176 177 178 178 178 179],[ 441  441  441  441 4361 4363  441]
7394,[175],[459]
7395,"[175 175 175 175 175 175 175 175 176 176 176 176 176 176 176 176 176 177
 177 177 177 177 177 177 177 177 177 177 177 177 177 177 177 177 177 177
 177 177 177 177 177 177 178 178 178 178 178 178 178 178 178 178 178 178
 178 178 178 178 178 178 178 178 178 178 178 178 178 178 179 179 179 179
 179 179 179 179 179 179 179 179 179 179 179 179 179 179 179 179 179 179
 179 180 180 180 181 181]","[ 607 5493 1351 5494 9922 2455 5491 9919  607 5493 5495 5494 9922 9923
 2455 9920  685  532 5490 5492 7038 7039 9271 2236 5491 2455 9922 7040
 1351 9268 9919 9920 9921 9923 5493 2605 5841 2456  607 5495 5840 5839
  532 5490 5492 7038 7039 9271 2236 5491 9270 2455 9922 7040 1351 9268
 9269 9919 9920 9923 5494 7041 5493 2605 2456 5495  607 9930  532 5490
 5492 7038 2236 5491 9270 2455 7040 9919 9920 9921 9923 1351  685 2605
 5841 5494 5493 5840 5495  607 5839 5837 5839 5840 5839 5840]"
7396,[175],[612]
7397,[175 176 177 178 179 180],[765 765 765 765 765 765]
7398,[175],[1257]
7399,[175],[1398]
7400,[175],[1525]
7401,[175],[1558]
7402,[175],[1635]
7403,[175],[1636]
7404,[175 175 176 176 176 177 177 177],[2614 8043 2614 8043 8044 2614 8043 8044]
7405,[175 176],[2680 2680]
7406,[175],[3302]
7407,[175 176],[4379 4379]
7408,[175],[5045]
7409,[175 175 176 176 176 177 177 177 177 178 178 178],[5081 5082 5081 5082 5079 5079 9424 5081 5082 5081 5082 9424]
7410,[175],[5281]
7411,[175],[5572]
7412,[175],[7233]
7413,[175 176 177],[7842 7842 7842]
7414,[175],[8417]
7415,[175 176],[8575 8575]
7416,[175],[9409]
7417,[175],[9640]
7418,"[175 176 176 177 177 177 177 177 177 178 178 178 179 179 180 180 180 180
 181 181]","[10403 10403 18273 10403 13596 18273 18274 11676 12039 10403 13596 18273
 10403 13596 10403 13596 18273 11676 10403 18273]"
7419,"[175 175 176 177 177 177 177 177 177 177 177 178 178 178 178 178 178 178
 178 178 178 178 178 178 178 178 178 178 178 179 179 179 179 179 179 179
 179]","[10982 16184 16184 10502 13898 16183 10981 16184 10264 11861 17858 10264
 12889 18424 12903 10982 12901 16181 16180 10981 13898 13899 10502 13900
 11861 13904 16183 17867 10983 10264 18424 10982 12901 12903 16184 16180
 13899]"
7420,[175 176],[11505 11505]
7421,[175 176],[11594 11594]
7422,[175 175 175],[11847 17827 17828]
7423,[175],[12576]
7424,[175 175 176],[12759 20374 20374]
7425,[175],[12828]
7426,[175],[13311]
7427,[175],[13484]
7428,[175],[14398]
7429,[175 176],[14594 14594]
7430,[175 175 176],[15038 15039 15039]
7431,[175],[15112]
7432,[175 176],[15331 15331]
7433,[175],[15341]
7434,[175 176],[15361 15361]
7435,[175],[15439]
7436,[175 176 177 178 179],[15812 15812 15812 15812 15812]
7437,[175 176],[17058 17058]
7438,[175 176],[17535 17535]
7439,[175],[17752]
7440,[175 175 176],[18246 18247 18247]
7441,[175],[18380]
7442,[175 175 176],[18825 18826 18825]
7443,[175],[19480]
7444,[175],[20073]
7445,[176],[175]
7446,[176 176 176],[ 177 3414 3413]
7447,[176],[559]
7448,[176 177 177 177],[1169 1169 3133 3132]
7449,[176 177 177],[1406 1406 3326]
7450,[176 177 177 178 178 179 179],[1680 1680 7759 1680 7759 1680 7759]
7451,[176],[1694]
7452,"[176 176 176 176 176 176 176 176 176 176 177 177 177 177 177 177 177 177
 177 177 177 177 177 177 178 178 178 178 178 178 178 178 178 178 178 178
 178 178 178 178 178 179 179 179 179 179 179 179 179 179 179 179]","[2245 4970 4971 9295 4969 9322 4968 8496 9290 6723   28 8496 9295 9322
 2245 9321 4970 4971 4969 4968 9290 2243 6723 2242   28 8496 9295 9322
 2245 4970 4971 4969 4967 4968 9290 2243 4966 6723 4965 4964 2242 2243
 4965 4966 9290 2245 4971 9295 4969 9322 8496 8498]"
7453,[176],[3071]
7454,[176 177],[3986 3986]
7455,[176],[4383]
7456,[176 176 177 177 177],[5139 9498 5139 9498 5141]
7457,[176],[5656]
7458,[176 177],[5919 5919]
7459,[176],[6019]
7460,[176],[6688]
7461,[176 176],[7277 7279]
7462,[176],[7394]
7463,[176 176],[7443 7537]
7464,[176],[7573]
7465,[176],[7579]
7466,[176 177],[7764 7764]
7467,[176],[8727]
7468,[176],[8762]
7469,[176],[9067]
7470,[176],[9069]
7471,[176],[9137]
7472,[176],[9743]
7473,[176 176 177],[10245 18936 10245]
7474,[176],[10872]
7475,[176 176],[11309 18378]
7476,[176 176 177],[11343 16832 16832]
7477,[176 177],[11391 11391]
7478,[176],[11477]
7479,[176 176],[12088 14299]
7480,[176 177],[12989 12989]
7481,[176 176 177],[13380 17043 17043]
7482,[176 176],[13394 17996]
7483,[176],[13485]
7484,[176],[13745]
7485,"[176 177 177 178 178 178 178 178 178 178 178 178 179 179 179 179 179 179
 179 179 179 179 179 179 179 179 179 179 180 180 180 180 180 180 180 180
 180 180 180 180 181 181 181 181 181 181 181 181]","[13822 13822 10347 10347 17749 11815 17750 17751 13822 17752 17754 17753
 10347 13221 13223 17749 11301 19112 11815 17750 17751 13822 11816 17752
 17753 17754 13825 13824 11301 11815 17749 17750 17751 13223 11816 17752
 17753 17754 13825 13824 11816 17751 17752 17754 17750 13825 17749 13824]"
7486,[176],[13995]
7487,[176],[14195]
7488,[176],[14319]
7489,[176],[14597]
7490,[176 177 177],[15087 15087 19390]
7491,[176],[15347]
7492,[176],[15876]
7493,[176],[15883]
7494,"[176 177 177 177 177 177 177 178 178 178 178 178 178 178 178 178 178 178
 178 178 178 178 178 178 178 178 178 178 179 179 179 179 179 179 179 179
 179 179 179 179 179 179 179 179 179 179 179 179 179 179 179 179 179 179
 179 179 179 179 179 179 179 179 179 179 179 179 179 179 179 179 179 178
 179 179 180 180 180 180 180 180 180 180 180 180 180 180 180 180 180 180
 180 180 180 180 180 180 180 180 180 180 180 180 180 180 180 180 180 180
 180 180 180 180 180 181 181 181 181 181 181 181 181 181 181 181 181 181
 181 181 181 181 181 181 181 181]","[15945 12031 15945 12781 20417 12782 20418 10321 13121 20421 13120 12783
 20420 15950 20419 12782 20418 20417 20415 12781 20414 15945 11663 12031
 13582 17406 18254 16577 10321 13117 13119 13121 17609 20412 20421 11199
 13120 20422 20411 12780 20420 12783 16573 16575 15952 20423 15942 15943
 20419 15950 15951 16574 16577 15941 10876 20418 12782 15949 14556 15939
 17407 20415 20417 17406 11663 20414 12781 13582 15945 12031 18254 20017
 15612 20017 10321 13121 20412 20421 11201 13120 20422 12780 20420 12783
 16576 16577 20423 16575 15952 15943 20419 15950 15951 11200 14557 16574
 10876 20418 12782 15949 18732 14556 17407 20415 20417 11663 20414 12781
 15945 12031 18254 18252 20017 10321 13121 20421 11201 13120 20422 12783
 20420 16577 20423 16575 15952 15950 15951 20419 12782 15949 20418 20417
 20415 12781]"
7495,[176],[16346]
7496,[176 177],[17323 17323]
7497,[176 177 177 178 178 178 179 179 179 179 179 180 180 180 181 181 181],"[17332 11620 17332 11620 13539 13540 11620 13539 13540 13541 17332 11620
 13541 17332 13540 13541 17332]"
7498,[176],[17859]
7499,[177 178],[120 120]
7500,[177 178 178 179 179],[ 206  206 9672  206 9672]
7501,[177 177 177],[ 281 5050 7708]
7502,"[177 178 178 178 178 178 178 178 178 179 179 179 179 179 179 179 179 179
 179 179 179 180 180 180 180 180 180 180 180 181 181 181 181 181 181 181
 181 181 181 181 182 182 182 182 182 182 182 182 182 182 183 183 183 183
 183 183 183 183 183 183 183 183 183 183 183 184 184 184 184 184 184 184
 184 184 184 184 184 184 184 184 184 184 184 184 184 184 184 185 185 185
 185 185 185 185 185 185 185 185 185 185 185 185 185 185 185 185 185 185
 185 185 185 185 185 185 185 185 185 185 183 184 184 184 185 185 185 185
 185 185 186 186 186 186 186 186 186 186 186 186 186 186 186 186 186 186
 186 186 186 186 186 186 186 186 186 186 186 186 186 186 186 186 186 186
 186 186 186 187 187 187 187 187 187 187 187 187 187 187 187 187 187 187
 187 187 187 187 187 187 187 187 187 187 187 187 187 187 187 187 187 187
 187 187 187 187 187 187 187 187 187 187 188 188 188 188 188 188 188 188
 188 188 188 188 188 188 188 188 188 188 188 188 188 188 188 188 188 188
 188 188 188 188 188 188 188 188 188 188 188 189 189 189 189 189 189 189
 189 189 189 189 189 189 189 189 189 189 189 189 189 189 189 189 189 189
 189 189 189 189 189 189 189 189 190 190 190 190 190 190 190 190 190 190
 190 190 190 190 190 190 190 190 190 190 190 190 190 190 190 190 190 190
 190 190 190 190 190 190 190 190 191 191 191 191 191 191 191 191 191 191
 191 191 191 191 191 191 191 192 192 192 192 192 192 193 193 194]","[ 332  332 9951 2465 5518 5520 2466 9954 7924  332 9951 2465 5518 5519
  610 5520 2466 9953 9957 7924 2467  332 9951 2465 5519 2466 5520 2467
 7924  332 9951 2465 5518 5519  610 5520 2466 9957 2467 9956  332 9951
 2466 5519 5520 9953 9954 5518 7924 2467 1353 3273 7045 7923 7924 1750
 9954 9952 2466 2465 5519 9951 5520 5518 2467  332 3875 3877 9951 1749
 3874 3876 1750 9952 2465 7919 7924 5519 5518 3273 9954 2466 5520 9961
 2467  334 5521  332 3875 3877 9951 3874 3876 1750 9952 2465 7919 7920
 7924 9953 5519 5518 1748 2466 5520  610 3871 9960 9957 9959 2467 9956
 9958 5522 5523 5521  334 7929 9965 5529 9965 7051 5508 5509 7051 9965
 5529 5528  332 3873 3875 3877 9951 3874 9952 2465 7919 5519 9953 5517
 5518 3872 2466 5520 7924 5516  610 9960 3273 9957 2467 9956 5522 5523
 9958 5521  334 5525 7929 5526 5528 5529 9965 7051 5508  332 3873 3875
 3877 9951 9952 2465 5519 5517 5518 2466 5520 5516  610 9954 9961 9960
 7056 9957 2468 9959 9956 2467 5525 5526 9958 5522 5523 5528 5521  334
 7928 7929 1353 3273 7045 1354 3872 5508 7051 9965 9932 9933  332 3873
 9951 2465 9952 5517 5518 1750 5516 7924 7056 3273 9954 9956 3274 2466
 2467 5522 7045 7046 9961 5523 9958 9959 5521 1354 2468  334 5525 7929
 5502 9931 9932 9933 5529 9965 7051  151 3273 7924 9954 1353 2466 7045
 5520 1354  610 5518 9960 5516 7056 2465 5517 9959 9956 9951 9952 2467
  332 5523  334 5521 7929 5526 5528 5529 9965 7051 9932 9933  151 3273
 7924 9954 1353 3274 2466 7046 5520 9961 1354  610 5518 9960 5502 5516
 7056 2465 5517 9959 9956 9951 9952 2467 5522  332 5523 5521  334 7929
 5526 5528 5529 9964 9965 7051  332 9951 2465 9952 5518 5520 2466 9960
 9961 9954 9962 7924 3273  334 5523 9956 9964  332 3873 9951 2465 3273
 9954 7924 9954 7924]"
7503,[177 177 177 178 178 178 178 178 178 178 178 179 179 179 180 180 180 180],"[1703 3800 3801 1703 3798 3800 7815 3801 7817 7812 9572 1703 7815 7812
 1703 7815 7812 7811]"
7504,[177 177],[2316 5146]
7505,[177 178],[2743 2743]
7506,[177 178 178 178],[3739 1667 3739 7730]
7507,[177],[4447]
7508,[177 177],[4461 8671]
7509,[177 178],[4534 4534]
7510,[177],[4962]
7511,"[177 178 178 178 179 179 180 180 180 181 181 181 182 182 183 183 184 184
 185]","[5162  293 5162 7763  293 5162  293 5162 6840 2321 5162 6840 2321 6840
 2321 6840 2321 6840 2321]"
7512,[177 178 178],[6720 6720 6721]
7513,[177 178 179 180 181 182 183],[6839 6839 6839 6839 6839 6839 6839]
7514,[177],[7065]
7515,[179],[7279]
7516,[177],[7794]
7517,[177],[8088]
7518,[177],[8416]
7519,[177],[9509]
7520,[177 178 178],[10363 10363 13322]
7521,[177],[10399]
7522,[177],[10507]
7523,[177 177 178],[10899 18935 10899]
7524,[177],[12020]
7525,[177 178 179],[12828 12828 12828]
7526,[177],[13903]
7527,[177],[14277]
7528,[177],[14683]
7529,[177],[15413]
7530,[177 177],[15905 20366]
7531,[177 178 178 178 178 179 179],[16852 12408 19304 19306 16852 19303 19304]
7532,[177 177],[17435 17436]
7533,[177],[17877]
7534,[177 178 178 179 179 180],[18142 18141 18142 18141 18142 18142]
7535,[177],[18651]
7536,[177 178 179],[18734 18734 18734]
7537,[177],[19183]
7538,[177],[19477]
7539,[177],[19966]
7540,[177 177],[20333 20334]
7541,[177 177],[20369 20370]
7542,[178 178 178 178 178 179 179 179],[ 612 5531 5533 5535 7064 5531 5533 7064]
7543,[178],[1176]
7544,[178],[1557]
7545,[178],[2032]
7546,[178],[2648]
7547,[178],[3071]
7548,[178 178 179],[3301 3303 3303]
7549,"[178 178 178 178 178 178 179 179 179 179 179 179 179 179 179 179 179 179
 179 179 179 179 179 179 179 179 179 179 179 180 180 180 180 180 180 180
 180 180 180 180 180 180 180 180 180 180 180 180 180 180 181 181 182 182
 182 182 182 182 183 183 183 184 184 184 184 184 184 184 184 184 184 184
 184 185 185 185 185 185 185 185 185 185 185 185 185 185 185 185 185 185
 185 185 185 185 185 186 186 186 186 186 186 186 186 186 186 186 186 186
 186 187 187 187 187]","[3879 3880 7928 6072 7052 8505   81 3278 3280 7925 7926 8506 8515 1358
 3279 8505 1751 7927 7052 7054 8504 3878 3879 8517 7053  333 3880 8518
 6072   81 3278 3280 7925 7926 8506 8515 1358 3279 8505 1751 8516 7054
 3878 3879 8517 7053  333 3880 8518 6072 1358 3278 1358 7052 8504 8505
 7053 8503 1358 5515 7053 1358 7052 8505 7053 5515 2464 5514 9947 9946
 3879 3880 7927   81 3278 7925 7926 8506 8515 1358 3279 8505 1751 7927
 7052 7054 8504 3878 3879 7053 3880 5515 9949 2464 5514   81 3278 3280
 7925 7926 8506 8515 1358 3279 8505 7052 7054 7053 5515   81 1358 7054
 7053]"
7550,[178],[4123]
7551,[178],[4137]
7552,"[178 178 178 178 179 179 179 179 179 179 179 179 179 179 179 179 179 179
 179 179 179 179 179 179 179 179 179 179 179 179 179 179 179 179 180 180
 180 180 180 180 180 180 180 180 180 180 180 180 180 180 180 180 180 180
 180 180 180 180 180 180 180 180 180 180 180 180 181 181 181 181 181 181
 181 181 181 181 181 181 182 182 182 182 182 182 182 182 183 183 183]","[4177 4181 8319 8312  402 4165 8312 8313 4176 4177 4178 4179 1902 8319
 8318 8320 8321 1903 5976 8322 4182 4183 8323 4139 1883 8267 4140 4141
 8269 1885 8270 8272 8271 8274  280 5976 8321  760 5978 8322 1903 8320
 2680 8323 4183 1902 8319 1883 4139 4178 4179 4140 4141 1885 8270 8272
 8271 8273 4143 8274 1886 4145 8276 4176 8313 8312  760 5976 5978 8322
 8323 8321 1885 8272 8273 1886 4145 8276  760 5978 8322 8323 1885 4140
 4139 1886 1885 8322 8323]"
7553,[178 179 180],[4380 4380 4380]
7554,[178],[4841]
7555,[178 179 180 180 180 181 181 182],[5138 5138 1674 5138 2313 1674 5138 1674]
7556,[178 179 179 179 179 180 180 180 180 181 181],[5142 5141 5142 9498 5144 5141 5142 5144 5145 5141 5142]
7557,[178],[5208]
7558,"[178 178 178 179 179 179 179 179 180 180 180 180 180 180 180 180 180 180
 181 181 181 181 181 181 181 181 181 182 182]","[5238 9616 9617 2353 9614 9616 9617 5238 2353 5235 9614 9616 9617 5234
 5238 5232 5233 9611 2353 5235 5236 9614 9616 9617 5238 5233 9611 9611
 9617]"
7559,[178 178],[5525 9958]
7560,[178],[5867]
7561,[178 179],[6304 6304]
7562,[178],[7083]
7563,[178],[7394]
7564,[178],[7571]
7565,[178 179 180],[8074 8074 8074]
7566,[178 179 179],[8089 8088 8089]
7567,[178],[8314]
7568,[178],[8343]
7569,[178],[8378]
7570,[178],[8417]
7571,[178],[9137]
7572,[178 179],[9410 9410]
7573,[178],[9478]
7574,[178 178],[9506 9508]
7575,[178],[9510]
7576,[178],[10266]
7577,[178],[10592]
7578,[178],[11594]
7579,[178 179],[11705 11705]
7580,[178],[12454]
7581,[178 178 179 180 181 181 182],[12539 15342 12539 12539 12539 19691 12539]
7582,[178],[12805]
7583,"[178 179 180 180 180 180 181 181 181 182 183 184 184 184 184 184 184 184
 184 184 184 184 184 185 185 185 185 185 185 185 185 185 185 185 185 185
 185 185 185 185 185 185 185 185 185 185 185 185 185 185 185 185 185 185
 185 185 185 185 185 185 185 185 185 185 185 185 185 185 185 186 186 186
 186 186 186 186 186 186 186 185 186 186 186 186 186 186 186 186 186 186
 186 186 186 186 186 186 186 186 186 186 186 186 186 186 186 186 186 186
 186 186 186 186 186 186 186 186 186 186 186 186 186 186 186 186 186 186
 186 186 186 186 186 186 186 186 186 186 186 186 186 186 186 186 186 186
 187 187 187 187 187 187 187 187 187 187 187 187 187 187 187 187 187 187
 187 187 187 187 187 187 187 187 187 187 187 187 187 187 187 187 187 187
 187 187 187 187 187 187 187 187 187 187 187 187 187 187 187 187 187 187
 187 187 187 187 187 187 187 187 187 187 187 187 188 188 188 188 188 188
 188 188 188 188 188 188 188 188 188 188 188 189 189 189 189 189 189 189
 190 190 190 190 190 190 191 191]","[12998 12998 11078 12998 16353 16354 11078 12998 16354 12998 12998 11078
 12998 16354 12791 12793 15975 20450 20453 15974 20449 20448 20439 10278
 12998 18825 11078 20053 16354 10598 14188 12034 18262 20438 10402 13584
 20439 13586 13588 20448 13587 11668 20449 12792 17414 17415 17416 20450
 15975 15973 15974 11667 15954 10878 20451 12793 12791 15972 15955 15956
 15958 20454 20453 20444 20445 15957 12786 20455 20442 10278 12998 18825
 18826 20431 12243 20053 20054 12661 20056 11671 10402 13584 13586 13588
 18262 20439 20448 11664 13585 18261 11666 13587 11668 20449 12034 20438
 12792 18260 14187 17414 17415 17416 20450 15975 14188 20437 15973 15974
 14186 11667 17413 15954 10878 20451 12793 15976 10598 12788 12791 15972
 20446 14184 15955 15956 15958 20454 20453 16354 20444 20445 16353 12785
 15957 12786 20455 20442 20456 17421 20441 11671 13590 12209 18736 18737
 10402 13584 13586 13588 18262 20439 20448 11664 13585 18261 11666 13587
 11668 20449 12034 20438 12792 18260 14187 17414 17415 17416 20450 15975
 20437 15973 15974 12033 14186 11667 15954 10878 20451 12793 15976 12788
 12791 15972 10598 15955 15956 15958 20454 20453 20444 20445 12785 15957
 12786 20455 20442 20429 20441 12209 18737 11671 18736 12967 13590 12243
 20053 20054 12661 20056 16353 18826 11666 13585 17414 11667 15955 12243
 20054 12661 20056 12791 12793 20453 15974 18261 18736 18826 20455 12786
 15957 15958 20454 20453 12793 20056 10878 20451 12793 20450 15975 15974
 12793 15974]"
7584,[178],[13382]
7585,[178 179 180],[14099 14099 14099]
7586,[178],[14748]
7587,[178],[15817]
7588,[178],[16661]
7589,[178],[16678]
7590,[178],[17378]
7591,[178],[17537]
7592,[178],[18281]
7593,[178],[18981]
7594,[178],[19154]
7595,[178],[19231]
7596,[178],[19779]
7597,[178 179 179 180],[20276 18198 20276 20276]
7598,[178],[20438]
7599,[179],[153]
7600,[179 179 180],[ 306 9571  306]
7601,[179 179],[ 566 6866]
7602,[179],[621]
7603,[179 179],[ 965 2884]
7604,[179 179 180],[1184 3103 1184]
7605,[179],[1185]
7606,[179],[1405]
7607,[179 179 180],[1477 3421 3421]
7608,[179],[1643]
7609,[179],[1696]
7610,[179 179 179 180 180 180 180 180 180 181 181 181 181 181 181 182],"[1875 4118 4907  392 4907 8243 1875 4118 4117  392 4907 6688 8243 1875
 4118 6688]"
7611,[179],[2013]
7612,[179],[2194]
7613,[179 180],[2285 2285]
7614,[179],[2316]
7615,[179],[2351]
7616,[179],[2394]
7617,[179],[2681]
7618,[179 179],[2734 2735]
7619,[179 179],[2953 7474]
7620,"[179 179 179 179 180 180 180 180 180 180 180 180 180 181 181 181 181 181
 181 181 181 182 182]","[3072 3074 4893 6681 1628 7639 7640 3070 7638 3071 3072 6681 3074 1150
 3070 3071 7639 3072 7640 6681 3074 1150 3070]"
7621,[179],[3171]
7622,[179],[3789]
7623,[179],[3862]
7624,[179 179 180],[4420 7416 4420]
7625,[179],[4505]
7626,[179],[4900]
7627,[179],[5051]
7628,[179 180 180 180 181 181],[5199 2336 5199 9570 9570 9571]
7629,[179],[5227]
7630,[179],[5510]
7631,[179 179],[5521 7929]
7632,[179],[5604]
7633,[179],[6062]
7634,[179],[6064]
7635,[179],[6092]
7636,[179 180 180 180 181],[6125  844 6125 8053 6125]
7637,[179],[6222]
7638,[179],[6249]
7639,[179 179 180 180 180],[6413 6414 6414 6415 6416]
7640,[179],[6768]
7641,[179],[7304]
7642,[179],[7423]
7643,[179],[7597]
7644,[179 180],[7769 7769]
7645,[179 179],[7933 7934]
7646,[179],[7989]
7647,[179 180],[8240 8240]
7648,[179],[9404]
7649,[179],[9588]
7650,[179],[9605]
7651,[179 180],[9832 9832]
7652,[179],[10011]
7653,[179],[10217]
7654,[179],[10710]
7655,[179 179 179 179 179 179 179 180 180],[10879 15964 17421 20445 17420 20446 13590 12791 20445]
7656,[179 179 180],[10931 20078 20078]
7657,[179],[12232]
7658,[179 179 179 179 179 180 180 180 180 180 180 180 181 181],"[12306 14777 19005 14775 12307 12306 14777 19005 19006 14779 12307 14780
 12306 12307]"
7659,[179 179 179],[12640 15593 19995]
7660,[179],[12682]
7661,[179 179 180 180 180 181 181 181 182 182 183 184],[12729 15816 10330 20259 12729 10330 20259 20260 10330 20259 20259 20259]
7662,[179],[13902]
7663,[179 180],[14170 14170]
7664,[179],[14638]
7665,[179 180 180],[14653 12253 14653]
7666,[179],[14668]
7667,[179 179],[15087 19390]
7668,[179],[16491]
7669,[179],[16536]
7670,[179 180 181 181 182 182 182 182 183 183 183 184 184],"[17323 17323 17323 17324 11616 15803 17323 17324 15803 17324 17323 15803
 17324]"
7671,[179 179],[17366 20333]
7672,[179],[17384]
7673,[179],[17494]
7674,[179],[18834]
7675,[179 180 180 181],[19258 11343 19258 19258]
7676,[179 180 181],[19780 19780 19780]
7677,[179],[19906]
7678,[179],[19988]
7679,[179],[20149]
7680,[180 180 180],[  60 7672 7673]
7681,[180],[1626]
7682,[180],[1657]
7683,[180],[1779]
7684,[180],[3001]
7685,[180 180],[3365 3366]
7686,[180],[3739]
7687,[180 181 181 182 182],[4265 4264 4265 4265 4267]
7688,[180],[4523]
7689,[180 181],[4967 4967]
7690,[180],[5064]
7691,[180 181 182 182 183],[5081 5081 5081 5082 5081]
7692,[180 180],[5420 9835]
7693,[180],[5535]
7694,[180 181 181],[5634 5634 5635]
7695,[180],[5797]
7696,[180],[6093]
7697,[180],[6444]
7698,[180],[6723]
7699,[180],[6802]
7700,[180],[7965]
7701,[180],[9201]
7702,[180 181 181],[9506 2316 9506]
7703,[180 181],[9656 9656]
7704,[180],[11178]
7705,[180],[11354]
7706,[180],[11391]
7707,[180],[11455]
7708,[180 180 180],[11859 17855 19384]
7709,[180 181 182 183 184 185 185],[12728 12728 12728 12728 12728 12728 15812]
7710,[180],[12730]
7711,[180 181 181],[14168 14168 18236]
7712,[180 181],[14195 14195]
7713,[180],[16664]
7714,[180 181 182],[17136 17136 17136]
7715,[180],[18123]
7716,[180 181],[18477 18477]
7717,[180],[20343]
7718,[181 181 181 182],[ 284 3775  778  778]
7719,[181 181],[ 440 4356]
7720,[181],[441]
7721,[181 182 182 183],[ 566  566 5204 5204]
7722,[181 181 182 182 183],[ 578 5281  578 5281 5281]
7723,[181],[607]
7724,[181 181 182 182 182 183 183 183 183 183 184 184 185 185 186 186],"[ 612 5531 5531 7064 7065 5531 5533 7064 7065 5535 5531 7064 5531 7064
 5531 7064]"
7725,[181 182 182],[ 916  916 8336]
7726,"[181 181 181 182 182 182 182 182 183 183 184 184 183 183 184 184 184 184
 184 184 184 184 184 184 184 185 185 185 185 185 185 185 185 185 185 185
 185 185 185 185 185 182 182 183 184 184 185 185 186 186 186 186 186 186
 186 186 186 186 186 186 186 186 186 186 186 186 186 186 186 186 186 186
 186 186 187 187 187 187 187 187 187 187 187 187 187 187 187 187 187 187
 187 187 187 187 187 187 187 187 188 188 188 188 188 188 188 188 188 188
 188 188 189 189 189 189 189 189 190 190 190 190 190 190 190 190 190 190
 191 191 191 191 191 191 192 192 192 192 192 193 193 192 192 193 193 193
 194 195 196 196 193 193 193 194 193 193 193 193 193 193 194 194 194 194
 194 194 194 194 194 194 194 194 194 194 195 195 195 195 195 196 196 196
 196 196 197 197 197 197 197 197 197 197 197 197 197 197 197 197 197 197
 197 197 197 197 197 198 198 198 198 198 198 198 198 198 198 198 198 198
 198 198 198 198 198 198 198 198 198 198 198 198 199 199 199 199 199 199
 199 199 199 199 200 200 200 200 200]","[1001 6407 8644 1001 6407 8644 4437 2023 4437 6407 2023 4437  457 4442
  457 4438 4440 4442 4439 4441 2025 8656 8649 8657 8658  457 4438 4440
 4442 1001 4439 2024 4441 2025 8656 6407 6408 8649 8657 4437 8658 2921
 2922 2922   43 2922   43 2922   43 2920 2922 1000 6406 6407 1001 4437
 4438 4439 6409 2023  457 4440 2024 4442 4441 2025 8656 8649 8657 8658
 2028 8659 4450 4451 1000 2921 6406 2922 6409 6407 1001 4438 4437 8644
 4439 4440 2023 8645 2024 2025 8648 8649 8656 8657 8658 2028 8659 4451
 1000 2921 1001 4439 6407 8644 2024 8645 4437 4450 4451 8657  458 4450
 4452 1000 2920 6406   43 2920 1000 6406 6408 6407 1001 6409 4437 8644
   43 2922 1000 6406 6407 1001   43 2922 2921 6408 6406   43 2922 2023
 4437 4437 6407 6406 2922 2922   43 2922  458 4450 4451  458 2025 4441
 8656 8657 2027 4447 2025 4441 4442 8649 8656 8657 4440 8658 2027 4449
 2028 4438 8659 4451  458 4450 4451 4438 4440 4438 4440 6409 2025 8656
   43 2922 2921 6408 6409 1001 6406 6407 4438 4439 8644 4437 4440 2024
 4441 4442 2025 8656 8649 8657 8658   43 2922 7423   94 8649 8658 2025
 8648 8657 8659 4441 4442 8656 4440 4438 4439 1001 6409 6407 6408 4437
 6406 1000 2023 8051   43 1000 6406 6408 2023 4437 2025 4441 4440 4438
 4437 6407 4438 4440 4441]"
7727,[181],[1400]
7728,[181],[1697]
7729,[181],[2213]
7730,[181 181],[2287 5078]
7731,[181],[2658]
7732,[181],[3668]
7733,[181 182],[4376 4376]
7734,[181],[4383]
7735,[181],[4447]
7736,[181],[4458]
7737,[181],[4921]
7738,[181],[5490]
7739,[181],[5521]
7740,[181],[5529]
7741,[181 182],[5629 5629]
7742,[181 182 182 182 183 183 183 183 184 184 184 185],[5652 1406 7138 5652 1406 3326 7137 7138 1406 7137 7138 1406]
7743,[181],[6212]
7744,[181],[7135]
7745,[181],[7729]
7746,[181],[7775]
7747,[181],[7813]
7748,[181 181 182 182 182],[7817 7818 7817 7818 9573]
7749,[181],[7934]
7750,[181],[9410]
7751,[181],[9417]
7752,[181 182],[9647 9647]
7753,[181],[9816]
7754,[181],[10460]
7755,[181],[10548]
7756,[181 182 182],[10872 10872 15911]
7757,[181],[11022]
7758,[181 182 183],[12002 12002 12002]
7759,[181],[12096]
7760,[181 182 183],[12278 12278 12278]
7761,[181 182 182 183 183],[12369 12369 19190 12369 19190]
7762,[181 182],[13535 13535]
7763,[181],[13644]
7764,[181],[13895]
7765,[181 181 182],[14042 18058 18058]
7766,[181],[14925]
7767,[181],[16099]
7768,[181],[16345]
7769,[181],[16796]
7770,[181],[17049]
7771,[181],[17853]
7772,[181],[18139]
7773,[181 181 182],[18431 18432 18431]
7774,[181],[18805]
7775,[181 182 182 183 183],[20053 18825 20053 18825 20053]
7776,[181],[20277]
7777,[182 182 183 183 183 184 184 184 185 185 185],[ 305 5272  305 5272 6907  305 5272 6907  305 5272 6907]
7778,[182],[334]
7779,[182],[541]
7780,[182],[782]
7781,[182 182 182],[ 785 6021 3796]
7782,[182 182 183],[ 864 2784  864]
7783,[182],[1019]
7784,[182],[1021]
7785,[182 183 184],[1122 1122 1122]
7786,[182],[1160]
7787,[182],[1587]
7788,[182],[1762]
7789,[182],[1897]
7790,"[182 182 182 183 183 184 184 184 184 184 185 185 185 185 186 186 186 186
 186 186 186 186 187 187 187 187 187 188 188 188 188 189 189 189 189 190
 190 190 190 190 191 191 191 192 192]","[1979 4343 4345 4343 4345 1979 4344 8525 9486 4345 1979 4344 8525 8527
 1979 4343 4344 8525 9486 1981 9485 9484 4343 4345 8530 9484 9486 4343
 4344 4345 8530 4343 4345 8530 4347 4343 4345 8530 4347 4348 4345 8530
 4347 4345 4347]"
7791,[182 182 182 182 183 183 183 183 184 184 184],[1991 8557 1992 8559 1991 8557 1992 8559 1991 8557 8559]
7792,[182 182],[ 2523 10126]
7793,[182],[3464]
7794,[182],[4199]
7795,[182],[5021]
7796,[182 183],[5042 5042]
7797,[182],[5165]
7798,[182 183 184 184 184 184 184 185 185 185 186],[ 5655  5655  2520  5655 10123  2522 10122  2522 10122 10123 10122]
7799,[182 183 183],[6080 6080 9456]
7800,[182],[6359]
7801,[182],[6432]
7802,[182],[6770]
7803,[182],[7098]
7804,[182],[8183]
7805,[182],[9221]
7806,[182],[9411]
7807,[182 183],[9478 9478]
7808,[182],[9527]
7809,[182],[9921]
7810,[182 183],[10298 10298]
7811,[182],[10710]
7812,[182 183 184],[10987 10987 10987]
7813,[182],[11256]
7814,[182 182 182 183 183 183],[11450 17026 17027 11450 17024 17027]
7815,[182],[11652]
7816,[182],[11704]
7817,[182],[12456]
7818,[182],[13168]
7819,[182 183],[13416 13416]
7820,[182],[13645]
7821,[182 183],[14324 14324]
7822,[182],[15139]
7823,[182],[15348]
7824,[182],[15816]
7825,[182],[16798]
7826,[182],[18238]
7827,[182],[18309]
7828,[182],[18861]
7829,[182],[19141]
7830,[182],[19154]
7831,[182 182 183],[19315 19316 19315]
7832,[182 183 183 183 183 184 184 185],[19803 12576 15437 19803 15439 12576 15437 15437]
7833,[183],[523]
7834,[183],[659]
7835,[183 183 183 183 184],[1635 3684 7656 7657 7656]
7836,[183],[1943]
7837,[183 184 184 185 186 186 187 188],[2056 2056 8738 2056 2056 4516 2056 2056]
7838,"[183 183 184 185 185 185 185 186 186 186 186 186 187 187 187 187 187 188
 188 188 189 190 191 190 191 191 191 192 192 192 192 192 192 192 192 192
 192 192 192 193 193 193 193 193 193 193 193 193 193 193 193 194 194 194
 194 194 195 195 195 195 196 197 198 199 199 199 200 200 200 201 201 201
 201 202 202 202 202 202 202 203 203 203 203 203 203 204 204 204 204 204
 204 204 204 204 205 205 205 205 205 205 205 205 205 205 205 205 205 206
 206 206 204 205 206 206 206 206 206 206 207 207 207 207 207 207 207 207
 207 207 207 208 208 208 208 208 208 208 209 209 209 210 210]","[3072 3074 3072 3071 3072 6681 4893 3071 3072 6681 3073 4893 1152 3071
 3072 6681 4893 3071 3072 3074 3071 3071 3071  522  522 6677 4896  522
 4889 9201 4896 4895 4893 6681 1152 3071 3072 1149 2211 1149 9196 2211
 9197 4892 9200 9201 4896 3071 3072 6681 4893 1149 3071 3072 6681 4893
 1149 3070 3072 6681 6681 6681 6681 3071 6681 4893 3071 3072 6681 3071
 3072 6681 3074 1152 3072 6681 3074 4893 4895 3072 3074 4895 4896 6681
 4921 3074 9231 4921 4893 4895 4896 4897 9202 1152  523 4893 4897 6682
 6681 2213 4896 1152 6684 9202 9201 1153 3074 1152 6681 4893 9193 9193
 2210 9193 9201 9202 9192 4897 1152 3072 6681 3074 4893 2210 9193 9201
 9202 2213 4897 1152 3072 6681 4896 9201 9202 9193 3072 4893 6681 3072
 4893]"
7839,[183],[3187]
7840,[183],[4380]
7841,[183],[4491]
7842,[183],[4594]
7843,[183],[4685]
7844,[183],[4771]
7845,[183],[5106]
7846,[183],[5997]
7847,[183 184],[7807 7807]
7848,[183],[8265]
7849,[183],[8905]
7850,[183],[9631]
7851,[183],[9717]
7852,[183 184],[10506 10506]
7853,[183],[11033]
7854,[183],[11123]
7855,[183 183 184 184 184 184 184 184],[12306 12307 12306 19005 19006 14779 12307 14780]
7856,[183],[12348]
7857,[183],[12599]
7858,[183],[13176]
7859,[183 183 184],[13640 13641 13640]
7860,[183 184 184 185 185 186 186 187 187 187 188],[13895 13895 13896 13895 13896 13895 13896 11858 13895 13896 13895]
7861,[183],[14354]
7862,[183 184],[14460 14460]
7863,[183 183 184],[14856 14858 14858]
7864,[183 184 184 184 184 184],[14926 14926 14927 14929 19197 19196]
7865,[183],[15003]
7866,[183],[15161]
7867,[183],[15331]
7868,[183],[15649]
7869,[183],[16272]
7870,[183],[16278]
7871,[183],[18804]
7872,[183],[19698]
7873,"[183 183 184 184 184 184 184 184 184 184 185 185 185 185 185 185 185 185
 185 185 185 185 185 185 185 185 185 185 185 185 185 185 185 185 185 185
 185 185 185 185 185 185 185 185 185 185 185 186 186 186 186 186 186 186
 186 186 186 186 186 186 186 186 186 186 186 186 186 186 186 186 186 186
 186 186 186 186 186 186 186 186 186 186 186 186 186 186 186 186 186 186
 186 186 187 187 187 187 187 187 187 187 187 187 187 187 187 187 187 187
 187 187 187 187 187 187 187 187 187 187 187 187 187 187 187 187 187 187
 187 187 187 187 188 188 188 188 188 188 188 188 188 189 189 189 190 190]","[20415 20418 20414 20415 20417 20418 20419 10321 13119 11199 10321 13119
 13121 20412 20421 11199 13120 11201 20422 12780 20420 12783 16573 16575
 16576 20419 15950 15951 16574 11200 14557 12782 20418 15949 14556 18732
 14558 20417 20415 12207 14555 18733 12781 20414 18730 15945 11979 10321
 13119 13121 17609 20412 20421 11199 13120 11201 20422 20411 12780 20420
 12783 16573 16575 16576 20423 15952 15943 20419 15950 15951 16574 11200
 14557 10876 20418 12782 15949 14556 18732 14558 20415 20417 12207 14555
 18733 12781 20414 18730 18731 15945 11979 14097 10321 13119 13121 20412
 20421 11199 13120 11201 20422 12780 20420 12783 16573 16575 16576 20423
 15952 15943 20419 15950 15951 16574 11200 10876 20418 12782 15949 14556
 18732 20415 20417 12207 14555 12781 20414 18731 15945 12031 12031 15945
 20413 12781 20414 20417 12782 20418 15950 12031 15945 20414 12781 20414]"
7874,[184 184 184],[ 250 8207 8206]
7875,"[184 184 184 184 184 184 184 185 185 185 185 185 185 185 185 185 185 185
 185 185 185 185 185 185 185 185 185 185 185 185 186 186 186 186 186 186
 186 186 186 186 186 186 186 186 186 186 186 186 186 186 186 186 186 186
 186 187 187 187 187 187 187 187 187 187 187 184 185 185 185 186 186 186
 187 187 187 187 187 187 187 187 187 187 187 187 187 187 187 187 187 187
 187 187 187 187 187 187 187 188 188 188 188 188 188 185 185 185 185 185
 185 185 186 186 186 186 186 186 186 186 186 186 187 187 187 187 187 187
 187 187 187 187 187 187 187 187 187 187 187 187 188 188 188 188 188 188
 188 188 188 188 188 188 188 188 188 188 188 188 188 188 188 188 188 188
 188 188 188 188 188 188 188 188 188 188 188 188 188 188 187 188 189 189
 189 189 189 189 189 189 189 189 189 189 189 189 189 189 189 189 189 189
 189 189 189 189 189 189 189 189 189 189 189 189 189 189 189 189 189 189
 189 189 189 189 189 189 190 190 190 190 190 190 190 190 190 190 190 190
 190 190 190 190 190 190 190 190 190 190 190 190 190 190 190 190 190 190
 190 190 190 190 190 190 190 190 191 191 191 191 191 191 191 191 191 191
 191 191 191 191 191 191 191 191 189 190 191 191 191 191 191 191 191 191
 191 191 192 192 192 192 192 192 192 192 192 192 192 192 192 192 192 193
 193 193 193 193 193 193 194 194 194 194 194 194 194 194 194 194 194 194
 194 194 194 194 194 194 195 195 195 195 195 195 195 195 195 195 195 195
 195 195 194 194 195 195 195 195 195 195 195 195 195 195 196 196 196 196
 196 196 196 196 196 196 196 196 196 196 196 196 196 196 196 196 197 197
 197 197 197 197 197 197 197 197 197 197 197 197 197 198 198 198 198 198
 198 199 199 199 200]","[  342  7098  7099  7961  2494 10037 10036   342  5589  5591  7098  7099
  7961  7964  7960  2494  7965  1767  7963  1768 10037  7962  3905  3906
 10036   343   823  2743  6092  6093   342  5589  5591  7098  7099  7961
  7964  7960  2494  1767  7963  7962  3905   822  6088   823  2743  2744
  6091  2745  6092  6090  6093  3303 10036    39  2743  2745   823  2744
   825  6091  6092  6093  6090  1382  1382  5584  5586  1382  5585  7096
   342  5589  5591  7098  7099  7961  7964  2494  1767  7963  1768 10037
 10038  7962 10036   619 10041   822  3303  5588  3302  5587  2492  5585
  1382   342  5589  5591  7098  7099  2494   152  3281  3285  7936  7934
  1367  7068   152  3281  3283  3285  7935  7936  7934  9982  1367  7068
   152  3281  3283  3285  3287  7935  7936  7934  3284  1365  3286  1367
  9982  7065  7068   612  5535  2472   612  5535  5537  7065  7066  2472
  5536  2473  9976  1365  7067  9972  9973  9974  3284  3285  3286  7068
  2745   825  6093  3283  3287  1367  2743  2744  6092  7936  9982  6091
  7935  7934  1382  3303 10036  3905  7962  7963  7938  7938   152  3285
  3287  7936  1365  3286  1367  9982  1756  7065  7068  7938   612  7066
  5535  5537  9976  2472  5536  2473  9972  9973  9974  2745   825  2743
  2744  6092   823  6091  6088  6090  3904  3906  1768  7963  1767   342
  5589  5591  7098 10036 10037 10038   152  3281  3287  7935  7936  3286
  1365  7065   612  7066  5535  5537  1366  9976  2472  5536  2473  9972
  9973  9974  2745   825  6093  2743  6092   342  5589  5591  7098  7961
  1767  7963  1768  3905   822  6090 10036 10038   342  5589  5591  7098
   612  5537  7065  7066  2473  5536  9976  1365  7067  1366  9974  2472
  9973  9972  5586  5586   619  5586 10038  5585  1767  7962  7963  1768
  6090 10036   342  5589  5591  7961  1767  7963  7962   822  2472  5535
  6090  7065  7066  9976 10036   342  5589  5591  7098  1767  6090 10036
   823  2743  2744  6088  6091  2745  6092  6090  9972  2472  1767  1768
  3905  3906  7964  7098  5589 10036   342  5589   822  3904  6088  7962
  6089   823  1767  7963  6091  2743  1768  6092  2473  9974  1366  7066
  7067  9976  5537  2473  5536  2472  9972 10036   342  5591   822  3904
  3905  6088  7962  6089  1768  7963   823  1767  6090  6091  2744  6092
  2473  9974  7067 10036   342  5589  2473  5537  9974  9976  7066  2743
  2744  6091  6092  3904  3905 10036  7100   342  5589  7099  7100  1384
 10036  1384  7966  5589  7966]"
7876,[184],[619]
7877,[184],[941]
7878,[184],[1219]
7879,[184 185],[1604 1604]
7880,"[184 184 184 185 185 185 185 185 185 185 185 185 186 186 186 186 186 186
 186 187 187 187 187 187 187 187 188 188 188 188 188 188 188 188 188 188
 188 188 188 188 188 188 189 189 189 189 189 189 189 189 189 189 189 189
 189 189 189 189 189 189 189 189 189 189 189 189 189 189 189 189 189 189
 189 189 187 188 189 189 189 189 188 188 189 189 189 189 189 189 189 190
 190 190 190 190 190 190 190 190 190 190 190 190 190 190 190 190 190 190
 190 190 190 190 190 190 190 190 190 190 190 190 190 190 190 190 190 190
 190 190 190 190 190 190 190 190 190 190 190 190 190 190 190 190 190 190
 190 190 190 191 191 191 191 191 191 191 191 191 191 191 191 191 191 191
 191 191 191 191 191 191 191 191 191 191 191 191 191 191 191 191 191 191
 191 191 191 191 191 191 191 191 191 191 191 191 191 191 191 191 191 191
 191 191 191 191 190 191 191 192 192 192 192 192 192 192 192 192 192 192
 192 192 192 192 192 192 192 192 192 192 192 192 192 192 192 192 192 192
 192 192 192 192 192 192 192 192 192 192 192 192 192 192 192 192 192 192
 192 192 192 192 192 192 192 192 192 192 192 192 192 192 192 192 192 192
 192 192 192 192 192 192 192 192 192 192 192 193 193 193 193 193 193 193
 193 193 193 193 193 193 193 193 193 193 193 193 193 193 193 193 193 193
 193 193 193 193 193 193 193 193 193 193 193 193 193 193 193 193 193 193
 193 193 193 193 193 193 193 193 193 193 193 193 193 193 193 193 193 193
 193 193 193 193 193 194 194 194 194 194 194 194 194 194 194 194 194 194
 194 194 194 194 194 194 194 194 194 194 194 194 194 194 194 194 194 194
 194 194 194 194 194 194 194 194 194 194 194 194 195 195 195 195 195 195
 195 195 195 195 195 195 195 195 195 195 195 195 195 195 195 195 195 195
 195 195 195 195 195 195 195 195 195 195 195 195 196 196 196 196 196 196
 196 196 196 196 196 196 196 196 196 196 196 196 196 196 196 196 196 196
 196 196 196 196 196 196 197 197 197 197 197 197 197 197 197 197 197 197
 197 197 197 197 197 197 197 197 197 197 197 198 198 198 198 198 198 198
 198 198 198 198 198 198 198 198 199 199 199 199 199 199 199 199 200 200
 201 201 201 202 202 203 203 204 204 204 205 205 206]","[ 1762  3895  6081   338  3893  3895  6080  9455  3894  9456  7949  5105
   338  3895  6080  6081  9455  9456  9457   338  9452  9455  2299  9456
  9457  2738   338  3893  3895  6080  6081  9452  9455  9456  9454  2299
  5105  9457  5103  2738  2485  7950   338  3893  3895  6080  6081  9452
  9455  1760  3894  9451  1762  7951   818  9456  2298  9454  2299  7949
  7950  7952  9457  5105  9453  5103  5104  1761  5566  1763  9458  5567
  5568  2485  9477  9477  3139  3140  3141  9477  5564 10014   616  5565
  7083 10014  2484  5564 10015   338  3893  3895  6080  6081  9452  9455
  1760  3894  9451  1762  7951   818  9456  9454  2299  7946  7948  9450
  7949  5100  7950  7952  3897  9457  5105  5103  9453  7947  1761  5566
  3896  3898  2300 10009  5567  5568  3900  9483  1375  2485  9482  7082
  7083  9479  5561   616  9478  5563  5565 10014  1221  5564  2484  3140
  3141  1219  3139   338  3893  3895  6080  6081  9452  9455  1760  9451
  1762  7951   818  6082  9456   819  2298  9454  2299  7946  9450  7949
  7952  3897  9457  5105  7947  5566  1763  3898  2300  9458 10009  5567
  5568  9483  9484  1375  2485  9482  7083   616  5561  5563  5565 10014
  1374  5564  2484  7080 10006 10007 10005  1221  9478  3139  9436  5088
  9436    88  7400  1526 10007  3503 10006  2484  5564 10005  2483  5565
  5563 10002 10004  5562   616 10014  5561  2482 10001 10003  1374  7083
  7082  5559  5560  7080  7081  1375  3294  5558   551 10009  3293  9434
  5567  9436  2485  5566  5568  5088  7949  7950  5087  1762  7952  6798
  7951  1763  3897   819  6081  3898  3896  6082  6083  6080   340  3900
  6084   818  9456 10033  9457  2299  2492  2300  9458  9454  9483  9484
  2298  9452  9482  9450  9478    88  7400  1526 10007 10006  2484  5564
  2483 10005  5565  5563  5562 10004 10002   616 10014  5561  1374 10003
  2482 10001  7083  7082  7080  7081  5560  5559  1375  5558 10009  9434
  1761  5567  9436  5566  7949  2485  5568  5088  7950  1762  7952  3895
  7951  1763  3897  6081   819  3898  6080  6082  3900   818  9456 10033
  9457  2300  9458  9483  9484  9485  9482  8525  9486  1979  9452   616
  5561  5563  5565 10014  5562  2483  5564  2484 10003 10004 10005 10006
 10007 10008  2482  5560 10002  1526  7400  5559  5558  9434  9436   818
  6082   819  3897  3898  1761  5566  5567  7949 10009  7950  2485  1762
  3894  9458  9484  9485  9483 10033   208  3501  3503 10002 10005  1526
 10006  2482 10001 10004  2483  7399  7400 10007  5564  5559  5562  5563
  2899 10008  2484  5565  5558  5561   616  9434  9436   819  6082  1762
  7950  5566  2485  3898  9458  9484   208  3501  3503  5846 10002 10005
  1525  3502  1526 10006 10001  2482  2483  7399  7400 10007  5564  5559
  5562  5563   979  2484  5565  5558   616 10014  9434  7083  9436  5088
   552  5087  5088  9436  9434  5558   616  5563  5565 10011 10014  2483
  5564  2484   979  2899  7399  7400  1526  3502  3503  1525  3501   552
  5087  5088  9436  1525  3501  3502  7399  5564  5565  5567  5568 10010
  7083 10011   616  7083 10011 10010  5087  5088  6798  9436  5087  5088
  5088  9436  9434  9434  9436  9434  9436  5558  9434  9436  9434  9436
  9436]"
7881,[184],[1853]
7882,[184 185 186],[1919 1919 1919]
7883,[184],[2836]
7884,[184],[5289]
7885,[184],[6201]
7886,[184],[6265]
7887,[184 185],[6307 6307]
7888,[184],[6406]
7889,[184 185],[6522 6522]
7890,[184],[6687]
7891,[184],[6694]
7892,[184 185],[7133 7133]
7893,"[184 185 185 185 186 186 186 186 186 187 187 187 187 187 188 188 188 188
 188 188 189 189]","[8302 8302 8303 8304 1897 4166 8302 8303 8304 1897 4166 8302 8303 8304
 1897 4166 4168 8302 8303 8304 8303 8304]"
7894,[184],[8347]
7895,[184],[8383]
7896,[184],[8763]
7897,[184],[8778]
7898,[184],[8959]
7899,[184 184 185],[9479 9482 9482]
7900,[184 185 186],[9630 9630 9630]
7901,"[184 184 185 185 184 184 184 184 184 184 184 184 185 185 185 185 185 185
 185 185 185 185 185 185 185 185 185 185 185 185 185 185 185 186 186 186
 186 186 186 186 186 186 186 186 186 186 186 186 186 186 186 186 186 186
 186 186 186 186 186 186 186 186 186 187 187 187 187 187 187 187 187 187
 187 187 187 187 187 187 187 187 187 187 187 187 187 187 187 188 188 188
 189 189]","[11681 17439 11681 17439 12800 15995 20473 20474 15997 17435 17436 17437
 11680 15993 17436 17437 20470 12800 17435 15995 20473 15996 20474 12798
 15997 15998 20466 20475 20465 20476 11987 12043 20383 10883 15996 17439
 12801 15997 11681 20474 20475 20476 13600 13601 12798 20466 20473 11679
 17437 20465 12800 17435 18281 11680 17436 11987 15993 14202 20470 14203
 20382 20383 15919 11679 13600 17435 17437 18281 18282 11681 13601 17438
 17436 11680 12043 18283 17439 15993 12800 20473 12798 20474 20465 20466
 20475 20476 15997 11679 13601 18283 11679 13601]"
7902,[184],[12281]
7903,[184 184 185],[14060 18085 14060]
7904,"[184 184 184 185 185 185 185 185 185 185 185 185 185 185 185 186 186 186
 186 186 186 186 186 186 186 186 186 186 186 186 186 186 186 187 187 187
 187 187 187 187 187 187 187 187 187 187 187 187 187 187 188 188 188 188
 188 189 189 189]","[14195 18272 18273 10403 13596 13598 18273 18274 11676 12039 18272 14195
 10881 17431 12796 10403 13596 13598 18273 18274 11676 12039 18272 17430
 14195 14196 17431 14194 15983 14192 12796 11080 16357 10403 13596 13598
 18273 18274 11676 12039 18272 17430 14195 17431 14194 15983 14192 12796
 11080 16357 10403 13596 11676 11080 14195 11080 16357 14195]"
7905,[184],[14302]
7906,[184 185],[14370 14370]
7907,[184],[15447]
7908,[184 185 185 186],[15488 15488 15489 15488]
7909,[184],[15580]
7910,[184],[16060]
7911,[184],[16458]
7912,[184 185 185 186 187],[17265 15705 17265 15705 15705]
7913,[184 185 185 186],[17973 11909 17973 17973]
7914,[184 185],[18026 18026]
7915,[184],[18056]
7916,[184 185],[18477 18477]
7917,[184 185],[18496 18496]
7918,[184],[18763]
7919,[184],[19178]
7920,[184],[19724]
7921,[184],[19896]
7922,[184 185 185],[19980 15583 19980]
7923,[184],[20032]
7924,[185 186],[817 817]
7925,"[185 185 185 186 186 186 186 186 187 187 187 187 187 187 188 188 188 188
 188]","[ 909 8307 8308  909 2828 8307 8308 1899  909 2828 2829 8307 8308 4171
  909 2828 2829 8307 8308]"
7926,[185],[1160]
7927,[185 185 186 186 186 186 187 187 187 187 187 188 188 188 188 189 189 190],"[1341 5464 1341 5464 2443 9887 1341 5464 7022 2443 9887 1341 5464 2443
 9887 1341 5464 1341]"
7928,[185 186 186 186 187 187 187 187 187 188 188 188 188 188 188 189],"[1370 1370 3289 7943 1368 3289 7943 7944 1370 1368 3289 7070 7944 1370
 3891 1370]"
7929,[185 186],[1398 1398]
7930,[185 185 185 185],[1677 7755 9409 9408]
7931,[185],[1694]
7932,[185],[1866]
7933,[185],[2045]
7934,[185 186 187 188 189 190 191 191],[2194 2194 2194 2194 2194 2194 2194 9144]
7935,[185 186 186],[ 2500  2500 10058]
7936,[185],[2900]
7937,[185],[3137]
7938,[185 186 187 187],[3210 3210 3210 8419]
7939,[185],[3566]
7940,[185],[4216]
7941,[185],[4263]
7942,[185],[4347]
7943,[185],[4535]
7944,[185 186],[4771 4771]
7945,[185],[4907]
7946,[185 186 186],[4921 4921 9231]
7947,[185],[5034]
7948,[185],[5103]
7949,[185 186],[5204 5204]
7950,[185 185],[5245 6892]
7951,[185 186 186],[5249 5247 5249]
7952,[185 185],[5324 9717]
7953,[185 185],[6362 6363]
7954,[185],[6503]
7955,[185],[6766]
7956,[185 186],[7312 7312]
7957,[185],[7577]
7958,[185 186 187],[7810 7810 7810]
7959,[185],[8088]
7960,[185],[8202]
7961,[185 186 187 187 187 187 188 188],[8348 8348 4199 4201 8347 8348 8347 8348]
7962,[185],[9054]
7963,[185],[9631]
7964,"[185 185 185 185 185 185 186 186 186 186 186 186 186 186 187 187 187 187
 187 187 188 188 188 189 189 189 189 190 191]","[10568 15695 15697 17258 18142 11981 10568 15695 15697 17258 18139 18142
 18138 11981 10568 15695 15697 18139 18138 11981 10568 15695 18139 10568
 15695 18139 11981 11981 11981]"
7965,[185],[10575]
7966,[185 186 186 187 188 189 190],[10593 10593 16345 16345 16345 16345 16345]
7967,[185 185 185 185],[10625 16848 18428 16850]
7968,[185 185 185 186 186 186 186 187],[10841 20126 20125 10841 17252 20126 20125 10841]
7969,[185],[11123]
7970,[185 185 185],[11449 13370 11451]
7971,[185 185 186 186],[11582 13501 11582 13501]
7972,[185 185 185 186 186 186 186 186 186 186 186 186 187 187 187 187 187 187],"[11590 15728 12694 11590 15728 20154 12694 15729 20155 15730 12696 20160
 12694 15728 15729 20155 12696 20160]"
7973,[185 185 185 186 186 186 186 187 187 187 187 187 187],"[11652 15909 17386 11652 15909 15910 17386 10871 17386 11652 15909 15910
 12767]"
7974,[185 185 186],[11708 13645 13645]
7975,[185 185 185 185 185],[11712 13651 13652 17511 17512]
7976,[185 186 187 187],[12278 12278 12278 18925]
7977,[185 185 186 186],[12284 19591 12284 18939]
7978,"[185 186 186 186 187 187 187 188 188 188 188 189 189 190 190 190 191 192
 192 193 193 193 193 193 193 193 193 194 194 194 194 194 194 195]","[12754 12754 20336 12755 12754 20336 15880 12754 20336 15880 15881 12754
 20336 12754 20336 15880 12754 12754 15877 12754 15877 20336 12755 15881
 15883 15885 12757 12754 20333 20334 12757 15885 15883 12757]"
7979,[185 186],[12860 12860]
7980,[185],[13456]
7981,[185 186],[14121 14121]
7982,[185 186],[15261 15261]
7983,[185],[15301]
7984,[185],[15520]
7985,[185 186 186],[15764 11994 15764]
7986,[185],[16518]
7987,[185 186 187],[17150 17150 17150]
7988,[185],[17152]
7989,[185 186 187],[17535 17535 17535]
7990,[185],[17788]
7991,[185],[18120]
7992,[185 186 187],[18153 18153 18153]
7993,[185],[18245]
7994,[185],[19965]
7995,[186 186 186],[  66 2837 2841]
7996,[186],[114]
7997,"[186 186 187 187 187 187 187 187 188 188 188 188 188 188 188 189 189 189
 189 190 190 190]","[ 183 6248  183 6246 6247  910 6248 8310  183 6246 6247  910 6248 2830
 2831  183 6246 6248 2831  183 6246 6248]"
7998,"[186 186 186 186 186 186 186 186 186 186 186 186 186 186 186 186 186 186
 186 187 187 187 187 187 187 187 187 187 187 187 187 187 187 187 187 187
 187 187 187 187 187 187 187 187 188 188 188 188 188 188 188 188 188 188
 188 188 188 188 188 188 188 189 189]","[ 201 6341 6342 7372 7375  963 6343 7376 8510 7371 7374 2883 2884 3481
 7370 2885  965 2886 6345  201 4328 6341 6342 7372 7375 7371  963 6343
 7376  964 8510 7374 1515 3481 7370 2883 2884 7377 6344 7373 2885  965
 6345 2886  201 6341 7372 7375 7376 7371 7374 1515 7377 7370 7373 2883
 2885  965 2886 6345 6347 2886 7373]"
7999,[186 186 186 186 187 187 188 188],[ 225 3546 3552 1557  225 3552  225 3552]
8000,[186 187 187],[ 440  440 4356]
8001,[186 186 186 187 187 187 187 187 188 188 188],[ 760 5976 5978  760 2680 5976 5978 8321  760 5976 5978]
8002,[186],[941]
8003,[186],[1122]
8004,[186 186 187 187 187 187 187 188 188 189 190],[1350 9929 1350 3270 3271 1352 9929 1352 9929 9929 9929]
8005,"[186 187 187 187 187 188 188 188 188 189 189 189 189 189 190 190 191 191
 191 191 192 192 192 192 193 193 193 193 193 193 193 194 194 194 195 195]","[1482 1482 3428 3429 7299 1482 3428 7299 7300 3428 3429 7299 3431 7300
 3428 3429 3428 3429 7297 7298 3428 3429 7297 7298 1482 3428 3429 7298
 7299 7300 3431 1482 7299 3431 1482 3431]"
8006,[186],[1746]
8007,[186 186 187 187 188],[1889 8282 1889 8282 1889]
8008,[186 186 186 186 186 187 187 187 187 187 188 188],[2210 9193 9201 9202 4896 2210 9201 9202 4896 4897 2210 9202]
8009,[186 186],[2244 4968]
8010,[186 187 187 188 189 189 189],[2456 2456 5495 2456 2456 5495 9924]
8011,[186 187 187],[2735 2735 2737]
8012,[186 187 187 188],[2819 2819 2820 2819]
8013,[186],[3040]
8014,[186],[3908]
8015,[186],[4174]
8016,[186 186],[4209 6269]
8017,[186 187 187 187 188 189 189 189],[4486 2045 4486 4487 4486 4486 8704 8705]
8018,[186 187],[4605 4605]
8019,[186],[5238]
8020,[186],[5335]
8021,[186 187],[5395 5395]
8022,[186 187 187 187],[6274  188 4217 6274]
8023,[186 187 187 187 188 188 188 189 189 189 190],[6361 6361 6362 6363 6359 6361 6362 6359 6361 6362 6362]
8024,[186],[6507]
8025,[186],[6696]
8026,[186 187],[7445 7445]
8027,[186],[7472]
8028,[186 187 187 188 188 189],[7940 7940 7941 7940 7941 7940]
8029,[186],[8272]
8030,[186],[8838]
8031,[186],[8959]
8032,[186 187 187 187 188 188 188],[9393 1199 3119 9393 1199 6767 9394]
8033,[186],[9476]
8034,[186 187],[9481 9481]
8035,[186],[9550]
8036,[186 187 188 189],[9942 9942 9942 9942]
8037,[186 186 187],[10363 13324 13324]
8038,[186 186],[10819 17148]
8039,[186 186 186 186 187 187 187 187],[10907 16048 16049 16050 10907 16048 16049 16050]
8040,[186],[11003]
8041,[188],[18708]
8042,[186 186 187],[11315 14897 14897]
8043,[186],[11614]
8044,[186 187],[11948 11948]
8045,[186 186 186 187 187 188 188 189],[12023 18236 18237 18236 18237 18236 18237 18237]
8046,[186 186],[12122 18501]
8047,"[186 186 187 187 187 187 187 187 187 188 188 188 188 188 188 189 189 189
 189 190]","[12234 14609 12232 14608 18798 14610 12234 18800 15891 12234 14610 18800
 18801 14608 15891 14608 14610 19892 15891 14608]"
8048,[186 187 187 188 188 188 189],[12235 12235 18804 12235 18804 18805 12235]
8049,[186 187 187],[12401 12401 15005]
8050,[186],[12858]
8051,[186],[13054]
8052,[186],[13541]
8053,[186],[13650]
8054,[186 186],[13765 16103]
8055,[186 187],[13769 13769]
8056,[186 187 188],[13967 13967 13967]
8057,[186],[14372]
8058,[186 186],[14583 14584]
8059,[186],[15041]
8060,[186 187 187 188 188],[15290 15290 17949 15290 17949]
8061,[186 186 187 187],[15714 15715 15714 15715]
8062,[186 187 188],[16307 16307 16307]
8063,"[186 186 187 187 188 188 188 189 189 189 189 189 190 190 190 190 190 190
 191 191 191 192 193]","[16456 18916 16456 18916 11134 16456 18917 11134 13054 16456 18916 18917
 10299 13054 11134 18917 16456 18916 16456 18916 18917 16456 16456]"
8064,[186],[16663]
8065,[186],[17409]
8066,[186],[17510]
8067,[186],[18493]
8068,[186 187],[18574 18574]
8069,[186],[18672]
8070,[186],[18834]
8071,[186],[19108]
8072,[186],[19190]
8073,[186 187],[19280 19280]
8074,[186],[19477]
8075,[186],[19892]
8076,[186],[20123]
8077,[186],[20237]
8078,[186],[20247]
8079,[186],[20385]
8080,[187],[171]
8081,[187 187 187 187 187 187 188 188 188 188 188 188 188 188 188 188 188 188],"[ 320 5407 5409 1728 7872 9820 1727 3838 3839 3840 7870 7873 1729 7874
 1728 7872 7875 5407]"
8082,[187 187],[ 392 6688]
8083,[187],[458]
8084,[187],[582]
8085,[187],[819]
8086,[187],[917]
8087,[187],[924]
8088,[187],[1055]
8089,[187 187],[1056 6506]
8090,[187],[1175]
8091,[187 187 187 188 188 188 189 189 189],[1249 5187 9551 1249 6857 9551 1249 6857 9551]
8092,[187 188],[1644 1644]
8093,[187 187],[2003 4391]
8094,[187 188 188 188],[2048 2048 4494 4496]
8095,[187 187 187 187],[2091 4598 8839 6268]
8096,"[194 194 194 195 195 195 195 195 195 195 195 195 195 195 195 195 196 196
 196 196 196 196 196 196 196 196 196 197 197 197 197 197 197 197 198 198
 198 198 198 199 199 199 199 199 200 200]","[2276 5054 2277  542 5028 5030 6763 6764 6762 6765 1198 6766 5036 1199
 2270 9371  542 5028 6764 6762 1198 9370 5035 5036 6766 6767 1199 1196
 6762 1199 5034 9370 5036 5035 1196 1198 6766 9370 1199 1198 5036 6764
 6766 1199 1198 6766]"
8097,[187],[2283]
8098,[187 188 189],[2363 2363 2363]
8099,[187 187 188 188 188],[2477 9986 2477 9986 9987]
8100,[187],[2785]
8101,[187],[3116]
8102,[187],[3900]
8103,[187],[4141]
8104,[187],[4489]
8105,[187],[4535]
8106,[187],[4609]
8107,[187],[4890]
8108,[187 187 188 188 188 188 188 189 189 189 190],[4951 5082  531 4951 5080 5082 5081  531 4951 5080  531]
8109,[187],[5442]
8110,[187 187],[5514 9946]
8111,[187 188],[5550 5550]
8112,[187],[5655]
8113,[187],[5919]
8114,[187],[6377]
8115,[187 187 188],[6442 6444 6442]
8116,[187],[6511]
8117,[187],[6921]
8118,[187],[7674]
8119,[187],[7946]
8120,[187 188],[8285 8285]
8121,[187 188],[8350 8350]
8122,[187],[8852]
8123,[187 188 189 189 189 188 189 189 189 190 190 190 190 190 190 190],"[9058 9058 1601 3628 9058 3025  114 3025 9067  114 3025 9059 9058 9067
 1601 3628]"
8124,[187],[9273]
8125,[187],[9339]
8126,[187 187 188 188 189],[9408 9409 9407 9408 9408]
8127,[187 188],[9634 9634]
8128,[187],[9813]
8129,[187],[10342]
8130,[187],[10558]
8131,[187 188],[10607 10607]
8132,[187 187 187 187],[10773 15193 16956 12479]
8133,[187],[10937]
8134,[187],[11251]
8135,[187],[11460]
8136,[187],[11530]
8137,[187],[11686]
8138,[187],[11898]
8139,[187 187 187 187 187 188 188 189],[11902 17956 13365 13366 17018 13365 17956 17956]
8140,"[187 188 188 188 188 189 189 189 189 189 189 189 189 189 189 189 189 189
 189 189 189 189 189 189 189 189 190 190 190 190 190 190 190 190 190 190
 190 190 190 190 190 190 190 190 190 190 190 190 191 191 191 191 191 191
 191 191 191 191 191 191 191 191 191 191 192 192 192 192 192 192 192 192
 192 193 194 195 195 196 196 196 196 194 194 195 195 195 195 196 196 196
 196 197 197 197 197 197 197 197 197 197 197 198 198 198 198 198 198 198
 199 199 199 199 199 200 200 200 200 201 201 201 201 201 201 201 201 202
 202 202 202 203 204 204 202 202 202 203 203 203 204 204 204 204 204 204
 204 205 205 205 205 205 205 205 205 205 205 205 205 205 205 205 205 206
 206 206 206 206 206 206 206 206 206 206 206 206 206 206 206 206 206 206
 206 206 207 207 207 207 207 207 207 207 207 207 207 207 207 207 207 207
 207 207 207 207 207 207 207 208 208 208 208 208 208 208 208 208 208 208
 208 208 208 208 208 209 209 209 209 209 209 209 209 209 209 209 209 210
 210 210 210 210 210 210 210 210 210 210 210 210 210 211 211 211 211 211
 211 211 211 211 211 211 211 212 212 212 212 212 212 212 212 212 212 213
 213 213 213 213 213 213 213 214 214 214 215 215 216 216 216 216 216 216
 217 217 217 217 217 217 217 217 217 218 218 218 218 218 218 218 218 218
 218 218 218 218 218 218 219 219 219 219 219 219 219 219 219 219 219 219
 219 219 220 220 220 220 220 220 220 220 220 220 220 220 221 221 221 221
 221 221 221 221 221 221 222 222 222 222 222 222 222 222 223 223 223 223
 223 223 223 224 224 224 224 224 225 225 225 225 225 225 225 225 225 226
 224 225 225 225 226 226 226 226 226 226 226 226 226 226 226 226 224 225
 225 225 226 226 226 226 227 227 227 227 227 227 227 227 227 227 227 227
 227 227 227 227 227 228 228 228 228 228 228 228 226 226 227 227 227 227
 228 228 228 228 228 228 228 228 229 229 229 229 229 229 229 229 230 230
 230 230 230 230 231 231 231 232 232]","[12455 12455 15140 12456 19449 11721 17535 19434 19435 19436 15130 12452
 19444 19445 12455 19446 15139 15140 19447 15141 12456 19448 19449 12457
 15145 12458 10303 17535 19436 19445 11721 19435 12452 19444 12455 19446
 19434 15130 15139 15140 19447 19433 19448 19450 19451 12457 15145 12458
 11721 17535 19434 19435 12451 15130 12452 19444 12455 19445 15139 15140
 19446 19447 19448 19450 11721 17535 19434 19435 19436 19444 19445 12455
 19447 17535 17535 11721 17535 10303 17535 11721 19434 15138 19443 15138
 15139 15140 19447 15138 15139 19443 19444 10303 17535 11721 19434 15130
 12452 19443 19444 15138 15139 10303 17535 12452 15130 19443 19444 15138
 11721 17535 12452 15130 19444 11721 17535 19434 12452 10423 13664 13668
 19433 11721 19434 19435 19436 10423 13664 13668 11721 11721 11721 17535
 12455 15140 19445 19445 19446 12452 12452 15130 19444 12455 15140 19446
 12456 11721 13668 17535 19434 19435 19433 19436 15130 12452 19444 19445
 12455 19446 15140 19447 12456 11721 13668 17535 19434 19435 19433 19436
 12451 15130 12452 19430 19444 19445 12455 19446 15140 19447 12456 15141
 19448 19449 10423 13666 13668 19430 19433 11721 19434 17535 19435 15130
 19436 12452 19444 19445 12455 19446 15140 12456 15141 19448 19450 12457
 19452 12452 15130 19435 19444 19434 17535 12455 19445 13668 19433 15140
 19446 12456 15141 19447 19448 11721 17535 19434 19435 19436 12451 15130
 19433 12452 19444 19430 12455 11721 17535 19434 19435 19436 12451 15130
 19433 12452 19445 12455 19446 15140 19447 11721 17535 19435 19436 12452
 15130 19444 12455 15139 15140 19447 19433 10303 17535 12452 15130 19444
 12455 15138 15139 15140 19433 12452 15130 19444 12455 15138 19445 15140
 19446 12455 15140 15130 12452 15130 12452 15130 19444 12455 10303 17535
 10423 13666 19433 19434 11721 15130 17535 12452 19444 10303 17535 11721
 19435 19434 12452 15130 12451 19433 19444 10423 19430 12455 13666 15140
 10303 17535 11721 19434 12451 15130 19433 12452 19430 19444 12455 15139
 15141 13666 10303 17535 11721 12451 15130 19433 12452 19430 13666 15138
 15139 15141 10303 17535 11721 12451 15130 12452 19444 13666 15139 19430
 10303 12451 15130 12452 19444 12455 15139 19430 10303 12452 15130 19444
 12455 15139 15140 12452 15130 19444 12455 15140 10641 16482 19447 12456
 15140 15141 12455 19444 12452 10641 17535 11721 17535 19434 11721 17535
 19434 19435 19436 15130 19444 12455 15140 19446 15141 19447 16927 13315
 16926 16927 13315 16926 16927 15142 11395 15142 15143 16926 16927 19449
 15144 15141 15140 12455 19444 12452 15130 19435 19434 11721 17535 10303
 17535 11721 19434 15130 19433 12455 12458 19481 12458 19479 19480 19481
 12458 15146 19480 15144 19481 15142 15141 19449 10303 11721 12455 15139
 12458 15130 15144 19449 12452 15130 12458 15139 15143 19449 12458 15130
 19435 19435 19436]"
8141,[187 187],[12521 15302]
8142,[189],[15566]
8143,[187 188 189],[13418 13418 13418]
8144,[187],[13460]
8145,[187 188],[13766 13766]
8146,[187],[15622]
8147,[187],[15649]
8148,[187],[16229]
8149,[187 187],[16272 16273]
8150,[202 202 203 204],[11784 16031 11784 11784]
8151,[187],[16857]
8152,[187 188],[17016 17016]
8153,[187],[17034]
8154,[187 188 188],[17332 13541 17332]
8155,[187],[17676]
8156,[187],[18669]
8157,[187 188 188 189],[19316 19315 19316 19315]
8158,[187 187 188 189],[19981 19982 19982 19982]
8159,[187 188 188 188 189 190],[20248 11768 13745 20248 11768 11768]
8160,[187 187],[20368 20369]
8161,[188 188 189 190 190 190 190 190 190 190 190 191 191],[ 153 3315 3315  153 3315 7977 9981 9991 2475 2478 9988 2478 5549]
8162,"[188 188 189 189 190 190 191 191 191 192 192 192 193 193 193 193 193 194
 194 194 194 194 194 194 191 191 192 192 193 193 193 194 194 194 194 194
 195 195 195 195 195 195 195 195 195 195 195 195 195 195 195 195 195 195
 195 194 194 195 195 196 196 196 196 196 196 196 196 196 196 196 196 196
 196 196 196 196 196 196 196 196 196 196 196 196 197 197 197 197 197 197
 197 197 197 197 197 197 197 197 197 197 197 197 197 197 197 197 197 197
 198 192 193 193 194 194 195 192 193 194 195 192 193 193 194 194 194 195
 196 196 196 196 196 197 197 197 197 197 197 198 198 198 198 198 198 198
 198 198 198 198 198 198 198 198 198 198 198 198 192 193 194 194 194 195
 195 196 196 196 197 197 197 198 198 198 198 198 199 199 199 199 199 199
 199 199 199 199 199 199 199 199 199 199 199 199 199 199 199 199 199 198
 195 195 196 196 197 197 197 198 198 199 199 199 199 199 198 199 199 199
 199 199 199 199 200 200 200 200 200 200 200 200 200 200 200 200 200 200
 200 200 200 200 200 200 200 200 200 200 200 200 200 200 200 200 200 200
 200 200 200 200 200 200 200 200 200 200 200 201 201 201 201 201 201 201
 201 201 201 201 201 201 201 201 201 201 201 201 201 201 201 201 201 201
 201 201 201 201 201 201 199 199 199 200 200 200 201 201 201 201 201 201
 201 201 201 201 201 201 188 189 190 190 190 190 191 191 191 191 192 192
 192 192 193 193 193 194 194 194 194 190 191 192 192 192 193 193 193 194
 194 194 195 195 195 195 195 195 195 196 196 196 196 196 196 196 197 197
 197 197 197 197 197 198 198 198 198 198 198 198 198 198 199 199 199 199
 199 199 199 199 199 200 200 200 200 200 200 200 200 200 201 201 201 201
 201 201 201 201 201 202 202 202 202 202 202 202 202 202 202 202 202 202
 202 202 202 202 202 202 202 202 202 202 202 202 202 202 202 202 202 202
 202 202 202 202 202 202 202 203 203 203 203 203 203 203 203 203 203 203
 188 188 189 189 189 189 189 190 190 190 190 190 191 191 191 191 192 192
 193 193 194 194 194 195 195 195 195 195 195 196 196 196 196 196 196 196
 197 197 197 197 197 197 197 197 198 198 198 198 198 198 198 199 199 199
 199 199 199 200 200 200 200 200 200 201 201 201 201 202 202 202 202 202
 203 203 203 203 203 203 203 203 203 203 203 203 203 203 203 203 203 203
 203 203 203 203 203 203 203 203 203 203 203 204 204 204 204 204 204 204
 204 204 204 204 204 204 204 204 204 204 204 204 204 204 204 204 204 204
 204 204 204 204 204 204 204 204 204 205 205 205 205 205 205 205 205 202
 202 202 202 203 203 203 204 204 204 205 205 205 205 205 205 205 205 205
 205 205 205 205 205 205 205 205 205 205 205 205 205 205 205 205 205 206
 206 206 206 206 206 206 206 206 206 206 206 206 206 206 206 206 206 206
 206 206 206 206 206 206 206 206 206 206 207 207 207 207 207 207 207 205
 205 206 206 206 206 207 207 207 207 207 207 207 207 207 207 207 207 207
 207 207 207 207 207 207 207 208 208 208 208 208 208 208 208 208 208 208
 208 208 208 208 208 203 203 204 205 205 206 206 207 207 208 208 208 208
 208 208 209 209 209 209 209 209 209 209 209 209 209 209 209 209 208 209
 209 209 209 209 209 209 210 210 210 210 210 210 210 210 210 210 210 210
 210 210 210 210 211 211 211 211 211 211 211 211 211 211 212 212 212 212
 213 213 213 214 214 215 215 215 215 216 216 216 216 216 216 217 217 217
 217 218]","[  305  6907   305  6907   305  6907   305  6907  1277   305  6907  1277
   305  5272  6907  6908  1277   305  5272  6907  6908  1277  1278  3197
   578  5281   578  5281   578  5281  9670   578  5281  2371  9670  9659
   578  5275  5277  5281  6911  6912  1278  6910  2371  9670  6908  6909
  9661  9671  1277  2368  9672  3197  9659  2338  9574  2338  9574   136
  3197  9574  1277  2338  6909  1278  6908  6910  5275  9661  5274  1279
  6911   578  5277  2368  5273  6912  5281  9659  9670  2371   206  9672
   206   305  5274  6908  2368  5273  9661  1278  6909  9659  5275  6910
  1277   578  5277  6911  1279  3197  5281  6912  2371  9670  2338  9574
   206  5267  1275  5267  1275  5267  5267  5271  5271  5271  5271  9656
  9656  2898  2896  2898  9656  9656  5267  5269  5270  5271  9656  1275
  5267  5269  5270  5271  9656   305  5274  6907  6908  2368  5273  9661
  1277  9659  3197  6906   577  5267  5271  1275   578  5277  5281  2371
   576   576   576  5262  2363   576  5262   576  5262  2363   576  5262
  2363   576  5262  2363  5263  9646   140  3194  3196  3195  1276  6906
  9659   577  5267  2368  5273  5271  1275  5274  9661  6903   305   576
  6907  1277   578  5281  2371  9656   978  2897   978  2897   978  2897
  6367   978  2897   978  2897  2898  2896  9656  6023   306  3797  6024
  3798  6023  4375  5261    86  2896  2898  2897  9656   978  8565  2367
  4375  5271  9664   577  9663  5267  6906  9660  1275  9659  2368  6903
  6904  5273  5274  9661   576  3195  5272   305  5260  3194  3196  7811
  7812  6907  5261   140  1702  7813  3798  3797   578  5281  9670    86
  2896  2898  9657  2897  9656   978  8565  2367  4375  5271   577  5267
  6906  9659  2368  5273  5274  9661  5272   305  7811  7812  6907  1702
  7813   140  3194  3196  7808  1700  5263  9646  9647  5263  9646  9647
   576  5260  5262  5264  5261  5263  2364  9646  9647   578  5281  6904
  1404  1404  1404  7134  8562  8563  1404  7134  8562  8563  1404  7134
  8562  8563  7134  8562  8563  1404  7134  8562  8563  4371  4371   444
  4371  4373   444  4371  4373   444  4371  4373  1404  7134  8562  8563
  1994  4373  4371  1404  7134  8562  8563  4372  1994  4371  1404  7134
  8562  8563  4372  1994  4371   444  4371  4373  4372  1994  8562  8563
  1404  7134   444  4371  4373  4372  1994  8562  8563  1404  7134   444
  4371  4373  4372  1994  8562  8563  1404  7134   444  4371  4373  8567
  1994  8563  1404  8562  7134    86  2896  2898  2897  9656   978  6367
  2367  6368  5271   444   577  4371  4373  5267  6906  9659  2368  5273
  5274  9661   305  6907   140  3196   576  5260  5264  5261  2364  5263
  9647  9646   578  5281  9670  9671  6904   140  3194  3196  9658  5273
  9659  5274  6906   305  5267  6907  1991  8557  1991  8556  8557  1992
  8559  1991  8556  8557  1992  8559  1991  8557  1992  8559  1991  8557
  1991  8557  1991  8557  1992  1991  8555  8556  8557  1992  8559  1991
  8555  8556  8557 10108  1992  8559  1991  8555  8556  8557 10108  4367
  1992  8559  1991  8555  8556  8557 10108  1992  8559  1991  8555  8556
  8557  1992  8559  1991  8555  8556  8557  1992  8559  1991  8557  1992
  8559  1991  8556  1992  8559  8569   444  4369  4371  4373  6368  8567
  4370  6367   978  8569  8559  2897  2898  1992  2896  9656  2367  5271
   578  5277  5281  2371  5260  5261  5262  5263  5264  9647  6904   140
  3190  3192  3194  3196   305  5274  6907  2368  5273  9661  1277  9659
  1701   444  4371  4373  6368  8567   978  6367  2897  2898  2896  9656
   578  5277  5281  2371  9670  1992  8559  5267  5271   140  3192  3194
  3196   305  5272  6907  1701  1404  7134  8562  8563  1404  8562  8563
  1404  8562  8563   444  4371  4373  6368  4372   978  8562  8563  2897
  2898  1404  2896  9656   578  5281  2371  9670  1278  9661  2368  9659
  6906  5267  1992  8559  5271    86  2896  2898  9656   978  8565   140
  3192  3194   305  6907  1277   444  4371  4373  4372  8562  8563  1404
   578  5281  9670  1278  1992  8559  5267  5271  9664  9659    86  2896
  2898  8565   140  3192  3194  3795  3796  1700  3794  3795  7811   305
  6907  7812  7811  3795  1700   444  4371  4373  1994  8563  1404  8562
  7134  1278  1992  8559  5267  5271  9664    86  2896  2898  8565   140
  3192  3194   444  4371  4373  1994  8563  1404  8562  7134  1700  1991
  8556  8556  1991  8556  1991  8556  1991  8556  1991  8557  1992  5267
  5271  7812    86  2896  2898   140  3192  3194   444  4371  4373  1404
  7134  8562  8563  1991  7813  3794  3795  3796  7811  7813  7812  5271
   140  3192  3194   444  4371  4373  1404  7134  8562  8563  2896  2898
  3794  3796  7813  7811   140  3192  3194  1404  7134  8562  8563  3794
  3796  7811  1404  8563  4372  3194  1404  3194  4372  1404  4372  1404
  8562  8563  4372   444  4371  4372  8562  8563  1404   444  4373  8570
  8563   444]"
8163,[188],[447]
8164,[188],[1120]
8165,[188 188],[1374 7082]
8166,[188],[1901]
8167,[188],[1939]
8168,[188],[2000]
8169,[188 188],[2046 4490]
8170,[188 189],[2321 2321]
8171,[188],[2500]
8172,[188],[2665]
8173,[188],[3171]
8174,[188 189 189 190],[4119 1875 4119 4119]
8175,[188],[5127]
8176,[188 189 190 190],[5515 5515 5515 7053]
8177,[188],[6840]
8178,[188 189 190 191 191 191],[7734 7734 7734 1668 7733 7734]
8179,[188],[7765]
8180,[188 189],[8281 8281]
8181,[188],[8410]
8182,[188],[8638]
8183,[188],[8854]
8184,[188],[9550]
8185,[188],[9656]
8186,[188 189 189 190 190 190 191],[10350 10350 17769 10350 13236 17769 10350]
8187,[188],[10380]
8188,[188],[10548]
8189,[188 188 189 189 189 190],[11129 16447 11129 16447 14340 16447]
8190,[188],[11402]
8191,[188 188],[11455 15322]
8192,[188],[12135]
8193,[188],[12387]
8194,[188],[13010]
8195,[188 189],[13768 13768]
8196,[188],[14275]
8197,[188 188],[14290 18392]
8198,[188],[14296]
8199,[188],[15191]
8200,[188 189],[16764 16764]
8201,[188],[17079]
8202,[188],[18117]
8203,[188],[18223]
8204,[188],[18677]
8205,[188],[20126]
8206,[189],[120]
8207,[189],[1019]
8208,[189 189 190 190 190 191 191 191 191 191 192 192],[1158 6694 1158 6692 6694  266 6692 6693 1158 6694  266 6694]
8209,[189 189],[1358 7052]
8210,[189],[1700]
8211,[189 189 189],[2091 4598 8839]
8212,[189],[2717]
8213,[189],[3258]
8214,[189],[3862]
8215,[189],[4171]
8216,[189 190],[4236 4236]
8217,[189 190 191 192],[4380 4380 4380 4380]
8218,[189],[4432]
8219,[189 189 189],[5305 5306 6929]
8220,[189 189 190 190 191],[5654 5655 2520 5655 5655]
8221,[189],[6062]
8222,[189],[7472]
8223,[189],[7943]
8224,[189],[8411]
8225,[189],[8664]
8226,[189],[8670]
8227,[189],[8698]
8228,[189 190],[9193 9193]
8229,[189],[9713]
8230,[189],[10029]
8231,[189],[10247]
8232,[189 189 189],[10305 13364 19627]
8233,[189 189 190],[10930 16087 10930]
8234,[189],[11040]
8235,[189 189 189 189 189 189 189],[11200 14558 16574 16575 18732 13120 12207]
8236,[189],[11272]
8237,[189 190],[11354 11354]
8238,[189],[11859]
8239,[189],[11953]
8240,[189 189],[12517 19629]
8241,[189 189 189],[12633 15576 19974]
8242,[189],[12796]
8243,[189 189 189 189 189 190 190 190 191 191 191 191],[12798 20465 20473 12800 15993 12798 20473 12800 12798 20465 20473 12800]
8244,[189],[13011]
8245,[189],[13141]
8246,[189 189],[13366 13367]
8247,[189],[13411]
8248,[189],[13501]
8249,[189 189],[14320 18432]
8250,[189],[14344]
8251,[189],[15133]
8252,[189],[15394]
8253,[189 190],[15432 15432]
8254,[189],[15972]
8255,[189],[15997]
8256,[189 190 191 191],[16031 16031 10898 16031]
8257,[189 190 191],[17439 17439 17439]
8258,[189],[17677]
8259,[189 190],[18063 18063]
8260,[189],[18706]
8261,[189],[19604]
8262,[189],[19821]
8263,[189],[19939]
8264,[189 190 190 190],[20053 10278 18825 20053]
8265,[189],[20244]
8266,[189 190],[20259 20259]
8267,[190],[98]
8268,[190 190 191 191 191 192 192 193 193 193 194],[ 155 3306  155 3306 3305 3305 3306  155 3306 3305 3306]
8269,[190],[287]
8270,[190],[1406]
8271,[190 191 191 192],[1474 1474 3417 1474]
8272,[190],[2032]
8273,[190 191 192],[2827 2827 2827]
8274,[190 191 192 193],[3194 3194 3194 3194]
8275,[190 191 192],[4537 4537 4537]
8276,[190 191 192 192 192 193 194],[4841 4841 4841 4842 9137 4841 4841]
8277,[190],[4897]
8278,[190 191],[5652 5652]
8279,[190],[6205]
8280,[190 190 191],[6373 6375 6373]
8281,[190 191 192 192 193 193 194],[6840 6840 6840 7764 6840 7764 6840]
8282,[190],[7832]
8283,[190 191 191 192 193],[8348 8347 8348 8348 8348]
8284,[190 191 192 193],[9187 9187 9187 9187]
8285,[190],[9202]
8286,[190 190],[10459 13771]
8287,[190 190 191],[10506 16190 16190]
8288,[190],[10987]
8289,[190 191 192 193],[11402 11402 11402 11402]
8290,[190 190 191],[11680 17437 11680]
8291,[190],[11711]
8292,[190],[11797]
8293,[190 191],[12578 12578]
8294,[190],[12791]
8295,[190 191 191 191 191 192],[12909 10266 12909 18454 12106 12106]
8296,[190 191 192],[12989 12989 12989]
8297,[190],[13170]
8298,[190 191],[13376 13376]
8299,[190 191 191 191],[13644 13642 13644 13646]
8300,[190],[13921]
8301,[190 191 191],[15331 15331 15333]
8302,[190],[15396]
8303,[190],[15400]
8304,[190 191 192],[15451 15451 15451]
8305,[190 190 191],[15545 15546 15546]
8306,[190],[15561]
8307,[190],[17228]
8308,[190],[17258]
8309,"[190 190 191 191 192 192 193 193 193 194 194 194 195 195 195 196 196 196
 194 195 195 196 196 196 197 197 197 197 197 197 197 197 197 198 198 198
 198 198 198 198 198 198 198 199 199 199 199 199 199 199 199 199 200 200
 200 200 200 200 200 200 200 201 201 201 201 201 201 202 203 203]","[17548 17549 17548 17549 17548 17549 13677 17548 17549 13677 17548 17549
 13677 17548 17549 13677 17548 17549 16502 16502 16503 10427 16502 16503
 10427 14434 16502 17549 16503 13677 17548 16504 11726 10427 14434 16502
 17550 17549 16503 13677 17548 16504 11726 10427 14434 16502 17549 16503
 13677 17548 16504 11726 10427 16502 16503 16504 11726 13677 17548 17549
 17547 11726 13677 17548 17549 16502 16503 17549 17548 17549]"
8310,[190],[17637]
8311,[190],[18069]
8312,[190 191 191 192 192],[18232 18232 18233 18232 18233]
8313,[190],[18545]
8314,[190],[18570]
8315,[190],[18673]
8316,[190 191 192],[19144 19144 19144]
8317,[190 191 191],[19305 15022 19305]
8318,[190 191],[19411 19411]
8319,[190],[19777]
8320,[190],[19891]
8321,[190 191],[20266 20266]
8322,[190],[20419]
8323,[191 192 192 193 193],[  80   80 7368   80 7368]
8324,"[191 191 192 192 193 193 194 194 195 196 196 197 197 198 199 199 199 200
 200 200 201 201]","[ 311 7834  311 7834  311 7834  311 7834  311  311 7834  311 7834  311
  311 6936 7834  311 6936 7834  311 7834]"
8325,[191],[388]
8326,[191 191 191 191 192 192 192 191 192 193 193 193 193 193 193 193],"[ 539 5001 6744 2257  539 5001 2257 2256 2256  539 5001 2257 5000 9330
 2256 4998]"
8327,[191 192],[663 663]
8328,[191],[978]
8329,[191 191 191 191 191 192 192 192 192 193 193 193 194],[ 982 6376 2902 6377 8578  982 4385 8577 8578  982 4385 8577 4385]
8330,[191 191 192 192 192 192 192 192 193 193],[1020 6444 1019 6441 1020 6442 6444 6445 1020 6445]
8331,[191 192],[1182 1182]
8332,[191 191],[1358 8505]
8333,[191 192 192 192 193 193 193 193 193 194 194 194 194 194],[1370 1370 3289 7070 1368 3289 7070 7943 1370 1368 3289 7070 7943 1370]
8334,[191 191 191 191 192 192 192 193 193 193 193],[1513 4328 4330 1973 1513 4328 4330 1513 4328 4330 1973]
8335,[191],[1876]
8336,"[191 191 192 192 192 192 192 192 192 192 192 192 192 192 192 192 193 193
 193 193 193 193 193 193 193 193 193 193 193 193 193 193 193 193 193 193
 193 194 194 194 194 194 194 194 194 194 194 194 194 194 194 194 194 194
 194 194 194 194 194 194 194 194 195 195 195 195 195 195 195 195 195 195
 195 195 195 195 195 195 195 195 195 195 195 195 195 195 195 195 195 196
 196 196 196 196 196 196 196 196 196 196 196 196 196 196 196 196 196 196
 196 196 196 196 196 196 196 196 196 197 197 197 197 197 197 197 197 197
 197 197 197 197 197 197 197 197 197 197 197 197 197 197 197 197 197 197
 197 198 198 198 198 198 198 198 198 198 198 198 198 198 198 198 198 198
 198 198 198 198 198 198 198 198 198 198 198 199 199 199 199 199 199 199
 199 199 199 199 199 199 199 199 199 199 199 199 199 199 199 199 199 199
 199 200 200 200 200 200 200 200 200 200 200 200 200 200 200 200 200 200
 200 200 200 200 200 200 200 200 200 201 201 201 201 201 201 201 201 201
 201 201 201 201 201 201 201 201 201 201]","[1953 4290  317 6043 8460 8463  797 8464 8459 2718 4290 2719 1953 2720
 6050 3842  317 6043 8460 8463  797 6045 8464 1954 8459 2717 2718 4290
 2719  799 1953 2720 6049 8456 6050 8455 3842  317 6043 8460 8463  797
 6045 8464 1954 8459 2717 2718 4290 8458 2719  799 1953 2720 6049 4288
 8456 6050 8455 3842 4281 3844  317 6043 8460 8463  797 6045 8464 1954
 8459 2717 2718 4290 8458 2719  799 1953 2720 6049 4288 8456 6050  800
 8455 1950 3842 4281 3844  317 3832 6043 8460 8463 8459  797 6045 8464
 1954 4290 8458 2717 2718 1953 2719  799 4288 8456 2720 6049 8455 1950
 6050  800 4281 3842 3844  317 3832 6043 8460 8463 8459  797 6045 8464
 1954 4290 8458 2717 2718 1953 2719  799 4288 8456 2720 6049 8455 1950
 6050  800 4281 3842 3844  317 3832 6043 8460 8463 8459  797 6045 8464
 1954 4290 8458 2717 2718 1953 2719  799 4288 8456 2720 6049 8455 1950
 6050  800 4281 3842 3844  317 3832 6043 8460 8463 8459  797 6045 8464
 1954 4290 8458 2717 2718 1953 2719  799 4288 8456 2720 6049 8455 6050
  800 3842 3844  317 3832 6043 8460 8463 8459  797 6045 8464 1954 4290
 8458 2717 2718 1953 2719  799 4288 8456 2720 6049 8455 6050  800 3842
 3844  317 6043 8460 8463  797 6045 8464 8459 2717 2718 4290 2719  799
 1953 2720 6049 6050 3842 8455]"
8337,"[191 191 192 192 192 193 193 193 193 193 194 194 194 192 192 192 192 192
 193 193 193 193 193 193 194 194 194 194 194 194 194 195 195 195 195 195
 195 195 195 195 195 195 196 196 196 196 196 196 196 196 196 196 196 196
 196 196 196 196 196 196 197 197 197 197 197 197 197 197 197 197 197 197
 197 197 197 197 197 197 198 198 198 198 198 198 198 198 199 199 199]","[ 2749  8581  2749  2750  8581   829  2749  2750  8581  2751  2749  2750
  2751  2489 10022 10024  4388 10025   446  4388 10023 10024  2489 10025
   446  4388 10020 10023  2000 10024 10025   446  4388 10020  2000  8581
 10025  2749  2490  2750  2751  1999    40  2749  2751  8581  4387  8580
  1999  4386  4384  2489  5577  5579 10022 10023 10024  2490 10025 10020
  1999  4386  4387  8579  8580  4384  8581  2749  2751  2489  5579 10022
 10023 10024  2490 10025 10020  6100  1999  4386  4387  8579  4384  8581
  6099  6100  1999  4386  6100]"
8338,[191 192 192],[2820 2820 6230]
8339,[191 192],[3258 3258]
8340,[191],[3738]
8341,[191 191],[4215 7318]
8342,[191],[4382]
8343,[191 192],[6242 6242]
8344,[191],[8155]
8345,[191],[8243]
8346,[191 192 193],[8350 8350 8350]
8347,[191 192 193],[8417 8417 8417]
8348,[191],[9230]
8349,[191],[9987]
8350,"[191 191 192 192 192 192 193 193 193 193 193 193 193 193 194 194 194 194
 194 194 194 194 194 194 195 195 195 195 195 195 196 197 197 198 198]","[10403 18273 10403 13596 18273 11676 10403 13596 13598 11676 17430 10881
 15983 15982 10403 13596 13598 18273 11676 12039 17430 10881 15983 15982
 10403 13596 18273 11676 10881 15982 10403 10403 18273 10403 18273]"
8351,[191],[10872]
8352,[191 191 192 192 192],[10900 16034 16034 16035 17520]
8353,[191 192 192 193 193 193 193 193 194 194 194 194 194],"[11652 11652 17386 10872 15909 15911 11652 17386 10872 15909 15911 11652
 17386]"
8354,[191 192],[11766 11766]
8355,[191 191 192],[11948 18064 18064]
8356,"[191 191 191 192 192 192 192 192 192 192 192 192 193 193 193 193 193 193
 193 193 194 194 194 194 194 194 194 194 194 194 194 195 195 195 195 195
 195 195 195 195 195 195 196 196 196 196 196 196 196 196 196 196 196 196
 196 196 196 197 197 197 197 197 197 197 197 197 197 197 197 197 197 197
 197 197 197 198 198 198 198 198 198 198 198 198 198 198 198 198 198 198
 198 198 199 199 199 199 199 199 199 199 199 199 199 199 199 199 200 200
 200 200 200 200 200 200 200 200 200 201 201 201 201 201 201 201 201 201
 201 202]","[12153 18586 18587 11913 13985 13986 17982 13984 13988 18587 18586 12153
 11913 13985 13986 17982 17983 13988 12153 18587 11911 13984 13985 18586
 18587 13986 11913 12153 17982 17983 13988 11911 13984 13985 18586 18587
 13986 11913 12153 17982 17983 13988 11010 13988 16232 16233 17982 13989
 17983 13986 11913 13984 13985 11911 18587 18586 12153 10529 13984 13986
 16232 11911 13985 18587 11913 17982 11010 16233 18586 17981 17983 13988
 12153 11914 13989 10529 13984 13986 16232 11911 13985 18587 11913 17982
 11010 16233 18586 17983 13988 12153 11914 13989 11010 13988 16232 16233
 17982 17983 13986 11913 13984 13985 11911 18587 18586 12153 11911 13984
 13985 18586 18587 13986 11913 12153 17982 17983 13988 11911 13985 18586
 18587 13986 12153 16232 13988 13989 17983 18587]"
8357,"[191 191 192 192 192 192 192 192 192 192 192 193 193 193 193 193 193 193
 193 193 193 193 193 193 193 193 193 193 193 193 193 193 193 193 193 193
 193 193 194 194 194 194 194 194 194 194 194 194 194 194 194 194 194 194
 194 195 195 195 195 195 195 195 196 196]","[12197 18702 11965 14074 18701 18702 12196 18704 12197 17596 17597 10318
 13109 13113 17598 11189 17597 13112 17596 11191 16561 16562 16559 11192
 16560 14534 16563 14535 18703 10668 14536 12197 18704 14537 18706 18702
 14074 11965 10559 14074 18702 18705 11965 18701 12196 18704 12197 18706
 18703 14535 14536 14537 14538 16562 17597 11965 18701 18702 12197 14536
 18706 17597 12197 18705]"
8358,[191],[12737]
8359,[191],[12782]
8360,[191],[12998]
8361,[191],[13141]
8362,[191],[13460]
8363,[191],[14510]
8364,[191],[14628]
8365,[191],[16272]
8366,[191 192 192 193 194 195 195],[17333 11621 17333 17333 17333 15818 17333]
8367,[191],[17709]
8368,[191],[18461]
8369,[191],[19307]
8370,[191],[20454]
8371,[192],[65]
8372,"[192 193 193 193 193 193 193 193 193 193 193 193 193 193 193 193 193 193
 193 193 193 193 193 193 193 193 193 193 193 193 193 193 193 193 193 193
 194 194 194 194 194 194 194 194 194 194 194 194 194 194 194 194 194 194
 194 194 194 194 194 194 194 194 194 194 194 194 194 194 194 194 194 194
 194 194 194 194 195 195 195 195 195 195 195 195 195 195 195 195 195 195
 195 195 195 195 195 195 195 195 195 195 195 195 195 195 195 195 195 195
 195 195 195 195 195 195 195 195 195 195 195 195 195 196 196 196 196 196
 196 196 196 196 196 196 196 196 196 196 196 196 196 196 196 196 196 196
 196 196 196 196 196 196 196 196 196 196 196 196 196 196 196 196 196 196
 196 196 196 196 197 197 197 197 197 197 197 197 197 197 197 197 197 197
 197 197 197 197 197 197 197 197 197 197 197 197 197 197 197 197 197 197
 197 197 197 197 197 197 197 197 197 197 197 198 198 198 198 198 198 198
 198 198 198 198 198 198 198 198 198 198 198 198 198 198 198 198 198 198
 198 198 198 198 198 198 198 198 198 198 198 198 198 198 198 198 198 199
 199 199 199 199 199 199 199 199 199 199 199 199 199 199 199 199 199 199
 199 199 199 199 199 199 199 199 199 199 199 199 199 199 199 199 199 199
 199 199 199 199 199 199 199 199 200 200 200 200 200 200 200 200 200 200
 200 200 200 200 200 200 200 200 200 200 200 200 200 200 200 200 200 200
 200 200 200 200 200 201 201 201 201 201 201 201 201 201 201 201 201 201
 201]","[ 319  318 5385 5387 6975 6976 7865 7868 1724 5386 7864 2413 1315 7869
 1725 7867 1726 7862 7863 9793 9794 7870 3838 7866 3836 3837 3234 1727
 7871 3839  319 3232 3840 7873 3841 1729   75 3232 3234 7862 1312 3233
 1314 9793 1724 7863 6974 9794 5386 5385 7864 2413 5387  318 7865 1725
 6976 6975 7868 7867 7866 1315 7869 1726 3836 7870 3838 3837 3835 1727
 7871 3839  319 3840 3841 1729  318 5385 5387 6975 6976 7865 7868 1724
 5386 7864 2413 1315 7869 1725 7867 1726 7862 7863 9793 9794 7870 3838
 3836 3837 3234 1314 6974 1727 7871 3839  319 3232 3233 6973 3840 7873
 3841 1312 6972 1313 1729 7874 6970 6971 7875   75 3232 3234 7862 1312
 3233 1314 9793 1724 7863 6972 6973 6974 9794 5386 5385 7864 1313 2413
 5387  318 7865 1725 6976 6975 7868 7867 7866 1315 7869 1726 3836 7870
 3838 3837 3835 1727 7871 3839  319 3840 7873 3841 1729 7874  318 5385
 5387 6975 6976 7865 7868 1724 5386 7864 2413 1315 7869 1725 7867 1726
 7862 7863 9793 9794 7870 3838 7866 3836 3837 3234 1314 6974 1727 7871
 3839  319 3232 3233 6973 3840 7873 3841 1312 6972 1313 1729 7874  318
 5385 5387 6975 6976 7865 7868 1724 5386 7864 2413 1315 7869 1725 7867
 1726 7862 7863 9793 9794 7870 3838 7866 3836 3837 3234 1314 6974 1727
 7871 3839  319 3232 3233 6973 3840 3841 1312 6972 1313 8446 8445   75
 3232 3234 7862 1312 3233 1314 9793 1724 7863 6972 6973 6974 9794 5386
 5385 7864 1313 2413 5387  318 7865 1725 6976 6975 7868 7867 7866 1315
 7869 1726 3836 7870 3838 3837 3835 1727 7871 3839  319 3840 7872 3841
 7874 1728  318 5385 5387 6975 6976 7865 7868 1724 5386 7864 2413 1315
 7869 1725 7867 1726 7862 9793 9794 7870 3838 3836 3837 3234 1314 1727
 7871 3839  319 3232 3840 3841 1312  318 5385 5387 6975 7865 7868 5386
 7869 1726 9794 3838 7870 3837 3839]"
8373,"[192 192 192 192 192 192 192 192 192 192 192 192 193 193 193 193 193 193
 193 193 193 193 193 193 193 193 193 193 193 193 193 193 193 193 193 194
 194 194 194 194 194 194 194 194 194 194 194 194 194 194 194 194 194 194
 194 194 194 194 194 195 195 195 195 195 195 195 195 195 195 195 195 195
 195 195 195 195 195 195 195 195 195 195 196 196 196 196 196 196 196 196
 196 196 196 196 196 196 196 196 196 196 196 196 196 197 197 197 197 197
 197 197 197 197 197 197 197 197 197 197 197 197 197 197 197 197 197 197
 197 198 198 198 198 198 198 198 198 198 198 198 198 198 198 198 198 198
 198 198 198 199 199 199 199 199 199 199 199 199 199 199 199 199 199 199
 199 199 199 199 199 199 199 200 200 200 200 200 200 200 200 200 200 200
 200 200 200 200 200 200 200 200 200 200 200 201 201 201 201 201 201 201
 201 201 201 201 201 201 201 201 202 202 202 203 203 203 203 203 203 203
 203 203 203 203 203 203 203 203 204 204 204 204 204 204 204 204 204 204
 204 204 204 204 204 205 205 205 205 205 205 205 205 205 205 205 205 205
 205 205 205 206 206 206 206 206 206 206 206 206 206 206 206 206 206 206
 206 206 206 206 206 206 206 206 206 207 207 207 207 207 207 207 207 207
 207 207 207 207 207 207 207 207 207 207 207 207 207 207 208 208 208 208
 208 208 208 208 208 208 208 208 208 208 208 208 208 208 208 208 208 209
 209 209 209 209 209 209 209 209 209 209 209 209 209 209 209 209 209 209
 209 209 209 209 209 210 210 210 210 210 210 210 210 210 210 210 210 210
 210 210 210 210 210 210 210 210 210 210 210 210 210 211 211 211 211 211
 211 211 211 211 211 211 211 211 211 211 211 211 211 211 211 211 211 211
 211 211 212 212 212 212 212 212 212 212 212 212 212 212 212 212 212 212
 212 212 212 212 212 212 212 212 213 213 213 213 213 213 213 213 213 213
 213 213 213 213 213 213 213 213 213 214 214 214 214 214 214 214 214 214
 214 214 214 214 214 214 214 214 214 214 215 215 215 215 215 215 215 215
 215 215 215 215 215 215 215 215 216 216 216 216 216 216 216 216]","[ 584 5328 5330 5332 5334 6943 5331 2390 5333 9732 6945 9727  584 5328
 5330 5332 5334 6943 6944 1296 5329 6942 5331 2390 5333 2391 9732 1297
 6945 1298 3216 9727 5336 3217 3218  584 5328 5330 5332 5334 6943 6944
 1296 5329 6942 5331 2390 5333 2391 9732 1297 6945 1298 6941 3216 9727
 5336 3217 3218  584 5328 5330 5332 5334 6943 6944 1296 5329 6942 5331
 2390 5333 2391 9732 1297 6945 1298 3216 9727 5336 3217 3218  584 5328
 5330 5332 5334 6943 6944 1296 5329 6942 5331 2390 5333 2391 9732 1297
 6945 1298 9727 5336 3218  584 5328 5330 5332 5334 6943 6944 1296 5329
 6942 5331 2390 5333 2391 9732 1297 6945 1298 6941 3216 9727 5336 3217
 3218  584 5328 5330 5332 5334 6943 6944 6942 5331 2390 5333 2391 9732
 1297 6945 1298 3216 9727 5336 3217  584 5328 5330 5332 5334 6943 6944
 5329 6942 5331 2390 5333 2391 9732 1297 6945 1298 3216 9727 5336 3217
 3218  584 5328 5330 5332 5334 6943 6944 1296 5329 6942 5331 2390 5333
 2391 9732 1297 6945 1298 3216 9727 5336 3218  584 5328 5330 5332 5334
 6943 6944 6942 5331 2390 5333 9732 1297 6945 1298 5330 5331 5332  584
 5328 5330 5332 5334 6943 6944 5331 2390 5333 2391 9732 1297 6945 9727
  584 5328 5330 5332 5334 6943 6944 6942 5331 2390 5333 9732 1297 6945
 9727 1296 5328 5329 6942 5330 5331 5332 2390 9727 5333 5334 2391 6944
 9732 3218 6946  584 5328 5330 5332 5334 6943 6944 1296 5329 6942 5331
 2390 5333 2391 9732 1297 6945 1298 3216 9727 5336 3217 3218 6946  584
 5328 5330 5332 5334 6943 6944 1296 5329 6942 5331 2390 5333 2391 9732
 1297 6945 1298 3216 9727 5336 3217 3218  584 5328 5330 5332 5334 6943
 6944 1296 5329 6942 5331 2390 5333 2391 9732 1297 6945 1298 9727 5336
 3218  584 5328 5330 5332 5334 6943 6944 1296 5329 6942 5331 2390 5333
 2391 9732 1297 6945 1298 6941 3216 9727 5336 3217 3218  584 5328 5330
 5332 5334 6943 6944 1296 5329 6942 2389 5331 2390 5333 2391 9732 1297
 6945 1298 6941 3216 9727 5336 3217 3218 9701  584 5328 5330 5332 5334
 6943 6944 1296 5329 6942 5331 2390 5333 2391 9732 1297 6945 1298 6941
 3216 9727 5336 3217 3218 9701  584 5328 5330 5332 5334 6943 6944 1296
 5329 6942 5331 2390 5333 2391 9732 1297 6945 1298 6941 3216 9727 5336
 3217 3218  584 5328 5330 5332 5334 6943 6944 6942 5331 2390 5333 2391
 9732 1297 6945 1298 3216 9727 3217  584 5328 5330 5332 5334 6943 6944
 6942 5331 2390 5333 2391 9732 1297 6945 1298 3216 3217 3218  584 5328
 5330 5332 5334 6943 6944 6942 5331 2390 5333 9732 1297 6945 1298 3218
 1297 6945 6944 5334 9732 5332 2390 5330]"
8374,[192 192 192 192 192 192 192 193 193 193 193 193 194 194 194 194],"[ 964 4331 6343 6344 6345 2884  965  963 2884 6343  965  964  965 2884
 6344 6343]"
8375,[192],[1177]
8376,[192],[1340]
8377,[192 193 194 195 196 197],[1700 1700 1700 1700 1700 1700]
8378,[192 193 193 193 194],[2830  910 2830 6248 6248]
8379,[192 193],[3140 3140]
8380,[192],[3547]
8381,[192],[3862]
8382,[192],[4176]
8383,[192],[4500]
8384,[192],[4657]
8385,[192 193],[5144 5144]
8386,[192 193],[5442 5442]
8387,[192],[6362]
8388,[192],[6743]
8389,[192],[6803]
8390,[192 192],[7137 7138]
8391,[192],[7373]
8392,[192 193],[7416 7416]
8393,[192],[7537]
8394,[192],[7676]
8395,"[192 193 193 193 193 193 194 194 194 194 194 194 195 195 196 196 197 197
 197 197 197 197 197 197 197 198 198 198 198 198 198 198 198 198 198 198
 199 199 199 199 199 199 199 199 199 200]","[8267 1883 4139 4183 8267 1903 1883 4139 4140 4183 8323 8322 8322 8323
  760 8322  760 8322 8323 1903 4183 1883 4139 4140 1885  760 8322 8323
 1903 4183 1883 4182 8320 4139 4140 1885  760 8322 8323 1903 4183 1883
 4182 4140 1885 8323]"
8396,"[192 193 194 195 196 195 195 195 195 196 196 196 196 196 196 196 196 197
 197 197 197 197 197 197 197 197 197 197 197 198 198 198 198 198 198 198
 198 198 197 198 198 198 199 199 199 199 199 199 199 199 199 199 199 200
 200 200 200 200 200 200 200 201 201 201 201 201 201 201 202 202 202 202
 202 202 202 203 203 203 203 203 203 203 204 204 204 204 204 204 204 205
 205 205 205 205 205 206 206 206 206 206 206 207 207 207 207 207 208 208
 208 208 209 209 209 210 210 210 211 211 211 212 212 212 212 212 213 213
 213 213 213 214 214 214 214 214 215 215 215 215 216 216]","[8575 8575 8575 8575 8575 3326 7990 7137 7138 1405 5652 7137 7138 1406
 3326 7990 3925 1405 5652 7137 7138 1406 3326 7990 1780 7992 3925 3924
 8575 1405 5652 7137 7138 1406 3326 7990 3925 7992 4383 4382 4383 8575
 1405 5652 7137 7138 1406 3326 7990 1998 4382 4383 8575 1406 3326 7137
 7138 7990 5652 4383 8575 1406 3326 7137 7138 7990 5652 8575 1406 3326
 7137 7138 7990 5652 8575 1406 3326 7137 7138 7990 5652 8575 1406 3326
 7137 7138 7990 5652 8575 1406 3326 7137 7138 7990 8575 1406 3326 7137
 7138 4382 8575 1406 3326 7138 4382 8575 1406 3326 7990 8575 1406 3326
 7990 1406 3326 7990 1406 3326 7990 1406 3326 7137 7138 7990 1406 3326
 7137 7138 7990 1406 3326 7137 7138 7990 1406 3326 7137 7138 1406 3326]"
8397,[192],[8666]
8398,[192 192],[8748 8749]
8399,"[192 193 193 194 194 194 195 195 195 195 195 195 195 195 196 196 196 196
 197 197 197 197 197 197 197 198 198 198 198 198 198 198 198 198 198 198
 199 199 199 199 199 199 199 199 200 200 200]","[9057 3629 9057 3627 3629 9057  114 3025 7577 9058 9057 3629 3627 3628
  114 9068 3629 9057  114 9059 9068 9067 2168 9069 9057  114 3025 7577
 9059 9068 9058 9067 2168 9069 4786 2169 1601 3628 7577 3025 2168 4786
 9067 9069  114 7577 9059]"
8400,[192],[9305]
8401,"[192 193 193 193 193 193 193 194 194 194 194 194 194 194 194 194 194 194
 194 195 195 195 195 195 195 195 195 195 195 195 195 195 195 195 195 195
 195 195 195 192 193 193 194 194 195 195 195 194 195 194 194 195 195 195
 195 195 195 195 195 195 195 195 195 195 195 195 196 196 196 196 196 196
 196 196 196 196 196 196 196 196 196 196 196 196 196 196 196 196 196 196
 196 196 196 196 196 196 196 196 196 196 196 196 196 196 196 196 196 196
 196 196 196 196 196 194 195 196 196 196 197 197 197 197 197 197 197 197
 197 197 197 197 197 197 197 197 197 197 197 197 197 197 197 197 197 197
 197 197 197 197 197 197 197 197 197 197 197 197 197 197 197 197 197 197
 197 197 197 197 198 198 198 198 198 198 198 198 198 198 198 198 198 198
 198 198 198 198 198 198 198 198 198 198 198 198 198 198 198 198 198 198
 198 198 198 198 198 198 198 198 198 198 198 198 198 198 198 198 198 198
 198 198 198 198 198 198 198 199 199 199 199 199 199 199 199 199 199 199
 199 199 199 199 199 199 199 199 199 199 199 199 199 199 199 199 199 199
 199 199 199 199 199 199 199 199 199 199 199 199 199 199 199 199 199 199
 199 199 199 199 199 199 200 200 200 200 200 200 200 200 200 200 200 200
 200 200 200 200 200 200 200 200 200 200 200 200 200 200 200 200 200 200
 200 200 200 200 201 201 201 201 201 201 201 201 201 201 201 201 201 201
 201 201 201 201 201 201 201 201 201 201 201 201 201 201 201 201 201 201
 201 201 201 202 202 202 202 202 202 202 202 202 202 202 202 202 202 202
 202 202 202 202 202 202 202 202 202 202 203 203 203 203 203 203 203 203
 203 203 203 203 203 204 204 204 204 205 206]","[9630 2358 5248 5249 9630 9625 9626  301 9624 2356 9626 9625 2357 6890
 5247 5249 2358 9629 9630  139 9630 2358 9629 5248 5249 1695 2357 5247
 5246 9626 9627 1268 9625 2356 9624  301 6890 6891 1267 9633 2359 9633
 2359 9632 2359 9632 9633 1694 1694 1696 3787  302 3787 3789 6017 1696
 3788 6018 7800 7801 7799 3189 3183 5230 5231 8391  139 3182 7797 9630
 1262 3183 1695 9629 2358 6880 6882 6883 3785 5248 5249 7794 1263 5230
 1694 2357 5247 5231 9607 5246 9626 1268 9625 2356 9624 6890 6891  301
 1267 3187 3189 8391 7799 9631 1697 7798 7800 9632 1696 3788 2359 9633
 3787 5227 5227 5227 5228 9605  139 3182 7797 9630 1262 3183 1695 9629
 2358 6880 6882 6883 3785 5248 5249  300 6881 7794 1263 5230 1694 2357
 5247 5227 5229 9607 5231 5246 9626 5228 2350 1268 9625 2356 9624 9605
 6890 6891 1267 1696 7798 7799 1697 3189 9631 9632 2359 8391  139 3182
 7797 9630 1262 3183 7796 1695 9629 2358 6880 6882 7795 6883 3785 9628
 5248 5249  300 6881 7794 1263 1694 5230 2357 5247 5227 5229 9607 5231
 5246 9626 5245 5228 2350 9608 1268 9625 2356 9624 6892 9605 6890 6891
 3188 1267 3187 3189 7799 9631 1697 7798 7800 9632 2359 9633 3787  300
 5229 6880 6881 7794 2350 5228 9607 1262 6882 7795 1263 1694 9605 3182
 3183 7796 6883 3785 7797 1695 9629 9630 9628 2358 5248 2357 5249 5247
 5246 9626  574 5245 1268 9625 2356 9624 9633 6892 6890 6891  301 9632
 3188 1267 9631 3189 1697 7799 7800 7798 1696 3787  139 9630  574 5245
 5247 5249 6893 9633 1268 5246 6892 2357 5248 9632 2359 6891 9625 9626
 3188 9631 1267 3189 1697 7799 7800 1696 3787 1695 3183 6882 6883 5228
 9605 8391  139 3182 7797 9630 1262 3183 1695 9629 6882 6883 5248 1263
 6881 5230 2357 5247 5231 9607 5246  574 5245 1268 9625 6893 9633 6892
 6891 1269 9632 2359 3188 1267 3189 3187 8391  574 5245 5247 6893 9633
 5246 6892 5248 1269 9625 9626 9629 9631 1695 7797 3785 3182 1262 3183
 6882 1263 6881 9607 3187 8391  574 5245 5247 5246 6892 5248 3188 1262
 6882 1263 6881 1695 9631 5245 5247 6892 5248 5247 5247]"
8402,[192],[9834]
8403,[192 192],[10276 18796]
8404,"[192 192 192 192 192 192 192 192 192 192 192 192 193 193 193 193 193 193
 193 193 193 193 193 193 193 193 193 193 193 193 193 194 194 194 194 194
 194 194 194 194 194 194 194 194 194 194 194 194 194 194 194 194 194 194
 194 195 195 195 195 195 195 195 195 195 195 195 195 195 195 195 195 195
 195 195 195 195 195 195 195 196 196 196 196 196 196 196 196 196 196 196
 196 196 196 196 196 196 196 196 196 196 196 196 196 196 196 197 197 197
 197 197 197 197 197 197 197 197 197 197 197 197 197 197 197 197 197 197
 197 197 197 197 197 198 198 198 198 198 198 198 198 198 198 198 198 198
 198 198 198 198 198 198 198 198 198 198 198 198 198 199 199 199 199 199
 199 199 199 199 199 199 199 199 199 199 199 199 199 199 199 199 199 199
 199 199 199 199 199 200 200 200 200 200 200 200 200 200 200 200 200 200
 200 200 200 200 200 200 200 200 200 200 200 200 200 200 200 201 201 201
 201 201 201 201 201 201 201 201 201 201 201 201]","[10305 13364 19627 19628 12517 19629 19631 12518 15294 15295 10787 15297
 10305 13364 17947 11444 19627 19628 12517 19629 19631 12518 15294 15295
 15296 10787 15297 15299 12520 19639 19640 10305 13364 17947 18548 18557
 11444 19627 18556 19628 14418 12517 19629 19631 12518 15294 15295 15296
 10787 15297 15299 12520 19639 19640 15301 10305 13364 17947 18548 18557
 11444 19627 18556 19628 14418 12517 19629 14417 19631 12518 15294 15295
 15296 10787 15297 15299 19639 15301 19640 10305 13364 17947 18548 18557
 11444 19627 18556 19628 14418 12517 19629 14417 19631 12518 15294 15295
 15296 10787 15297 15299 17020 12520 19639 19640 15301 10305 13364 17947
 18548 18557 11444 19627 18556 12143 19628 14418 12517 19629 14417 19631
 12518 15294 15295 15296 10787 15297 15299 12520 19639 19640 15301 10305
 13364 17947 18548 18557 11444 19627 18556 12143 19628 15291 14418 12517
 19629 14417 19631 12518 15294 15295 15296 10787 15297 15299 12520 19639
 15301 10305 13364 17947 18548 18557 11444 19627 18556 12143 19628 14418
 12517 19629 14417 19631 14415 12518 15294 15295 15296 10787 15297 15299
 17020 12520 19639 19640 15301 10305 13364 17947 18548 18557 11444 19627
 18556 12143 19628 15291 14418 12517 19629 14417 19631 12518 15294 15295
 15296 10787 15297 15299 12520 19639 19640 15301 15302 10305 13364 19627
 19628 12517 19629 19631 12518 15294 15295 10787 15297 15299 19639 14417]"
8405,[192 193 194 194 194 194 194 194 195 195 195 195 196],"[10330 10330 10330 13141 17642 17641 11768 13744 13141 17641 17642 13744
 13141]"
8406,[192],[10506]
8407,[192 193],[10562 10562]
8408,[192],[10631]
8409,"[192 192 192 192 192 192 193 193 194 195 195 196 196 197 197 197 198 198
 198 198 198 199 199 199 199 200]","[10870 15896 20361 20364 12761 20356 15896 20364 20364 12764 20364 20364
 15904 12764 15904 20364 12763 20361 20364 12764 15904 12764 15904 20364
 20361 20364]"
8410,"[192 192 193 193 193 193 193 193 193 193 193 193 193 194 194 194 194 194
 194 195 195 195 195 195]","[11201 20421 11200 16574 16575 16576 18732 14556 11201 12207 20422 12783
 20421 11200 16576 18732 11201 20422 12783 11200 16576 18732 11201 20422]"
8411,[192],[11272]
8412,[192 192],[11527 18069]
8413,"[192 192 192 192 192 192 192 192 192 192 193 193 193 193 193 193 193 193
 193 193 193 193 193 193 193 193 193 193 193 193 193 193 193 193 194 194
 194 194 194 194 194 194 194 194 194 194 194 194 194 194 194 194 194 194
 194 194 194 194 194 195 195 195 195 195 195 195 194 195 195 195 195 195
 195 195 196 196 197 197 198]","[11667 15955 17414 12785 11668 14184 14186 16353 16354 18261 10402 13584
 13586 18262 11664 13585 18261 11666 13587 18260 14187 17414 11668 17415
 12033 14186 11667 14184 15955 16353 12786 15957 15958 20454 10402 13584
 13586 18262 11664 13585 18261 11666 13587 14187 17414 11668 17415 14186
 11667 14184 15955 16353 16354 12785 15957 12786 15958 20455 20454 10402
 13584 13586 18262 13587 17415 11667 12998 11078 12998 16354 12786 15957
 14187 20454 11078 20454 11078 16354 11078]"
8414,[192 192 192 193],[11669 17419 11670 11669]
8415,[192 192],[11744 17588]
8416,[192 193],[12023 12023]
8417,[192],[12146]
8418,[192],[13111]
8419,"[192 193 193 194 194 194 195 195 195 195 195 195 195 195 196 196 196 196
 196 196 196 196 196 196 197 197 197 197 197]","[13144 13144 16618 13144 16618 14630 11224 14626 16618 14628 13144 14629
 14630 20266 10688 14626 14628 14630 20265 11224 16618 14629 20266 13144
 13144 16618 14626 14628 14630]"
8420,"[192 192 192 192 192 192 192 193 193 193 193 193 193 193 193 193 193 193
 193 193 193 193 193 193 193 193 193 193 194 194 194 194 194 194 194 194
 194 194 194 194 194 194 194 194 194 194 194 194 194 194 194 194 194 194
 194 195 195 195 195 195 195 195 195 195 195 195 195 195 195 195 195 195
 195 195 195 195 195 195 196 196 196 196 196 196 196 196 196 196 196 196
 196 196 196 196 196 196 196 196 196 197 197 197 197 197 197 197 197 197
 197 197 197 197 197 197 197 197 197 197 197 197 197 197 197 198 198 198
 198 198 198 198 198 198 198 198 198 198 198 198 198 198 198 198 198 198
 198 198 199 199 199 199 199 199 199 199 199 199 199 199 199 199 199 199
 199 199 199 199 199 199 199 199 199 200 200 200 200 200 200 200 200 200
 200 200 200 200 200 200 200 200 200 200 200 200 200 200 200 201 201 201
 201 201 201 201 201 201 201 201 201 201 201]","[13361 15277 15278 15279 19612 17006 17007 10785 15277 15279 17009 11440
 15278 17008 11441 17006 17007 19612 19613 13360 13361 15276 11439 19611
 13359 15275 19610 19609 10369 13359 13361 11439 13360 11441 17005 17007
 17008 17009 10784 17006 11440 15277 10785 15274 15276 19612 15278 15279
 15275 12511 19613 19609 19610 19611 11163 11163 19609 19610 15275 12511
 19611 15276 19612 19613 19614 17006 11440 15278 17007 15277 17008 15279
 11439 13360 17009 11441 13359 13361 10785 15277 15279 17009 11440 15278
 17008 11441 17006 17007 19612 13360 13361 15276 12511 13359 15275 19610
 19611 19609 11163 10369 13359 13361 11439 13360 11441 17007 17008 17009
 11440 17006 15277 10785 15278 19612 15276 15279 19613 12511 15275 19611
 19610 19609 11163 10785 15277 15279 17009 11440 15278 17008 11441 17006
 17007 19612 19613 13360 13361 15276 11439 12511 19611 13359 15275 19610
 19609 11163 10785 15277 15279 17009 11440 15278 17008 11441 17006 17007
 19612 19613 13360 13361 15276 17005 11439 12511 19611 13359 15274 15275
 19610 19609 11163 10369 13359 13361 11439 13360 11441 17005 17007 17008
 17009 17006 11440 15277 10785 15276 19612 15278 15279 12511 15275 19613
 19610 19611 19609 11440 15277 15278 17006 17007 17008 19612 15279 17009
 15276 13360 11441 12511 13361]"
8421,[192 192 193 194 194 195],[13476 18104 18104 13476 18104 18104]
8422,[200],[18191]
8423,[192 193],[14525 14525]
8424,[192],[14528]
8425,[192],[14637]
8426,[192],[15141]
8427,[192 193],[15177 15177]
8428,[192],[15976]
8429,[192],[16193]
8430,[192],[16672]
8431,[192 193 193],[17164 17164 17165]
8432,[192],[17265]
8433,[192],[17406]
8434,[192 193 194],[17436 17436 17436]
8435,[192 193],[17895 17895]
8436,[192],[18698]
8437,[192 193],[19595 19595]
8438,[192 193 193],[19724 19721 19724]
8439,[192 193 194 195 195 195],[19777 19777 19777 10659 14493 19777]
8440,[192],[19845]
8441,[192],[19892]
8442,[192],[19912]
8443,[192],[20453]
8444,[192],[20455]
8445,"[193 193 193 193 193 193 193 193 194 194 194 194 194 194 194 194 195 195
 195 195 196 196 196 197 197 197 198 198 198 199 199 199 200 200 200 201
 201 201 201 202 202 202 202]","[ 334 5523 2467 9957  610 5520 9961 9952  332 9951 2465 9952 5518 5520
 2466  334  332 9951 2465 9952  332 9951 2465  332 3875 9951  332 3875
 9951  332 3875 9951  332 3877 9951  332 3875 3877 9951  332 3875 9951
 2465]"
8446,[193 194 195 196],[401 401 401 401]
8447,[193 194 195],[2283 2283 2283]
8448,[193],[3103]
8449,[193 193 194 194 194 194 194 194 195 195 195],[3283 7935  152 3281 3283 3285 7935 7936  152 3283 7935]
8450,[193],[3545]
8451,[193 194],[3925 3925]
8452,"[193 193 194 194 194 195 195 195 196 196 196 197 197 197 198 198 198 199
 199 199 200 200 200 201 201 201 202 202 202]","[4377 4379 4377 4379 4380 4377 4379 4380 4377 4379 4380 4377 4379 4380
 4377 4379 4380 4377 4379 4380 4377 4379 4380 4377 4379 4380 4377 4379
 4380]"
8453,[193 194 194 194],[5081 4949 5082 5081]
8454,[193],[5097]
8455,[193 194 194],[5533 5531 5533]
8456,[193 193],[5585 5586]
8457,[193 193],[5841 9921]
8458,[193],[6064]
8459,[193 194 194 195],[6361 6359 6361 6361]
8460,[193 193],[6439 6440]
8461,[193],[8239]
8462,[193],[8506]
8463,[193],[8626]
8464,[193],[8721]
8465,[193],[9832]
8466,[193 194],[9887 9887]
8467,[193 194],[9965 9965]
8468,[193 194],[10122 10122]
8469,[193],[10278]
8470,[193],[10507]
8471,[193],[10732]
8472,[193 193 193 194],[11190 16556 18694 16556]
8473,"[193 193 193 193 193 193 193 193 193 194 194 194 194 194 194 194 194 194
 194 194 194 194 194 194 194 194 194 194 194 194 194 194 194 194 194 194
 195 195 195 195 195 195 195 195 195 195 195 195 195 195 195 195 195 195
 195 195 195 195 195 195 195 195 195 195 195 195 195 195 196 196 196 196
 196 196 196 196 196 196 196 196 196 196 196 196 196 196 196 196 196 196
 196 196 196 196 196 196 196 196 196 196 196 196 196 196 196 197 197 197
 197 197 197 197 197 197 197 197 197 197 197 197 197 197 197 197 197 197
 197 197 197 197 197 197 197 197 197 197 197 197 197 197 197 198 198 198
 198 198 198 198 198 198 198 198 198 198 198 198 198 198 198 198 198 198
 198 198 198 198 198 198 198 198 198 198 198 198 198 198 198 199 199 199
 199 199 199 199 199 199 199 199 199 199 199 199 199 199 199 199 199 199
 199 199 199 199 199 199 199 199 199 199 199 199 199 199 199 200 200 200
 200 200 200 200 200 200 200 200 200 200 200 200 200 200 200 200 200 200
 200 200 200 200 200 200 200 200 200 200 200 200 201 201 201 201 201 201
 201 201 201 201 201 201 201 201 201 201 201 201]","[11447 13368 11449 13369 13371 11901 13968 17955 13365 10370 13365 13367
 13369 13371 17956 17957 11445 13366 17955 11447 13368 11449 13370 17015
 17017 17954 13968 11901 10522 13962 13964 16219 13963 11900 17951 17949
 10370 13365 13367 13369 13371 17956 11445 13366 17955 13368 11449 13370
 11451 17015 17954 13968 17953 11901 17950 17952 13966 11900 17949 17951
 13963 13964 16219 13962 10522 18559 18560 18563 10370 13365 13367 13369
 13371 17956 11445 13366 17955 11447 13368 17015 17017 17954 13968 10523
 17016 17953 11901 15290 17950 17952 13966 17949 11900 17951 13963 13964
 16219 11898 13962 10522 18559 18560 18563 12144 18562 10370 13365 13367
 13369 13371 17956 11445 13366 17955 11447 13368 11449 13370 17015 17017
 17954 13968 10523 17953 11901 17950 17952 13966 11900 17949 17951 13963
 13964 16219 13962 10522 18559 18560 18563 12144 18562 10370 13365 13367
 13369 13371 17956 11445 13366 17955 11447 13368 11449 17015 17017 17954
 13968 10523 17016 17953 11901 17950 17952 13966 11900 17949 17951 13963
 13964 16219 13962 10522 18559 18560 18563 12144 18562 10370 13365 13367
 13369 13371 17956 11445 13366 17955 11447 13368 11449 13370 17015 17017
 17954 13968 10523 17953 11901 17950 17952 13966 11900 17949 17951 13963
 13964 16219 13962 10522 18559 18560 18563 12144 18562 10370 13365 13367
 13369 13371 17956 11445 13366 17955 11447 13368 11449 13370 17015 17017
 17954 17018 13968 10523 17953 11901 17950 17952 13966 11900 17951 13963
 13964 16219 13962 10522 18559 18560 10370 13365 13367 13369 17956 11445
 13366 17955 11447 13368 17015 17017 17954 13968 10523 17953 11901 17952]"
8474,[193 194 194],[11505 11505 17124]
8475,[193],[11873]
8476,[193 193 193 193 193],[11969 14081 14082 18115 14083]
8477,[193 193 193 194 194 194 194 195 195 195],[11981 18139 15695 11981 18139 15695 15697 11981 15695 15697]
8478,[193 193],[12020 20357]
8479,[193 194],[12582 12582]
8480,[193 193 194 194 194 194 194 194 194],[12759 20348 12759 15889 15890 20348 20374 15888 20347]
8481,[193 194 195],[12793 12793 12793]
8482,[193],[12937]
8483,[193 194 194],[13742 13742 17637]
8484,[193 193 194 194],[14022 14023 14023 16254]
8485,[193 194],[14141 14141]
8486,[193 193 194 194 195 195 196 196 197],[15803 17324 15803 17324 15803 17324 15803 17324 15803]
8487,[193],[17234]
8488,[193 194],[17258 17258]
8489,[193],[17380]
8490,[193],[17714]
8491,[193 193],[18067 18068]
8492,[193],[18238]
8493,[193],[18454]
8494,[193],[18736]
8495,[193],[18800]
8496,"[193 194 195 196 197 197 197 197 198 198 198 199 199 199 199 199 200 200
 200 200 200 200 201 202]","[20277 20277 20277 20277 12006 18198 20276 20277 12006 18198 20276 12006
 14142 18198 20276 20277 12006 14142 18197 18198 20276 20277 14142 14142]"
8497,[193],[20282]
8498,[193],[20289]
8499,[194 194 194 194 194],[  81 3278 1358 8505 7054]
8500,[194 194 194 194 195 195 195 195 196 196 196 197 197],[ 205 3491 9924 2456  205 3491 2456 5495 2456 5495 5497 2456 9924]
8501,[194],[255]
8502,[194 194 195],[ 553 5099 5099]
8503,[194],[1382]
8504,[194],[1474]
8505,[196],[6018]
8506,[194 195],[1699 1699]
8507,[194 194 195 195 196 197 198 198 199 199 200],[1715 7842 1715 7842 1715 1715 1715 7842 1715 7842 1715]
8508,[194 194 194],[1939 8418 6930]
8509,[194 194 195 196 197 198 198 198],[2395 9742 9742 9742 9742 2394 9742 2395]
8510,[194],[3080]
8511,[194 194],[4192 4194]
8512,[194],[4343]
8513,"[194 194 194 195 195 196 196 196 196 197 197 197 198 199 199 200 200 200
 201 201 202 202 202 203 203 203 203 203 204 203 203 204 204 205 205 205
 205 206 206 206 207 207 207 207 208]","[5076 5077 5079 5077 5079 5077 5079 9424 5081 5077 5079 5081 5077 5077
 9418 5076 5077 9418 5077 9418 5077 5079 2283 2283 9419 2286 5077 5079
 5079 5081 5082 5081 5082 5079 9424 5081 5082 5079 9424 5081 5077 5079
 9424 5081 5077]"
8514,[194],[5522]
8515,[194 194],[5526 5528]
8516,[194],[5838]
8517,[194],[6062]
8518,[194 195],[6839 6839]
8519,[194],[7710]
8520,[194 195 195 196 196 197 198],[8760 8760 8761 8760 8761 8761 8761]
8521,[194 195],[9577 9577]
8522,[194],[10500]
8523,[194 194 194 194 194],[10569 16303 11049 12970 11051]
8524,[194 194],[11037 16281]
8525,[194],[11651]
8526,[194],[11824]
8527,[194],[12018]
8528,[194],[12031]
8529,[194],[12269]
8530,[194],[12463]
8531,[194],[12989]
8532,[194],[13412]
8533,[194],[13418]
8534,"[194 195 195 195 195 196 196 196 196 196 196 196 196 197 197 197 197 197
 197 197 196 196 196 196 196 197 197 198 198 198 198 198 198 198 198 198
 198 199 199 199 199 199 200 200 200 200 201 201 201 201]","[13996 13994 13996 13997 13394 11918 13995 13996 13997 13994 17996 13394
 13396 11918 13995 13996 13997 13994 17996 13394 11477 15389 17074 17075
 17072 13397 17075 11476 13396 13397 13394 17996 13997 11918 13996 13995
 13994 13994 13995 13996 13997 17996 13394 17996 13997 13996 13394 17996
 13997 13996]"
8535,[194],[14071]
8536,[194],[14221]
8537,[194 195],[14528 14528]
8538,[194 194],[14530 18698]
8539,[194],[14608]
8540,[194],[15350]
8541,[194],[15880]
8542,[194 194],[15891 18799]
8543,[194],[16050]
8544,[194],[16233]
8545,[194 195 195 196 196 197 197 197],[16783 10732 16783 10732 16782 10732 16782 16783]
8546,[194 195],[16785 16785]
8547,[194 194 194],[17213 20029 20030]
8548,[194 194],[17230 17231]
8549,[194],[17378]
8550,[194],[19462]
8551,[194],[19754]
8552,[194 195],[19845 19845]
8553,[194],[19925]
8554,[194],[19980]
8555,[194],[20260]
8556,[194],[20370]
8557,[194],[20465]
8558,[195],[727]
8559,[195],[1122]
8560,[195 195],[1619 3657]
8561,[195 195 196 196],[2495 5593 2495 5593]
8562,[195],[2522]
8563,[195],[3273]
8564,[195],[3305]
8565,"[195 196 197 198 199 199 199 200 200 200 200 200 200 200 200 200 200 200
 200 200 200 200 200 201 201 201 201 201 201 201 201 201 201 201 201 201]","[3681 3681 3681 3681 3681  746 7646  267 3678 3682 3684 5954  746 3681
 3683 1635 7656 7646 1632 7657 3686 7647 1636  267 3678 3682 3684  746
 3681 3683 1635 7656 1632 7657 7647 1636]"
8566,[195],[4961]
8567,"[195 196 196 196 196 196 196 196 197 197 197 197 197 197 197 198 198 198
 198 198 198 199 199 199 199]","[5405  984 2904 9817 9818 9819 2420 5405  984 2904 9817 9818 2420 5405
 9816  984 2904 9818 5405 2420 9816  984 2904 5405 9816]"
8568,[195 196 197 198 199 200 201 202 203],[5655 5655 5655 5655 5655 5655 5655 5655 5655]
8569,[195],[6873]
8570,[195],[7632]
8571,[195 196],[7724 7724]
8572,[195],[7941]
8573,[195],[8721]
8574,[195 196 197 198],[8784 8784 8784 8784]
8575,[195],[9407]
8576,[195 196 196],[9585 5213 9585]
8577,[195],[9959]
8578,[195 196 196 196 197 197 197 198],[10055  2500 10055 10054  2500 10053 10054 10053]
8579,[195],[10399]
8580,[195 196 196 197 197],[10527 10527 15336 10527 15336]
8581,[195 195 195 195 196],[10625 16848 18428 16850 16848]
8582,[195 196 197],[10966 10966 10966]
8583,[195 196 197 198 199 200],[11011 11011 11011 11011 11011 11011]
8584,[195 195 195 196 196],[11322 14920 19178 14920 19178]
8585,"[195 195 195 195 195 196 196 196 196 196 196 196 195 196 197 197 197 197
 197 197 197 197 198 198 198 198 198 198 198 199 199 199 199 199 199 199
 200 200 200]","[12226 18779 18780 18782 14597 12226 18779 18780 18781 18782 16596 14597
 14589 14589 12226 18779 18780 18782 16596 14597 14588 14589 14588 14589
 16596 18779 18780 18782 14597 14589 14594 18779 16596 18780 18782 14597
 14589 18779 18782]"
8586,[195 196 196 196 197 197 197 197 198 198 198 198],[13314 11394 13314 16924 13314 13315 13316 16924 11394 13314 13315 13316]
8587,[195 195],[14049 14050]
8588,[195 196],[14142 14142]
8589,[195],[14195]
8590,[195],[14423]
8591,[195],[14525]
8592,[195 196],[15368 15368]
8593,[195 196],[15451 15451]
8594,[195 196 197],[16272 16272 16272]
8595,[195 196 196 196 197 197 197 197 197 197 197 198 198],"[16592 16592 16594 12223 10679 14585 16592 16593 14586 16594 12223 12223
 16592]"
8596,[195],[17385]
8597,[195 196],[18039 18039]
8598,[195],[19104]
8599,[195],[19445]
8600,[195],[19940]
8601,[195],[20335]
8602,[196],[210]
8603,[196 196 197 197],[ 440 6359 6359 6361]
8604,[196 197 198 199 200],[918 918 918 918 918]
8605,"[196 196 196 197 197 197 197 197 197 197 197 197 197 197 197 198 198 198
 198]","[ 990 8606 8607  989 2908 2910 6387 6389 2911 6390 6388  990 8606 4408
 8607  990 4408 6389 6390]"
8606,[196],[1249]
8607,[196],[1367]
8608,[196],[1864]
8609,[196 197],[2468 2468]
8610,[196 196 197 197 197 197],[ 2510  5630  2510  5630 10087  5629]
8611,[196 197],[2523 2523]
8612,[196],[2608]
8613,[196 197],[3141 3141]
8614,[196],[3872]
8615,[196],[4098]
8616,[196],[4489]
8617,[196],[4968]
8618,[196 197 197 197 197 198],[5867  701 5867 5868 5866 5867]
8619,[196 197 198 199 200],[6899 6899 6899 6899 6899]
8620,[196],[7051]
8621,[196],[7811]
8622,[196 197 198 198 199 199 200 201 202 203 204 204 205 205 206 207],"[8074 8074 3986 8074 3986 8074 3986 3986 3986 3986 3986 8074 3986 8074
 8074 8074]"
8623,[196 197 197],[8717 8717 8719]
8624,[196],[9066]
8625,[196 197 198 199],[9095 9095 9095 9095]
8626,[196],[9198]
8627,[196],[9220]
8628,"[196 197 197 197 197 197 197 197 197 197 198 198 198 198 198 198 198 198
 199 199]","[9610 2348 5225 9599 2349 9597 9610 9611 9596 5233 2348 5225 9599 2349
 9597 9610 9611 5233 5225 9610]"
8629,[196],[9621]
8630,[196],[10127]
8631,[196],[10275]
8632,[196 197],[11456 11456]
8633,[196],[11831]
8634,[196 197 197],[12106 12106 18454]
8635,[196],[12123]
8636,[196 196],[12228 18785]
8637,[196 197],[12436 12436]
8638,"[196 196 196 196 196 196 197 197 197 197 197 197 197 197 197 198 198 198
 198 198 198 199 199 199 199 199 199 199 200]","[12530 15323 19667 19666 15321 17033 11455 15323 17033 19666 12530 15324
 19667 15321 15325 11455 15323 17033 15324 15321 12477 11455 15323 17033
 15324 15321 15191 12477 11455]"
8639,[196 197],[12754 12754]
8640,[196 197 197 197],[12781 12781 15945 20414]
8641,[196],[13276]
8642,[196 197],[14900 14900]
8643,[196 196 197],[15041 19335 19335]
8644,"[196 197 198 198 198 196 197 198 199 199 199 199 199 200 200 200 200 200
 200 198 199 199 200 200 201 201 201 201 201 201 201 201 201 201 201 202
 202 202 202 202 202 202 202 202 202 202 203 203 203 203 203 203 203 203
 203 203 204 204 204 205]","[15816 15816 12730 15816 15815 20259 20259 20259 10330 20259 12729 20258
 15816 10330 13143 20250 20259 20260 15816 15812 15812 15813 12728 15812
 10330 13143 20250 20259 12726 20260 20257 15816 12728 15817 15812 11225
 13145 20260 20261 20259 15816 15817 12726 20257 12728 15812 10330 13145
 20260 15816 20261 12730 15817 12726 20257 12728 12726 12728 15812 12728]"
8645,[196 196],[16599 16600]
8646,[196 197 198 199],[16892 16892 16892 16892]
8647,[196 196 196 197 197 198 198 199],[17049 19721 19724 17049 19724 19723 19724 19724]
8648,[196 197],[17832 17832]
8649,[196 197],[18028 18028]
8650,[196],[18582]
8651,[196],[19111]
8652,[196 197],[19463 19463]
8653,[197],[6]
8654,[197],[302]
8655,[197],[441]
8656,[197 197],[ 844 6125]
8657,[197],[1357]
8658,[197],[1365]
8659,[197 197],[1374 7082]
8660,[197 197 197 197 198 198 198 198],[1635 3683 7657 1636 1635 3683 7657 1636]
8661,[197 198],[1889 1889]
8662,[197 197],[2051 8722]
8663,[197 197 197 197 198 198 198 198 198 199 199 199 200],[2276 9389 9391 9388 2276 5052 9389 9391 9388 5052 9388 9389 9388]
8664,[197],[3641]
8665,[197],[4345]
8666,[197],[4348]
8667,[197 198],[4356 4356]
8668,[197],[5395]
8669,[197 198],[5641 5641]
8670,[197 198],[6612 6612]
8671,[197],[7273]
8672,[197 198],[7988 7988]
8673,[197 197],[8525 9486]
8674,[197],[8589]
8675,[197 198 199 200],[9478 9478 9478 9478]
8676,[197],[9972]
8677,[197],[10122]
8678,[197],[10551]
8679,"[197 197 197 197 198 198 198 198 198 198 198 198 198 198 198 198 198 199
 199 199 199 199 199 199 200 200 200 200]","[11038 16283 16282 15623 10558 14069 16284 20028 20031 16283 20030 12653
 16282 15623 11555 17215 11556 10558 14069 20031 12653 15623 15622 11556
 11555 15622 15623 17215]"
8680,[197],[11119]
8681,[197],[11215]
8682,[197 197 198 198 198],[11403 16939 11403 16939 16940]
8683,[197 198],[11852 11852]
8684,"[197 198 198 198 198 198 198 198 198 198 198 198 199 199 199 199 199 199
 199 199 200 200]","[12306 10714 14780 16712 12307 14779 11278 19006 19005 16714 12306 13198
 10714 14780 16712 12307 11278 16713 13198 12306 10714 16712]"
8685,[197],[13237]
8686,[197 198],[13275 13275]
8687,[197],[13322]
8688,[197],[13461]
8689,[197],[13642]
8690,[197 197 198],[13769 13770 13769]
8691,[197],[14043]
8692,[197 198],[14099 14099]
8693,[197],[14525]
8694,[197],[14609]
8695,[197],[15557]
8696,"[197 198 198 198 198 198 198 198 199 199 199 199 199 199 199 199 199 200
 200 200 200 200 200 200 200 201 201 201 201 201 201 202 202 202 202 203
 203 203 203 203 204 204 204 204 204 204 204 205 205 205 205 205 205 205
 206 206 207 208 209 209 210 210 211 211]","[17332 13541 17332 17333 17330 17331 15818 17329 11620 13539 13540 13541
 17329 17330 17332 11621 15818 11620 13539 13540 13541 17329 17330 17332
 17328 11620 13539 13540 17329 17330 17328 11618 13539 17328 13540 11618
 13539 11620 13540 17332 11620 13539 13540 13541 17329 17332 17333 11620
 13540 13541 17329 17330 17332 17333 13541 17332 17332 17332 13541 17332
 13541 17332 13541 17332]"
8697,[197],[17590]
8698,[197 198 198 199 199 199],[17713 17712 17713 17712 17713 17714]
8699,[197 198 199 200 201],[17762 17762 17762 17762 17762]
8700,[197 198],[18117 18117]
8701,[197 198 198 199],[18142 18141 18142 18142]
8702,[197 197],[18409 18412]
8703,[197],[18461]
8704,[197 198],[18697 18697]
8705,[197 198],[18825 18825]
8706,[197],[19937]
8707,[198],[59]
8708,[198],[130]
8709,[198 199],[401 401]
8710,[198 198 198],[ 963 2884  965]
8711,[198],[1645]
8712,[198],[1767]
8713,[198],[1769]
8714,[198 198 199],[1939 8417 1939]
8715,[198],[2145]
8716,[198 199 199],[2658 2658 8182]
8717,[198],[3273]
8718,[198],[3287]
8719,[198],[3481]
8720,[198],[3552]
8721,[198],[3657]
8722,[198],[5407]
8723,[198],[6090]
8724,[198],[6093]
8725,[198],[7051]
8726,[198],[7124]
8727,[198],[7375]
8728,[198 199 200],[7710 7710 7710]
8729,[198],[7836]
8730,[198],[8043]
8731,[198],[8530]
8732,"[198 199 200 201 202 203 204 205 206 207 208 209 210 211 212 212 213 213
 214 214 215 215 216 216 217 217 218 218 219 220]","[8727 8727 8727 8727 8727 8727 8727 8727 8727 8727 8727 8727 8727 8727
 4507 8727 4507 8727 4507 8727 4507 8727 4507 8727 4507 8727 4507 8727
 8727 8727]"
8733,[198 199 200],[9187 9187 9187]
8734,[198],[9424]
8735,[198],[9476]
8736,[198],[9954]
8737,[198],[9961]
8738,[198],[10061]
8739,[198],[10125]
8740,[198 198 199 199 199 199 199],[10325 17623 10325 17621 17623 17624 17625]
8741,[198 198 198],[10363 13320 13324]
8742,[198 198 198 198 199],[10438 13711 19919 13712 13712]
8743,[198],[11337]
8744,[198],[12013]
8745,[198 199],[12018 12018]
8746,[198 198 198 198],[12122 14373 18501 14372]
8747,[198 199],[12954 12954]
8748,[198],[12970]
8749,"[198 199 199 199 200 199 200 200 201 201 201 201 201 201 201 201 202 202
 202 203 203 203]","[13584 13584 18261 14187 18261 11666 11666 17412 11666 13585 17411 17412
 17414 13584 17413 18261 13584 17411 17412 11666 17411 17412]"
8750,[198],[13916]
8751,[198 198 199],[14161 16339 16339]
8752,[198 199],[14165 14165]
8753,[198],[14195]
8754,[198 199 200],[14608 14608 14608]
8755,[198 199],[14687 14687]
8756,[198 199],[14904 14904]
8757,[198],[15532]
8758,[198],[15880]
8759,[198],[15996]
8760,[198 199],[17340 17340]
8761,[198],[17436]
8762,[198],[17645]
8763,[198 199 199 199 199 200 200 200 200 201],[17666 13164 17666 18892 17667 13164 17666 18892 14686 17666]
8764,[198],[18303]
8765,[198],[18327]
8766,[198 199],[18582 18582]
8767,[198],[18690]
8768,[198],[19190]
8769,[198],[19328]
8770,[198],[19385]
8771,[198],[19864]
8772,[198 199 199],[19926 11948 19926]
8773,[198],[20354]
8774,[198 199],[20442 20442]
8775,[199],[249]
8776,[199 199 200 201 201 201 201],[ 266 6692  266  266 6692 6693 6694]
8777,[199],[1481]
8778,[199 199],[1625 4891]
8779,[199],[1897]
8780,[199],[2490]
8781,[199 199],[3116 6761]
8782,[199 199 199],[3429 7299 7300]
8783,[199],[3795]
8784,[199 200 200],[4776 4776 9057]
8785,[199],[5028]
8786,[199 200],[5055 5055]
8787,[199],[5577]
8788,[199 200 200 200 200 200 201 201],[ 5583   438  5581  5583  5582 10028  5581  5583]
8789,[199],[5994]
8790,[199 200],[6803 6803]
8791,[199],[8306]
8792,[199 200 201 202],[8398 8398 8398 8398]
8793,[199],[9556]
8794,[199 200 200 200 201 201 201 202 202],[9651 9651 9653 9654 9651 9653 9654 9651 9654]
8795,[199 199],[10774 19513]
8796,[199],[11215]
8797,[199 200],[11907 11907]
8798,[199],[11912]
8799,[199 199 200 200],[12781 20414 12781 20415]
8800,[199 199 200],[12858 12859 12859]
8801,[199 199],[15389 17075]
8802,[199],[16272]
8803,[199],[17386]
8804,[199 200 200 201 201 202 203],[17430 10881 17430 10881 17430 10881 10881]
8805,[199 200],[18625 18625]
8806,[199],[19433]
8807,[199],[19773]
8808,[199],[19777]
8809,[200 200 201 202],[ 968 6352 6352 6352]
8810,[200 200 200],[1162 3082 3083]
8811,[200 201],[1270 1270]
8812,[200 201 201 201],[2270 2270 5036 9370]
8813,[200],[2280]
8814,[200 200],[2420 9817]
8815,[200],[2921]
8816,[200],[3301]
8817,[200 201],[5025 5025]
8818,[200],[5029]
8819,[200 200 200 200 201 201 201 201 201 201],[5066 9406 9407 6782 1208 5066 9406 5067 9407 2281]
8820,[200 201 202],[5080 5080 5080]
8821,[200 201 201],[5565 5564 5565]
8822,[200],[5868]
8823,[200],[6265]
8824,[200 200],[7091 7092]
8825,[200 201],[7100 7100]
8826,[200],[8303]
8827,[200],[8308]
8828,[200],[8623]
8829,[200],[9232]
8830,[200],[9252]
8831,[200],[10068]
8832,[200],[11492]
8833,[200],[11538]
8834,[200],[11625]
8835,[200 200],[11724 17541]
8836,[200],[12693]
8837,[200 201 201 201 201 202 202],[12754 12754 20336 15880 15881 12755 20336]
8838,[200],[16119]
8839,[200],[16284]
8840,[200],[16322]
8841,[200],[17043]
8842,[200 200],[19110 19111]
8843,[200],[19121]
8844,[200],[19448]
8845,[200],[19955]
8846,[200 201 202 202 203],[19964 19964 19964 19966 19964]
8847,[200 200 201 201 202],[20456 20457 20456 20457 20457]
8848,[201],[207]
8849,[201],[263]
8850,[201 201 202 202 202 203],[1482 7299 1482 7299 7300 1482]
8851,[201 202 202],[2059 2059 4524]
8852,[201 202 203],[2273 2273 2273]
8853,[201],[2485]
8854,[201 201 202 203 204],[ 2523 10126  2523  2523  2523]
8855,[201],[3004]
8856,[201 201],[3141 9476]
8857,[201],[4935]
8858,[201],[4939]
8859,[201 202 202 202 203 203],[5039 5037 5038 5039 5039 9400]
8860,[201],[5525]
8861,[201],[5773]
8862,[201 202 203 204 204 205 206 206 207 208],[6361 6361 6361 6359 6361 6359  440 6359 6359 6359]
8863,[201],[7133]
8864,"[201 202 202 202 202 202 202 202 203 203 203 203 203 203 203 203 203 203
 203 203 203 203 204 204 204 204 204 204 204 204 204 204 204 204 205 205
 205 205 206 206]","[7416  693 3516 7417 7418 7416 4420 4421  213 4420 6397 7416 7419 7415
 1534 7418 7417 3516  693 3515 5855 5856  213 4420 7416 7419 7415 1534
 7418 7417 3516  693 3515 5855  693 5855 7417 4420  693 7417]"
8865,[201],[7924]
8866,[201],[8416]
8867,"[201 201 201 201 201 202 202 202 202 202 202 202 203 203 203 203 203 203
 203 203 204 204 204 204 204 204 204 204 204 204 204 204 204 205 205 205
 205 205]","[10278 12997 16353 14184 14185 10278 12998 11078 16353 14184 14186 14187
 10278 12998 18825 20053 14186 14187 16353 16354 10278 12998 18825 20053
 10598 14184 14186 16353 14187 18261 11664 13584 13585 12998 14184 14186
 14187 18261]"
8868,[201 201 202 202],[11038 16283 16283 16284]
8869,[201],[11357]
8870,[201],[11590]
8871,[201],[11621]
8872,"[201 202 202 202 203 203 203 203 203 203 203 203 204 204 204 204 204 204
 204 204 204 204 204 204 205 205 205 205 205 205 206 206 206 206 207 207
 207 208 208 208 209]","[12018 12018 10589 15878 10589 15876 15878 17368 18224 12018 14162 20334
 10589 15876 15878 17367 18224 18227 12754 18226 20333 20334 14162 20337
 12754 15878 20333 20336 15880 18224 12754 20333 20336 12755 12754 20336
 12755 12754 15878 15876 12754]"
8873,[201],[13410]
8874,[201],[13644]
8875,[201],[13703]
8876,[201 201],[14052 14054]
8877,[201 202],[15023 15023]
8878,[201],[15560]
8879,[201],[15725]
8880,[201 202],[16194 16194]
8881,[201 201],[16596 18780]
8882,[201],[17075]
8883,[201],[17182]
8884,[201],[17688]
8885,[201],[18105]
8886,[201],[18307]
8887,[201],[18432]
8888,[201],[18583]
8889,[201],[19723]
8890,[202 202 203 203 203 204],[ 439 4346  439 4346 6353 4346]
8891,[202],[1017]
8892,[202],[1158]
8893,[202],[1633]
8894,[202],[2148]
8895,[202 202 202 203 203 203 203 203 204 204 204],[2211 9197 9200  522 6677 9197 9200 2211 2211 9197 9200]
8896,[202 202 202],[2280 5061 9401]
8897,[202 202 202 203 203 203 204],[2349 9610 5233 5233 5234 9611 5233]
8898,[202],[6899]
8899,[202],[7428]
8900,[202 203 203 203 204],[7807 1270 7807 1700 1700]
8901,[202],[8708]
8902,[202],[9186]
8903,[202],[9491]
8904,"[202 203 204 205 206 207 207 203 204 204 205 205 206 206 207 207 207 208
 208 208 208 208 209 209 209 209]","[10014 10014 10014 10014 10014   616 10014  2484  2484 10008  2484 10008
  2484 10008  2484  5564 10008   616  5565 10014  2484  5564   616  5561
  5565  5564]"
8905,[202 203],[10025 10025]
8906,[202 203],[10506 10506]
8907,"[202 202 202 203 203 203 203 203 204 204 204 204 204 204 204 203 203 203
 203 204 204 204 204 204 204 204 204 204 204 204 204 204 204 204 204 204
 204 204 205 205 205 205 205 205 205 205 205 205 205 205 205 205 205 205
 205 205 205 205 205 206 206 206 206 206 206 206 206 206 206 206 206 206
 206 206 206 206 207 207 207 207 207 207 207 207]","[10625 16848 18428 10625 16848 18428 18431 16850 12096 14315 18428 18430
 18431 12097 14318 16852 19303 19304 19306 10493 15020 15022 16854 17824
 11845 15021 17823 12408 11846 17826 19302 19303 19304 19306 11354 16852
 13273 11352 11352 13273 18432 11354 12097 19302 19303 14318 18430 11845
 15021 12408 19304 15020 17823 15022 19306 17824 11846 17826 17825 11352
 18432 18431 11354 19302 19303 11845 15021 12408 19304 15020 17823 19306
 17824 11846 17826 17825 10493 15020 15022 17824 11845 15021 17823 19304]"
8908,[202 202 203],[10673 14559 10673]
8909,[202 202 202],[10679 14585 14587]
8910,[202 203 203 204 204 204 205],[11051 11051 16305 11051 12970 16305 12970]
8911,[202],[11625]
8912,[202 203 203],[11954 11954 18077]
8913,[202 202 203],[12418 19335 12418]
8914,[202 203 204],[13642 13642 13642]
8915,[202],[14379]
8916,[202],[14588]
8917,[202 202 202 203 203 203 204 205],[15153 19461 19462 15153 19461 19462 19462 19462]
8918,[202],[15395]
8919,[202],[15819]
8920,[202],[16375]
8921,[202],[16486]
8922,[202],[17176]
8923,[202 203 203 204 204 204 205 205 205 205 206 206 207 207],"[17597 17597 17598 11189 17597 17598 11189 17596 17597 17598 17597 17598
 17597 17598]"
8924,[202],[19450]
8925,[202],[19469]
8926,"[202 203 203 203 203 203 204 204 204 204 204 204 204 204 204 204 204 204
 204 204 204 205 205 205 205 205 205 205 205 205 205 205 205 205 205 205
 205 205 205 205 205 205 203 204 204 204 204 205 205 205 204 205 206 206
 206 206 206 206 206 206 206 206 206 206 206 206 206 206 206 206 206 206
 206 206 206 206 206 206 206 206 206 206 206 206 206 206 206 206 206 206
 204 204 205 205 205 205 206 206 206 206 206 207 207 207 207 207 207 207
 207 207 207 207 207 207 207 207 207 207 207 207 207 207 207 207 207 208
 208]","[19940 14537 14538 19940 19941 18705 11965 14074 18105 18701 18702 18104
 12196 18704 18705 12197 14536 14538 19940 19941 19939 11192 14535 16561
 16562 18703 12197 14536 18704 12196 14537 18705 14538 18702 18701 19940
 19941 14074 11965 19939 18105 18104 20031 10558 20031 20030 15623 11555
 15623 20030 11556 11556 10558 14069 20031 12653 20030 15623 15622 17216
 11556 20035 18104 18103 18105 11965 14075 14074 18701 10559 18702 12196
 18705 18704 18703 12197 18706 14535 11192 16560 14536 14537 16561 16562
 16559 10668 14538 13112 19941 15550 12620 17168 12620 15545 15546 17168
 12620 15545 19935 12621 15546 10668 14536 16563 12197 14535 14537 11193
 19936 18704 11192 18703 12621 15545 12196 18702 16560 14533 15546 18701
 16559 11965 18103 18104 15622 15622 15623]"
8927,[203 203 204],[ 180 6233 6233]
8928,[203 204 205 206 206 207],[ 311  311  311  311 7834  311]
8929,[203],[552]
8930,[203],[865]
8931,[203],[918]
8932,[203 203 203 204 204],[1160 3080 3081 1160 3080]
8933,[203],[1374]
8934,[203],[1455]
8935,[203],[1863]
8936,[203],[4841]
8937,[207 208 208],[7710 7710 7711]
8938,[203],[5560]
8939,[203],[6465]
8940,[203 204 205],[6895 6895 6895]
8941,[203],[6950]
8942,[203],[7234]
8943,[203],[7794]
8944,[203],[7928]
8945,[203],[7950]
8946,[203],[8043]
8947,"[203 204 204 204 204 204 204 204 204 205 205 205 205 205 205 205 205 205
 205 205 205 205 205 205 205 205 205 205 205 206 206 206 206 206 206 206
 206 206 206 206 206 206 206 206 206 206 206 206 206 206 206 206 206 206
 207 207 207 207 207 207 207 207 207 207 208 208 208 208 208 208 208 208
 208 209 209]","[8275 1177 8275  760 2680 5976 8322 8323 1885  760 2680 2681 5976 5978
 8322 8323 8267 1903 4183 1883 8269 4139 4140 8270 1885 8273 1886 8275
 1177  280 5976 8318 8321  760 5978 8322 8320 1903 2680 2681 8323 4182
 8267 8268 8269 4140 8270 1885 8273 1177 3097 8275 3099 9305  760 2680
 2681 5976 5978 8322 8323 8267 1885 4140  760 5978 8322 8323 1883 8267
 4140 1885 8273  760 8323]"
8948,[203],[8746]
8949,[203 204],[8765 8765]
8950,[203],[8859]
8951,[203],[9133]
8952,[203],[10111]
8953,"[203 203 203 203 203 203 203 203 203 203 204 204 204 204 204 204 204 204
 204 204 204 204 204 204 204 204 204 204 205 205 205 205 205 205 205 205
 205 205 205 205 205 205 205 205 206 206 206 206 206 206 206 206 206 206
 206 206 206 206 206 206 206 206 206 206 206 206 206 206 207 207 207 207
 207 207 207 207 207 207 207 207 207 207 207 207 207 207 207 207 207 207
 207 207 207 208 208 208 208 208 208 208 208 208 208 208 208 208 208 208
 208 208 208 208 208 208 208 208 208 209 209 209 209 209 209 209 209 209
 209 209 209 209 209 209 209 209 209 209 209 209 209 209 209 209 209 209
 209 209 210 210 210 210 210 210 210 210 210 210 210 210 210 210 210 210
 210 210 210 210 210 210 210 210 210 210 210 210 210 210 211 211 211 211
 211 211 211 211 211 211 211 211 211 211 211 211 211 211 211 211 211 211
 211 211 211 211 211 211 211 212 212 212 212 212 212 212 212 212 212 212
 212 212 212 212 212 212 212 212 212 212 212 212 212 212 212 212 213 213
 213 213 213 213 213 213 213 213 213 213 213 213 213 213 213 213 213 213
 213 213 213 214 214 214 214 214 214 214 214 214 214 214 214 214 214 214
 214 214 214 215 215 215 215 215 215 215 215 215 215 215 215 215 215 215
 215 216 216 216 216 216 216 217]","[10305 10787 15295 15297 15299 12518 15294 19639 19631 12517 10305 13364
 18548 18557 19627 18556 19628 14418 12517 19629 19631 12518 15294 15295
 10787 15297 15299 19639 10305 13364 17947 18548 18557 11444 19627 18556
 19628 12517 19629 19631 12518 15294 15295 15297 10305 13364 17947 18548
 18557 11444 19627 18556 19628 15291 14418 12517 19629 19631 12518 15294
 15295 15296 10787 15297 15299 17020 12520 19639 10305 13364 17947 18548
 18557 11444 19627 18556 19628 14418 12517 19629 19631 12518 15294 15295
 15296 10787 15297 15299 17020 12520 19639 19640 15301 10305 13364 17947
 18548 18557 11444 19627 18556 19628 14418 12517 19629 14417 19631 12518
 15294 15295 15296 10787 15297 15299 12520 19639 15301 10305 13364 17947
 18548 18557 11444 19627 18556 12143 19628 14418 12517 19629 14417 19631
 14415 12518 15294 15295 15296 10787 15297 15299 17020 12520 19639 19640
 15301 15302 10305 13364 17947 18548 18557 11444 19627 18556 12143 19628
 15291 14418 12517 19629 14417 19631 14415 12518 15294 15295 15296 10787
 15297 15299 17020 12520 19639 19640 15301 15302 10305 13364 17947 18548
 18557 11444 19627 18556 12143 19628 14418 12517 19629 14417 19631 14415
 12518 15294 15295 15296 10787 15297 15299 17020 12520 19639 19640 15301
 15302 10305 13364 17947 18548 18557 11444 19627 18556 12143 19628 14418
 12517 19629 14417 19631 14415 12518 15294 16491 15295 15296 10787 15297
 15299 12520 19639 19640 10305 13364 17947 18548 18557 11444 19627 18556
 12143 19628 14418 12517 19629 14417 19631 14415 12518 15294 15295 10787
 15297 15299 19639 10305 13364 18557 19627 18556 19628 14418 12517 19629
 14417 19631 12518 15294 15295 10787 15297 15299 19639 10305 13364 18557
 19627 18556 19628 14418 12517 19629 19631 12518 15295 10787 15297 15299
 19639 12518 15295 19631 15297 15299 19628 19631]"
8954,[203 204 205 206],[10658 10658 10658 10658]
8955,[203],[10735]
8956,[203 203],[11323 16797]
8957,[203 203 203 ... 269 269 269],[11440 15277 15278 ... 15275 19610 19609]
8958,[203 203 203 204 204 205 206 207],[11708 13645 19190 13645 19190 19190 19190 19190]
8959,[203 203 203 203 203 204 204 204 204 204 204],[11913 13985 13986 17982 13988 11913 13985 13986 17982 17983 13988]
8960,[203 203],[12312 19754]
8961,[203 204 204 204 204 204 204 204 204 204 205 205 206 206],"[12373 10736 14937 14939 16804 12373 19204 19202 11126 13045 14937 14939
 14937 14939]"
8962,[203 204],[13043 13043]
8963,[203],[14195]
8964,[203],[14314]
8965,[203],[14608]
8966,[203],[14775]
8967,[203 203],[14911 19169]
8968,[203 204],[15161 15161]
8969,[203],[16655]
8970,[203 204 204 205 205 204 205 205 206 206 206 206 206 206 207 207 208 208],"[18083 18083 19980 18083 19980 19983 12636 19983 12636 15583 15584 19983
 19980 18083 15583 19983 15583 19983]"
8971,[203],[18273]
8972,[203],[18461]
8973,[203],[19198]
8974,[203],[19467]
8975,[203 204 204 205 205],[19724 19721 19724 19721 19724]
8976,[203],[20364]
8977,"[204 204 204 204 204 204 204 204 204 205 205 205 205 205 205 205 205 205
 205 205 205 205 205 206 206 206 206 206 206 206 206 206 206 206 206 207
 207 207 207 207 207 207 207 207 208 208 208 208 208 208 209 209 209 210
 210 210 210 210 210]","[ 152 3281 7935  612 5535 7065 2472 1365 7067  152 3281 3283 3285 3287
 7935 7936 7934 1365 3286 7065 7067 7068 1366  152 3281 3283 3285 3287
 7935 7936 7934 1365 3286 1367 7068  152 3283 3285 3287 7935 7936 3286
 7934 7068 1365 3286 7065 7067 3287 1366 3286 5537 9976 1366 7066 7067
 9976 3286 3287]"
8978,[204 204 204 ... 269 269 269],[ 317 6043 8460 ... 7878 3842 3844]
8979,"[204 204 204 204 204 204 204 204 204 204 204 204 204 204 204 204 204 204
 204 204 204 204 204 204 204 204 204 204 204 204 204 204 204 204 204 204
 204 205 205 205 205 205 205 205 205 205 205 205 205 205 205 205 205 205
 205 205 205 205 205 205 205 205 205 206 206 206 206 206 206 206 206 206
 206 206 206 206 206 206 206 206 206 206 206 206 206 206 206 206 206 206
 206 206 206 206 206 206 206 206 206 206 206 206 206 206 206 206 206 206
 206 206 206 207 207 207 207 207 207 207 207 207 207 207 207 207 207 207
 207 207 207 207 207 207 207 207 207 207 207 207 207 207 207 207 207 207
 207 207 207 207 207 207 207 207 207 207 207 207 207 208 208 208 208 208
 208 208 208 208 208 208 208 208 208 208 208 208 208 208 208 208 208 208
 208 208 208 208 208 208 208 208 208 208 208 208 208 208 208 208 208 208
 208 208 208 208 208 208 209 209 209 209 209 209 209 209 209 209 209 209
 209 209 209 209 209 209 209 209 209 209 209 209 209 209 209 209 209 209
 209 209 209 209 209 209 209 209 209 209 209 209 209 209 209 209 209 210
 210 210 210 210 210 210 210 210 210 210 210 210 210 210 210 210 210 210
 210 210 210 210 210 210 210 210 210 210 210 210 210 210 210 210 210 210
 210 210 210 210 210 210 210 210 210 210 210 210 210 210 210 211 211 211
 211 211 211 211 211 211 211 211 211 211 211 211 211 211 211 211 211 211
 211 211 211 211 211 211 211 211 211 211 211 211 211 211 211 211 211 211
 211 211 211 211 211 211 211 211 211 211 211 211 212 212 212 212 212 212
 212 212 212 212 212 212 212 212 212 212 212 212 212 212 212 212 212 212
 212 212 212 212 212 212 212 212 212 212 212 212 212 212 212 212 212 212
 213 213 213 213 213 213 213 213 213 213 213 213 213 213 213 213 213 213
 213 213 213 213 213 213 213 213 213 213 213 213 213 213 213 213 213 213
 213 213 213 213 213 213 214 214 214 214 214 214 214 214 214 214 214 214
 214 214 214 214 214 214 214 214 214 215 215 215 215 215 215 215 215 215
 216]","[ 318 5385 5387 6975 6976 7865 7868 1724 5386 7864 2413 1315 7869 1725
 7867 1726 7862 7863 9793 9794 7870 3838 3836 3837 3234 1314 6974 1727
 3839 3232 3233 6973 3840 1312 6972 1313 6970  318 5385 5387 6975 6976
 7865 7868 1724 5386 7864 2413 7869 7867 1726 7862 9793 9794 3838 7870
 3234 1314 6974 1729 3841 7875 5407   75 3232 3234 7862 1312 3233 1314
 9793 1724 7863 6972 6973 6974 9794 5386 5385 7864 3833 2413 5387  318
 7865 1725 6976 6975 7868 7867 7866 1315 7869 1726 3836 7870 3838 3837
 3835 1727 7871 3839  319 3840 7873 7872 3841 1729 7874 1728 7875   75
 3232 3234 7862 1312 3233 1314 9793 1724 7863 6973 6974 9794 5386 5385
 7864 2413 5387  318 7865 1725 6976 6975 7868 7867 7866 1315 7869 1726
 3836 7870 3838 3837 3835 1727 7871 3839  319 3840 7873 7872 3841 1729
 7874 1728 7875   75 3232 3234 7862 1312 3233 1314 9793 1724 7863 6970
 6972 8446 6973 6974 9794 5386 5385 7864 3833 1313 2413 5387  318 7865
 1725 6976 6975 7868 7867 7866 1315 7869 1726 3836 7870 3838 3837 1727
 7871 3839  319 3840 7873 3841 1729 7874  318 5385 5387 6975 6976 7865
 7868 1724 5386 7864 2413 1315 7869 1725 7867 1726 7862 7863 9793 9794
 7870 3838 7866 3836 3837 3234 1314 6974 1727 7871 3839 3835  319 3232
 3233 6973 3840 7873 3841 1312 6972 1313 1729 7874 6970 6971 5407   75
 3232 3234 7862 1312 3233 1314 9793 1724 7863 6970 6972 6973 6974 9794
 5386 5385 7864  423 6971 1313 2413 5387  318 7865 1725 6976 6975 7868
 7867 7866 1315 7869 1726 3836 7870 3838 3837 3835 1727 7871 3839  319
 3840 7873 7872 3841 1729 7874 1728 7875 5407   75 3232 3234 7862 1312
 3233 1314 9793 1724 7863 6970 6972 6973 6974 9794 5386 5385 7864 3833
 6971 1313 2413 5387  318 7865 1725 6976 6975 7868 7867 7866 1315 7869
 1726 3836 7870 3838 3837 3835 1727 7871 3839  319 3840 7873 7872 3841
 1729 7874 7875 5407  318 5385 5387 6975 6976 7865 7868 1724 5386 7864
 2413 1315 7869 1725 7867 1726 7862 7863 9793 9794 7870 3838 7866 3836
 3837 3234 1314 6974 1727 7871 3839  319 3232 3233 6973 3840 7873 3841
 1312 6972 1313 1729  318 5385 5387 6975 6976 7865 7868 1724 5386 7864
 2413 1315 7869 1725 7867 1726 7862 9793 9794 7870 3838 3836 3837 3234
 1314 6974 1727 7871 3839  319 3232 3233 6973 3840 7873 3841 1312 6972
 1313 1729 6970 6971  318 5385 5387 6975 7865 7868 5386 7864 1315 7869
 7867 1726 9794 7870 3838 3836 3837 1314 1727 3839 6973  318 5387 6975
 7868 7869 1726 3838 7870 3837 6975]"
8980,"[204 204 204 205 205 205 205 205 205 205 205 205 205 205 205 205 205 205
 205 205 205 205 206 206 206 206 206 206 206 206 206 206 206 206 206 206
 206 206 206 207 207 207 207 207 207 207 207 207 207 207 207 207 207 208
 208 208 208 208 209 209 209 210 210 210 211 211 211 211 212 212 212 212]","[ 334 5523 9959  334 5521 5523 7929 5522 7931 9956 7056 9957  610 5516
 9959 9960 5517 2468 9961 5526 5528 5529  334 5521 5523 7929 5522 9956
 7056 5516 5517 5518 2468 5525 5526 9959 9960 5528 5529  334 5521 5523
 7929 5522 9958 5525 9959 2468 5526 5528 5516 5517 7056  334 2468 5525
 9961 5517 2468 5525 9958 2468 5525 9958 2468 5525 9959 9958 2468 5525
 9959 9961]"
8981,[204 204 205 205 205 205 206 206 207 207 208 208 208 209 209 210],"[ 342 5591  342 5589 5591 7098 5591 7099 5589 5591  342 5589 5591  342
 5589 5589]"
8982,"[204 204 204 204 205 205 205 205 205 205 205 205 205 205 205 205 205 205
 205 205 205 205 205 205 205 205 205 205 205 205 205 205 205 205 205 205
 205 206 206 206 206 206 206 206 206 206 206 206 206 206 206 206 206 206
 206 206 206 206 206 206 206 206 206 206 206 206 206 207 207 207 207 207
 207 207 207 207 207 207 207 207 207 208]","[ 539 4997  965 2884   80 7368 9331 9340 1512 7370 2257 9339 3481 7371
 5000 5001 9338 1514 7372 4999  539 7374  201 7375 4997 6341 6342 7376
 6743  963 6343  964 2883 2884 6344 2885  965   80 7368 9331 9340 1512
 7370 2257 9339 3481 1513 5000 5001 9338 1514 4328 4999  539 7372  201
 4997 6341 6342 6743 6343  964 8510 2884 6344  965 6345   80 9340 9339
 9338  963 2884 7376  965 7375 6345 7374 4331 1514 3481 6345]"
8983,[204],[822]
8984,[204 204 204 204 204 204 204 204 204 205 205 206],[ 823 2743 6089 6091 2745 6090 6092  825 6093 6090 6093 6090]
8985,[204 204],[1034 6467]
8986,[204],[1158]
8987,[204 204 204 205 205 205 205 205 206 206 206 206 206 207 207 207 207 207],"[1292 3211 9712 1292 3211 9712 9713 9715 1292 3211 9712 9713 9715 1292
 3211 9712 9713 9715]"
8988,[204 204 205 205 205 205 205 206 206 206 206 206 207],[1368 7943 1368 3289 7070 7943 1370 1368 7070 7072 7943 1370 7070]
8989,[204],[1939]
8990,[204 205 205 206 206 206 206 206 206 206 207 208 208 208 209],"[2027 2027 4449  458 4448 4450 4452 2027 4447 4449 4450  458 4450 4451
  458]"
8991,[204 204 204],[2456 5495 9924]
8992,[204 205 205 205 205 205 205 206 206 206 207 207 208 208 209],"[ 2500   621  5605  2500  5604 10057 10058   621  2500  5604  2500  5604
  2500  5604  5604]"
8993,[204 204],[2730 9294]
8994,[204 204],[3099 9305]
8995,[204 205 205 205 205 206 206 206 206 207],[4255  938 4255 6298 4257  938 4255 6298 4257 4257]
8996,[204],[4450]
8997,[204],[4776]
8998,[204],[4935]
8999,[204],[4968]
9000,[206 207 207 207 207],[5036 5036 5037 9370 9371]
9001,[204],[5089]
9002,[204 205 205 205 205 205 206 206 206 206 207 208],[6740 1183 6739 3103 6740 6741 1183 4990 6739 6740 4990 4990]
9003,"[204 204 205 205 205 205 205 205 205 205 205 205 206 206 206 206 206 206
 206 207 207 207 207 208 209]","[7022 9887 1340 3260 7022 3258 1341 7902 5464 2443 9886 9887 1340 7022
 1341 5464 9886 9887 7902 1340 7022 1341 7902 1340 1340]"
9004,[204 205],[7296 7296]
9005,[204],[7474]
9006,[204],[7488]
9007,[204],[7813]
9008,[204],[8568]
9009,[204],[8715]
9010,[204],[8755]
9011,[204 205 206 206 207 207 208 209 210 211],[9187 9187 9187 9188 9187 9188 9187 9187 9187 9187]
9012,[204 205 205 206 206],[9646 5263 9646 5263 9646]
9013,[204],[9954]
9014,[204 205 205 205],[9989 2478 9989 9990]
9015,[204 205 205 206],[10264 10264 18424 18424]
9016,"[204 204 204 204 204 204 204 204 204 204 204 204 204 204 204 204 204 204
 205]","[10370 13365 13367 17956 11445 13366 17955 17015 17954 13968 17953 11901
 17952 13966 11900 17951 13964 10522 17955]"
9017,[204 204 204 205 206 206],[10403 13596 11676 10403 10403 13596]
9018,[204],[10938]
9019,[204 204 205],[10982 16184 10982]
9020,[204 204 205 205 206],[11123 18438 14324 18438 18438]
9021,[204 204],[11341 16827]
9022,[204 204 204 204 204 205 205],[11862 13901 13902 17860 16894 13901 13902]
9023,[204 204 204 204 204 204 204 204 204 204 204 205 205 205 205 205],"[12031 15945 12781 20414 20415 20417 20418 12782 15950 20420 20412 12781
 20417 12782 15950 20420]"
9024,[204 204 205],[12539 19690 12539]
9025,[204 204],[12793 20453]
9026,[204],[13285]
9027,[204],[13300]
9028,[204],[13995]
9029,[204 205],[14141 14141]
9030,[204],[14358]
9031,[204],[14887]
9032,[204 205],[14982 14982]
9033,[204],[15023]
9034,[204],[15689]
9035,[204],[16438]
9036,[204],[16515]
9037,[204],[16558]
9038,[204],[16831]
9039,[204],[17439]
9040,[204],[17666]
9041,[204],[17788]
9042,[204 205],[18272 18272]
9043,[204],[18734]
9044,[204],[19715]
9045,[204],[19880]
9046,[204],[20362]
9047,[205 205 205],[  28 9295 2245]
9048,[205 205 205 205 205 205 205 205],[  81 3278 7925 8506 8515 3279 7054 7053]
9049,[205 206 206],[ 114  114 3025]
9050,[205 205 205 205 206 206 206 206 206 207 208],[ 327 3862 6062 6064  327 3862 6062 6063 6064  327  327]
9051,[205 206],[441 441]
9052,[205 205],[ 607 9930]
9053,[205 205 205 205 205 205 205 205 206 206 206 206 206 207],[ 684 3491 5839 5840 5841 5837 9921 9923 5837 5839 5840 5841 9921 5841]
9054,[205],[727]
9055,[205 205 206],[ 746 5950  746]
9056,[205 206],[968 968]
9057,[205],[1032]
9058,[205 205 205 205 205 205 206 206 206 206 206 207],[1644 3698 7675 7678 7674 7672 1644 7675 7678 7674 7672 7674]
9059,[205 206 206 206 206],[1767  822 7962 1767 7963]
9060,[205],[1995]
9061,[205 205],[2316 9506]
9062,[205 205],[2335 5198]
9063,[205 205],[2481 9999]
9064,[205],[2689]
9065,[205 205],[2742 6088]
9066,[205],[3663]
9067,[205 205 205],[3681 3682 3684]
9068,[205 206],[3702 3702]
9069,"[205 205 205 206 206 206 206 207 207 207 207 207 207 207 207 208 208 208
 208 208 208 208 208 209 209 209 209 210 210 210 210 211 211 211 212 212
 213 213 214 214]","[3788 7800 9631 1697 7800 9631 3788 1697 7799 7800 9631 3788 3787 3789
 6017 1697 7799 7801 9631 7798 3788 3787 3789 1696 7798 7801 9631 1696
 7798 1698 7801 1696 1698 7801 1696 7801 1696 7801 1696 7801]"
9070,[205 206],[4165 4165]
9071,[205 206],[4169 4169]
9072,[205 205 206 206 207],[4379 4380 4379 4380 4380]
9073,[205],[4969]
9074,[205 205 206 206 206],[5039 9400 2279 9399 5039]
9075,[205 205 206],[5142 5144 5142]
9076,[205],[5232]
9077,[205 206 206],[5257 5256 5257]
9078,[205],[5442]
9079,[205],[5777]
9080,[205],[5931]
9081,[205],[6158]
9082,[205 206 207],[6246 6246 6246]
9083,[205],[6558]
9084,[205],[7543]
9085,[205 205],[7940 7941]
9086,[205 206 207],[8720 8720 8720]
9087,[205 206 207],[8784 8784 8784]
9088,[205],[9133]
9089,[205],[9446]
9090,"[205 206 207 208 209 209 209 209 210 210 210 210 208 208 209 209 209 209
 209 210 210 210 210 210 210 210 210 210 210 210 210 210 210 210 211 211
 211 211 211 211 211 211 211 211 211 211 211 211 211 211 211 211 211 211
 211 212 212 212 212 212 212 212 212 212 212 212 212 212 212 213 213 213
 213 213 213 213 213 213 213 214 214 214 214 214 214 214 214 215 215 215
 215 215 215 215 215]","[9616 9616 9616 9616 2353 9616 9617 5238 2353 9616 9617 5238 5232 5233
 2352 5234 9611 5232 9599  572 5232 5234 5233 2352 9610 9611 2349 5226
 5225 2348 9601 9599 9597 9596  572 5232 5234 5236 5233 2352 2353 9616
 9610 9611 9614 9617 5238 2349 5226 5225 2348 9601 9599 9597 9596  572
 5232 5234 5236 5233 2352 2353 9616 9610 9611 9617 2349 2348 9597  572
 5232 5234 5233 2352 9611 2348 5238 9616 9617  572 5234 2352 5233 9611
 2348 5238 9616  572 5232 5234 5233 2352 9611 2348 9616]"
9091,[205 206 207 208],[10036 10036 10036 10036]
9092,[205],[10060]
9093,[205 205 206],[10155 10158 10158]
9094,[205 205 206 206 206 206 206 206 207 207],[10399 13561 10399 13561 13563 13565 11645 17375 10399 20358]
9095,[205],[10766]
9096,[205 206 206 206],[11377 11377 13296 16893]
9097,[205 205 205 206 206 207],[11565 17233 13485 11565 17233 17233]
9098,[205 206 206 206],[11652 11652 15909 17386]
9099,[205 205],[12112 18473]
9100,[205 205 206 206 207],[12194 14528 12194 14528 14528]
9101,[205],[12208]
9102,[206 206 207],[19467 19468 19468]
9103,[205 205 205 205],[12759 15889 20374 15888]
9104,[205 206 206 206],[13247 13246 13247 13248]
9105,[205],[14614]
9106,[205 205],[15530 15531]
9107,[205 205 205],[15954 15956 17416]
9108,[205],[16283]
9109,[205],[16430]
9110,[205 205 205],[16452 16453 18476]
9111,[205],[16830]
9112,[205 205 206],[17548 17549 17549]
9113,[205],[17754]
9114,[205 206 207],[17875 17875 17875]
9115,[205 206],[17973 17973]
9116,[205],[18028]
9117,[205 206],[18053 18053]
9118,[205 206],[18469 18469]
9119,[205],[19095]
9120,[205 206 206 206 207 207 207 207 207 208 208 208 208 209 209 209],"[19968 19968 19969 19970 10277 12963 19943 19970 19969 12961 12963 19970
 19969 12963 19970 19969]"
9121,[205 206 206 206 207 207 207 208 208 209 209 210 210],"[20276 18198 20276 20277 18198 20276 20277 20276 20277 20276 20277 20276
 20277]"
9122,[205],[20369]
9123,[205],[20438]
9124,[206],[392]
9125,[206 206],[ 769 2688]
9126,[206],[839]
9127,[206],[1175]
9128,[206 206],[1182 6735]
9129,[206 206 206 207 207 208 208 209 210 211 211 212],[1249 5186 5187 1249 9551 1249 9551 9551 9551 1249 9551 9551]
9130,[206],[1268]
9131,[206 207],[1382 1382]
9132,[206],[1585]
9133,[206 206 207 208 208 209],[1906 4186 1906 1906 8328 8328]
9134,[206 207 207 208],[2013 2013 8615 2013]
9135,[206 206],[2310 9490]
9136,[206],[2523]
9137,[206],[2656]
9138,[206],[3080]
9139,[206 207 208],[3873 3873 3873]
9140,[206],[4178]
9141,[206],[4437]
9142,[206],[4537]
9143,[206],[4777]
9144,[206 207],[5655 5655]
9145,[206],[5989]
9146,[206],[6147]
9147,[206 207 207],[6677  522 6677]
9148,[206 207],[6690 6690]
9149,[206 207 208 208 208 209],[6803 6803  553 5099 6803  553]
9150,[206 206 207 207],[6894 7806 6894 7806]
9151,[206],[8088]
9152,[206],[8314]
9153,[206],[9069]
9154,[206],[9419]
9155,[206],[9567]
9156,"[206 207 207 207 207 207 207 208 208 208 208 208 208 208 208 208 209 209
 209 209 209 209 209 209 210 210 210]","[9986 2477 5549 9986 9987 9988 5550 1395 3315 9991 2478 5549 2477 9988
 9986 9987  153 3315 9981 9991 2478 5549 9988 9987  153 3315 9990]"
9157,[206 206],[10024 10025]
9158,[206 207],[10509 10509]
9159,[206 206 207],[11124 16437 11124]
9160,[206],[12393]
9161,[206 207],[13644 13644]
9162,[206 207],[14346 14346]
9163,[206],[14974]
9164,[206],[15046]
9165,[206],[15456]
9166,[206],[15587]
9167,[206 207],[15803 15803]
9168,[206],[15890]
9169,[206 207 208],[15945 15945 15945]
9170,[206],[16007]
9171,[206 206],[16551 16552]
9172,[206 206],[17190 18089]
9173,[206 207],[17450 17450]
9174,[206],[17646]
9175,[206],[17716]
9176,[206 207 208 209],[18020 18020 18020 18020]
9177,[206 207 207 208],[18142 17258 18142 18142]
9178,[206],[18293]
9179,[206],[18534]
9180,[206 207 208 208 209],[18609 18609 16516 18609 18609]
9181,[206],[18698]
9182,[207 207 208 209 210],[ 268 6705  268  268  268]
9183,[207],[298]
9184,[207 207 208],[ 575 6899 6899]
9185,[207 208],[765 765]
9186,[207 208],[908 908]
9187,[207],[1120]
9188,"[207 207 208 208 208 209 209 209 209 209 209 209 209 209 209 208 209 210
 210 210 210 210 210 210 210 210 210 210 210 210 210 210 210 210 210 211
 211 211 211 211 211 211 211 211 211 211 211 211 211 211 211 211 212 212
 212 212 212 212 212 212 212 212 212 212 212 212 212 212 212 212 212 213
 213 213 213 213 213 213 213 213 213 213 213 213 213 213 213 214 214 214
 214 214 214 214 214 214 214 214 214 214 214 214 214 215 215 215 215 215
 215 215 215 215 215 215 215 215 215 215 216 216]","[1262 7796 1262 6880 7796  300 5229 7794 2350 5228 9607 7795 9605 1263
 1262  139  139  139 3182 9630 1262 6880 6882 7795  300 6881 7794 1263
 1694 5227 5229 9607 5228 2350 9605  139 3182 9630 1262 3183 6880 6882
  300 6881 7794 1263 5229 9607 1694 2350 5228 9605  139 3182 9630 1262
 3183 6880 6882 6883  300 6881 7794 1263 5227 5229 9607 1694 5228 2350
 9605  139 3182 9630 1262 3183 6880 6882 7795 6883  300 6881 7794 5227
 5229 5228 2350  139 3182 1262 3183 6882 7795 6883 1263 6881 7794 9607
  300 5229 2350 5228 9605  139 3182 1262 3183 6882 7795 1263 6881 7794
 9607  300 5229 2350 5228 9605  139 7794]"
9189,[207 208],[1525 1525]
9190,[207 208],[1703 1703]
9191,[207],[1973]
9192,[207],[2271]
9193,[207 208],[2614 2614]
9194,[207],[2691]
9195,[207],[2946]
9196,[207],[3077]
9197,[207],[4117]
9198,[207 208],[4196 4196]
9199,[207 207 207 208],[4343 4344 8528 4344]
9200,[207],[4347]
9201,[207],[4776]
9202,[207],[4909]
9203,"[207 208 208 208 208 208 208 209 209 209 209 210 210 211 211 212 213 214
 214 215 215 215 215 216 216 216 216 217 217 217 217 217 217 218 218]","[5087 5087 5088 6798 9436 9434 5558 5087 5088 6798 9436 5087 6798 5087
 6798 5087 5087 5087 6798 5087 6798 2292 9435 1215 5087 9435 6798 2292
 9433 9435 5088 5087 6798 5087 5088]"
9204,[207 208 209 209 209 210 210 211],[5190 5190 5188 5190 5191 5190 5191 5191]
9205,[207],[5228]
9206,[207],[6088]
9207,[207],[7248]
9208,[207],[7274]
9209,[207],[7508]
9210,[207],[9493]
9211,[207],[9498]
9212,[207 207 208 208],[10278 12998 10278 12998]
9213,[207 207 207],[10370 13365 17955]
9214,[207],[10871]
9215,[207],[10938]
9216,[207],[11396]
9217,[207],[11456]
9218,[207],[11582]
9219,"[207 207 208 209 209 209 209 209 209 209 209 209 209 209 209 209 209 209
 209 209 209 209 209 209 209 209 209 209 209 209 209 209 209 209 209 209
 209 209 209 210 210 210 210 210 210 210 210 210 210 210 210 210 210 210
 210 210 210 210 210 210 210 210 210 210 210 210 210 210 210 210 210 210
 210 210 210 210 210 210 211 211 211 211 211 211 211 211 211 211 211 211
 211 211 211 211 211 211 211 211 211 211 211 211 211 211 211 211 211 211
 211 211 211 211 211 211 211 211 211 211 212 212 212 212 212 212 212 212
 212 212 212 212 212 212 212 212 212 212 212 212 212 212 212 212 212 212
 212 212 212 212 212 212 212 212 213 213 213 213 213 213 213 213 213 213
 213 213 213 213 213 213 213 213 213 213 213 213 213 213 213 213 213 214
 214 214 214 214 214 214 214 214 214 214 214 214 214 214 214 214 214 214
 214 214 214 214 214 214 214 214 214 214 214 214 215 215 215 215 215 215
 215 215 215 215 215 215 215 215 215 215 215 215 215 215 215 215 216 216
 216 216 216 216]","[11901 17952 17952 10370 13365 13367 13369 13371 17956 11445 13366 17955
 11449 13370 17015 17017 17954 13968 10523 17953 11901 17950 17952 13966
 11900 17949 17951 13963 13964 16219 11898 13962 10522 18559 18560 18563
 12144 18562 18561 10370 13365 13367 13369 13371 17956 11445 13366 17955
 11447 13368 11449 13370 17015 17017 17954 13968 10523 17953 11901 17950
 17952 13966 11900 17949 17951 13963 13964 16219 11898 13962 10522 18559
 18560 18563 12144 18562 18561 14423 10370 13365 13367 13369 13371 17956
 17957 11445 13366 17955 11447 13368 11449 13370 17015 17017 17954 17018
 13968 10523 17016 17953 11901 17950 17952 13966 11900 17949 17951 13963
 13964 16219 13962 10522 18559 18560 18563 12144 18562 18561 10370 13365
 13367 13369 13371 17956 11445 13366 17955 11447 13368 17015 17017 17954
 13968 10523 17953 11901 17950 17952 13966 11900 17949 17951 13963 13964
 16219 13962 10522 18559 18560 18563 12144 18562 10370 13365 13367 17956
 11445 13366 17955 17015 17017 17954 13968 10523 17953 11901 17950 17952
 13966 11900 17951 13963 13964 13962 10522 18559 18560 12144 18562 10370
 13365 13367 13369 17956 11445 13366 17955 17015 17017 17954 13968 10523
 17953 11901 17950 17952 13966 11900 17949 17951 13963 13964 16219 13962
 10522 18559 18560 18563 12144 18562 10370 13365 13367 13369 17956 11445
 13366 17955 17954 13968 11901 17953 13966 17952 17950 17951 11900 13964
 13963 10522 13962 18560 11445 13365 13366 17954 17955 13968]"
9220,[207],[12096]
9221,[207 208 209 209 210 210 211 211],[12146 12146 12146 18622 12146 18622 12146 14470]
9222,[207 208],[12232 12232]
9223,[207],[12767]
9224,[207 207 207],[12783 15950 20422]
9225,[207 208],[12793 12793]
9226,[207],[13141]
9227,[207],[14099]
9228,[207],[14324]
9229,[207],[15493]
9230,[207],[15883]
9231,[207 207 207 207 208 208 208 208 208 208],[15954 15956 15958 20454 15954 15956 17415 17416 15958 20454]
9232,[207],[16197]
9233,[207],[16431]
9234,[207 208 208 208 208 208 209],[16498 11157 14430 16498 16499 13077 11157]
9235,"[207 208 208 208 208 208 209 209 209 209 210 210 210 210 210 211 211 211
 211 212 212 212 212 212 213 213 213 213 213 213 214 214 214 214 214 215
 215 215]","[16606 15510 19894 19895 19896 16606 16606 19896 19895 19894 15508 19894
 19895 19896 16606 15508 19894 16606 19896 12607 15508 19895 16606 17144
 12607 15508 17145 17144 16606 16608 12607 16606 16608 17144 17145 12607
 16606 17144]"
9236,[207],[18272]
9237,[207],[18468]
9238,[207 208],[18804 18804]
9239,[207],[19316]
9240,"[207 208 209 209 209 209 209 210 210 210 210 210 211 211 211 211 211 211
 212 212 212 212 213 213 213 213 213 213 213 213 213 214 214 214 214 214
 214 214 214 214 214 214 214 214 214 214 214 214 214 214 215 215 215 215
 215 215 215 215 215 215 215 215 215]","[19715 19715 19715 12548 15364 19718 19709 12548 19717 19718 19716 19715
 12545 19708 19709 19717 19718 12548 12548 19717 19718 19709 11910 13983
 17976 19708 19709 19718 12548 15363 15364 10798 15364 15366 17060 12548
 15363 15365 19717 19718 12545 19709 15355 15356 19708 17976 19715 11910
 13983 19706 10798 15364 15366 17060 12548 15363 19717 19718 19709 17976
 11910 13983 19715]"
9241,[208],[100]
9242,[208 208 208],[ 371 4049 1842]
9243,[208],[401]
9244,[208 209 210 211 212 213],[576 576 576 576 576 576]
9245,[208 208 208],[ 893 6215 8244]
9246,"[208 209 210 211 211 211 212 212 213 213 213 213 214 214 214 214 215 215
 215]","[1267 1267 1267 1267 6889 6890 1267 6890 1267 6890 9625 9626 1267 6890
 9625 9626 1268 6890 9625]"
9247,"[208 208 208 208 208 208 209 209 209 209 209 209 210 210 210 210 210 211
 211 211 211 211 211 212 212 212 212 212 212 212 213 213 213 213 213 213
 213 214 214 214 214 214 214 215 215 215 215 215 215 216]","[1302 6951 6952 6954 6950 6948 1302 6951 6952 6954 6950 6948 1302 6951
 6952 6950 6948 1302 6951 6952 6950 6948 6949 1301 6949 6950 6951 6948
 1302 6954 1301 6949 6950 6951 6948 1302 6954 1301 6949 6950 6951 6948
 1302 1301 6949 6950 6948 1302 6954 6948]"
9248,[208],[1677]
9249,[208 209 209 210 210 211],[1699 1699 7806 1699 7806 7806]
9250,[208],[1704]
9251,[208],[2027]
9252,[208 208 208 208 209 209 209 209 210],[2045 8704 8713 8714 2045 8705 8712 8713 2045]
9253,[208 209 210 210 211 212 213 213 214 214 214 215 215 216 216 217],"[ 2523  2523  2523 10126  2523  2523  2523 10126  2523 10125 10126  2523
 10126  2523 10126  2523]"
9254,[208],[2931]
9255,[208],[3076]
9256,[208 209 210],[3172 3172 3172]
9257,[208],[3406]
9258,[208 209],[4255 4255]
9259,[208 209 210 211 211 212 213 214 215],[4379 4379 4379 4379 4380 4379 4379 4379 4379]
9260,[208],[4499]
9261,[208],[4690]
9262,[208 208 209 209],[4885 6676 4885 6676]
9263,[208],[5069]
9264,[208],[5139]
9265,[208],[5142]
9266,[208],[5145]
9267,[208],[5207]
9268,[208 209 209],[5257 5257 5259]
9269,[208],[5562]
9270,[208],[5997]
9271,[208 209 210 210],[6091 6091 6091 6092]
9272,[208],[6233]
9273,[208],[6707]
9274,[208],[6890]
9275,[208 208 208 209 209 209 209 210 210 210 211 211 212 213],[6935 6936 7834  311 6935 6936 7834  311 6936 7834  311 7834  311  311]
9276,[208],[7611]
9277,[208 209],[7613 7613]
9278,[208],[7616]
9279,[208 209],[7724 7724]
9280,[208 209],[7765 7765]
9281,[208],[7784]
9282,[208 209 210 211],[8164 8164 8164 8164]
9283,[208],[8302]
9284,[208 209 209 210 211 212 212],[8342 4198 8342 8342 8342 8342 8343]
9285,[208],[9095]
9286,[208 209 209 209 210 210 210],[9374 9374 9402 9403 9374 9375 9402]
9287,[208],[9886]
9288,[208 208 208 208],[10020 10023 10024 10025]
9289,[208],[10403]
9290,[208],[10449]
9291,[208],[11123]
9292,"[208 208 208 209 209 209 210 210 210 210 210 210 211 211 211 212 212 212
 213]","[11526 13446 11948 11526 19926 11948 11526 17161 17162 19926 15532 11948
 11526 19926 15532 11526 19926 15532 19926]"
9293,[208],[12619]
9294,[208],[12782]
9295,[208 208],[13121 20421]
9296,[208 208],[13451 19961]
9297,[208],[13645]
9298,[208],[13651]
9299,[208 209],[14135 14135]
9300,[208 208 209 209 209 210 211 211 212],[14630 20266 14628 14630 20266 20266 14630 20266 14630]
9301,[208],[14777]
9302,[208 209],[15816 15816]
9303,[208 209],[15891 15891]
9304,[208],[16026]
9305,"[208 208 209 209 209 209 209 209 209 210 210 211 211 211 211 212 212 212
 212 213 213]","[16283 16284 11037 14069 16281 16282 16283 16284 20028 16283 16284 11038
 12957 16284 16282 11037 16281 16282 16283 16281 16282]"
9306,[208 209 210],[16785 16785 16785]
9307,"[208 208 209 209 209 210 210 211 211 212 212 213 213 214 214 215 215 215
 216 216 216 217 217 218 218 219 219 219 220 220 220 221 221 222 222 223]","[17548 17549 13677 17548 17549 17548 17549 17548 17549 17548 17549 17548
 17549 17548 17549 13677 17548 17549 13677 17548 17549 17548 17549 17548
 17549 13677 17548 17549 13677 17548 17549 17548 17549 17548 17549 17549]"
9308,[208],[17588]
9309,[208],[17879]
9310,[208],[18038]
9311,[208],[18076]
9312,[208],[18925]
9313,[208],[19199]
9314,[208],[20423]
9315,[209],[66]
9316,"[209 209 209 209 209 209 209 209 209 210 210 210 210 210 210 210 210 210
 210 210 210 210 210 210 210 210 210 210 210 210 210 210 210 210 210 210
 210 210 210 210 210 210 211 211 211 211 211 211 211 211 211 211 211 211
 211 211 211 211 211 211 212 212 212 212 213]","[  625 10092  2512  1398  1400  5638  5639  2514  5632    91  2909  2911
  7411 10089 10098  2910   991 10099 10088  2511  2514  6389  6390  5632
 10087  5633  5640  2510  5631   625 10095  5639  5629  7124 10092 10094
  5638  1398 10091  2512  1400  5635   625  5629  5631  5633  7124 10092
 10095  1398 10091  2512  5635  2514  5640  5641  5639  5638  6389  6390
  1398  7124 10091  5629  1398]"
9317,[209 210 210 211],[ 979  979 2899 2899]
9318,[209],[1482]
9319,[209],[1939]
9320,[209],[2316]
9321,[209],[2356]
9322,"[209 209 209 210 210 210 210 210 210 210 211 211 211 211 211 212 212 212
 212 212 213 213 213 213 213 214 214 214 214 214 214 214 214 215 215 215
 215 215 215 215]","[2426 5418 9833 2425 9833 2426 5418 5419 5420 9835 2426 5418 5420 9833
 9832 2426 5418 5420 9835 9832 2426 5418 5420 9833 9834 2425 9832 9833
 5418 2426 5417 5419 5420 2426 5418 5419 5420 9833 9834 9832]"
9323,[209],[2485]
9324,[209],[2519]
9325,[209],[2797]
9326,[209 209 210 210 210],[2840 6266  921 2840 2839]
9327,[209],[3055]
9328,[209],[3407]
9329,[209 210],[3501 3501]
9330,[209],[3767]
9331,[209],[4496]
9332,[209],[5159]
9333,[209 210],[5249 5249]
9334,[209],[6035]
9335,[209 210],[6361 6361]
9336,[209],[6420]
9337,[209],[6426]
9338,[209],[6743]
9339,[209],[6857]
9340,[209 210 211 212 213],[7133 7133 7133 7133 7133]
9341,[209],[7816]
9342,[209 210 210],[7963 3905 7963]
9343,[209],[9137]
9344,[209],[10123]
9345,[209 210 210],[10646 10646 14469]
9346,[209],[10824]
9347,[209],[10909]
9348,[209],[11156]
9349,[209 209 209 210 210 210 210 210 211 211 211],[11555 17215 17216 11555 15622 15623 17215 11556 11555 15623 11556]
9350,[209 209],[11667 17414]
9351,[209],[11712]
9352,[209],[11937]
9353,"[209 209 209 210 210 210 210 210 210 210 210 210 210 211 211 211 211 211
 211 212 212 212 212 212 212 212 212 212 212 213 213 213 213 214 214 214
 214 214 214 214 214 215 215 215 215 215 215 215 215 215 215 216 216 216
 216 216 216]","[12153 17982 18587 11913 13985 13986 17982 17983 13984 13988 18587 18586
 12153 12153 18586 18587 13984 13985 13986 11913 13985 13986 17982 17983
 13984 13988 18587 18586 12153 12153 13984 13986 18587 12153 18586 18587
 13984 11913 17982 17983 13988 11913 13985 13986 17982 17983 13984 13988
 18587 18586 12153 11913 13985 13986 17982 17983 13988]"
9354,[209],[12306]
9355,[209],[12371]
9356,[209],[12636]
9357,[209],[12653]
9358,[209 209],[12783 20422]
9359,[209],[13043]
9360,[209 209],[13461 19980]
9361,[209],[14045]
9362,[209 209],[14875 19124]
9363,[209],[15334]
9364,[209 210 211 212 213 214 215],[16272 16272 16272 16272 16272 16272 16272]
9365,"[209 210 210 210 211 211 211 211 210 211 212 212 212 212 212 212 212 212
 212 212 212 213 213 213 213 213 213 213 213 213 213 213 214 214 214 214
 214 214 214 214 215 215 215 216 216 217]","[18050 13432 18050 18053 13432 18050 18052 18053 14038 14038 10382 13432
 18050 18049 18052 18053 11944 18054 14038 18055 18057 10382 13432 18050
 18051 11943 15514 18053 18054 11944 18057 14038 10382 13432 18050 18051
 11512 11943 18053 18054 11512 13432 18049 11512 13432 11512]"
9366,[209],[18089]
9367,[209],[18105]
9368,[209],[19467]
9369,[209 210 210],[19469 12463 19469]
9370,[209 210 210 211],[19676 15800 19676 15800]
9371,"[209 209 210 210 211 211 211 211 211 212 212 213 213 214 214 214 215 215
 215 216 216 217]","[19721 19724 19721 19724 12550 19723 19724 19721 17049 19721 19724 19721
 19724 19721 19723 19724 19721 19723 19724 19721 19724 19721]"
9372,[209 209],[20248 20249]
9373,[210],[65]
9374,[210],[447]
9375,[210],[459]
9376,[210 211],[1005 1005]
9377,[210],[1632]
9378,[210],[3797]
9379,[210],[3925]
9380,[210 211],[4117 4117]
9381,[210],[4458]
9382,[210],[4525]
9383,[210],[5203]
9384,[210],[5397]
9385,[210 211],[6839 6839]
9386,[210],[7542]
9387,[210 211 212],[7646 7646 7646]
9388,[210],[8322]
9389,[210 211],[8348 8348]
9390,[210 211],[8350 8350]
9391,[210],[8588]
9392,[210 211],[8714 8714]
9393,[210 211 211],[9576 6866 9576]
9394,[210 211],[9624 9624]
9395,[210],[9815]
9396,[210],[10002]
9397,[210],[10122]
9398,[210 211],[10426 10426]
9399,[210 210 211 212],[10527 17973 10527 10527]
9400,[210 211 212 213 214],[10658 10658 10658 10658 10658]
9401,[210],[10819]
9402,[210],[11452]
9403,[210],[11456]
9404,[210 210 210 210 211 211 211],[11464 13384 18574 13386 13386 18574 18575]
9405,"[210 210 210 210 210 210 210 211 211 211 211 211 211 211 211 212 212 212
 212 212 212 212 212 212 212 212 213 213]","[11664 13585 18260 18261 12033 14184 16353 11664 13585 18260 18261 12033
 14187 14186 14184 11664 13585 18261 11666 14187 17414 14186 11667 17415
 15954 15956 15954 15956]"
9406,"[210 210 210 210 211 211 211 211 211 211 211 211 211 211 211 212 212 212
 212 212 212]","[12197 14538 19940 18701 11192 16561 18703 12196 18704 18701 18702 12197
 11965 14536 14538 11965 14074 18701 18702 12196 12197]"
9407,[210 210],[12223 14586]
9408,[210],[12369]
9409,[210 210 211 211 211 211 211 212 212 212 212 212 212 212 213 213 213 213],"[12601 19876 12601 15493 15494 19875 15492 12601 15493 15494 19875 19876
 19877 15492 12601 19875 19876 19877]"
9410,[210],[12637]
9411,[210],[12998]
9412,[210 211 212],[13596 13596 13596]
9413,[210 210 211 211 212],[13895 13896 13895 13896 13895]
9414,[210 211 211 212],[13915 13915 13916 13915]
9415,[210 211],[14589 14589]
9416,[210],[15005]
9417,[210 210],[15323 15324]
9418,[210],[15819]
9419,[210 211 211 211 212],[16291 14083 16290 16291 14083]
9420,[210 210 211 211 211 211],[16618 16619 13144 16618 16619 20262]
9421,[210],[16935]
9422,[210],[17033]
9423,[210],[17175]
9424,[210],[18119]
9425,"[214 214 214 214 214 214 214 214 214 214 214 215 215 215 215 215 215 215
 216 216 216 216 216 216 217 217 217]","[11123 14326 14317 14319 14320 18432 16848 14322 14323 14324 18441 11123
 14326 12100 18439 18441 14320 18432 12099 18437 18439 12100 14326 18441
 12099 18439 18441]"
9426,[210],[18432]
9427,[210 210 211 211],[18477 18478 18477 18478]
9428,[210 210],[18825 20053]
9429,[210],[19303]
9430,[210 211],[19385 19385]
9431,[211 212 212],[ 332  332 9951]
9432,[211],[1120]
9433,[211],[1152]
9434,"[211 212 212 212 213 213 213 214 214 214 214 215 215 215 215 215 215 215
 215 216 216 216 216 216 216 216 216 216 217 217 217 217 217 217 217 215
 215 216 216 217 217 218 218 218 218 218 218 218 218 218 218 218 219 219
 219 219 219 219 220 220 220 220 221 221 221 221 222 222 222 222 223]","[1257 1257 3177 6873 1257 3177 3134 1257 3177 3178 3134  130 3134 3175
 3177 3178 3176 6870 1256  130 3175 3177 3176 1257 3178 6870 6873 1256
  130 3134 3175 3177 3178 1257 6873 2606 9592 2606 9592 2344 9592  568
 5286 9589 2344 9588 9587 6872 6873 3178 3134 3177  568 9586 9589 9588
 9587 2344  568 9589 9590 2344 2344 5286 9590 9589  568 5286 9589 2344
  568]"
9435,[211 212 212],[1910 1910 4196]
9436,[211 212 212 212],[1979 1979 4344 8525]
9437,[211],[2034]
9438,[211 211 212 212],[2047 8712 2047 8711]
9439,[211 211 211 211 212 212 212 212 212 212],[2168 4786 9068 9069 2168 4786 9068 9069 2169 4787]
9440,[211],[2861]
9441,[211],[2987]
9442,"[211 212 213 213 213 213 213 214 214 214 214 214 214 214 215 215 215 215
 215 215 215 215 216 216 216 217 217 217 216 216 216 217 217 218 218 218
 218 218 218 218 218 219 219 219 219 219 219 219 219 220 220 220 220 220
 220 220 221 221]","[3171 3171 1252 3171 6860 1249 6857 1249 5187 6857 1250 3171 6860 1252
 1249 6857 1250 3171 6860 1252 3173 6865 3171 3173 6865 3171 3173 6865
 5187 5188 9551 5187 9551  564 5188 5187 1249 9551 6857 1250 3171 1249
 5187 6857 9551 5188 1250 3171 1252 1249 5187 6857 9551 5188 1250 3171
 1249 3171]"
9443,[211],[3503]
9444,[211 212 213],[3656 3656 3656]
9445,[211],[3964]
9446,[211 212 213 214 215 216 217],[4255 4255 4255 4255 4255 4255 4255]
9447,[211],[4345]
9448,[211],[5395]
9449,[211 212],[5584 5584]
9450,[211 212 213 214 215 216],[5655 5655 5655 5655 5655 5655]
9451,[211],[6036]
9452,[211],[6209]
9453,[211],[6212]
9454,[211 211 212],[6224 8262 8262]
9455,[211],[6243]
9456,[211 212 212 213 213 214],[10351 10351 13249 10351 13249 13249]
9457,[211],[12005]
9458,[211 211 211 212 212 212 212 212 212],[12192 18690 18697 11554 17214 18689 12192 18690 18697]
9459,[211],[12393]
9460,[211],[12622]
9461,[211],[12759]
9462,[211],[12970]
9463,[211 211],[14084 16293]
9464,[211],[14585]
9465,[231 231 231 232 233 234 234 235 235],[12599 15490 15491 12599 12599 12599 15490 12599 15490]
9466,[211],[15523]
9467,[211 212 212 212 213 213 213 213 213 214],[15883 15883 12755 20336 12755 15880 15881 20336 15883 15883]
9468,"[211 212 212 213 213 213 214 214 214 214 214 214 214 215 215 215 215 216
 216 216 216 216 214 214 215 215 216 216 216 217 217 217 217 217 217 217
 217 217]","[16783 10732 16783 16783 16784 11318 11318 16785 16786 19167 16784 16783
 11824 11824 19166 19167 16786 11318 16785 16786 19166 19167 14911 19169
 14911 19169 14911 16783 19160 11317 14904 16783 16784 16785 11318 19167
 12362 14911]"
9469,[211 211],[16917 16918]
9470,[211 212 212 212 213],[16921 11392 16920 16921 11392]
9471,[211],[17591]
9472,[211],[17974]
9473,[211],[18064]
9474,[211],[18117]
9475,[211 212 213 213],[18468 18468 18467 18468]
9476,[211],[18861]
9477,[211],[19306]
9478,[211],[19437]
9479,[211],[19467]
9480,[212],[20]
9481,[212],[334]
9482,"[212 212 212 212 213 213 213 213 213 213 214 214 214 214 214 214 214 215
 215 215 215 215]","[1036 4544 6471 2068  472 4536 6470 8772 8773 2068  472 4536 4542 6470
 2067 8772 8773  472 4542 2067 8772 8773]"
9483,[212 212 212],[1365 3286 7067]
9484,[212],[2363]
9485,[212],[4190]
9486,[212 213],[5249 5249]
9487,[212],[5864]
9488,[212 213 214 215],[6222 6222 6222 6222]
9489,[212],[6437]
9490,[212],[6465]
9491,[212],[7399]
9492,[212],[8211]
9493,[212 213],[8720 8720]
9494,[212 213 214 ... 255 255 255],[9633 9633 9633 ... 2353 9614 5238]
9495,[212 212 212 213],[10264 12889 18425 18425]
9496,[212 212 212 212],[10930 20242 20243 15801]
9497,[212 212 212 212 213 213 213 213 213 213 213 213 213 213 213 214],"[11201 20422 12783 15950 11201 16576 20422 20423 12783 15952 15950 12782
 15949 20419 20417 12782]"
9498,[212 212 213 213 213 214 214],[11391 16919 11391 16919 19437 11391 19437]
9499,[212],[11625]
9500,[212 212 212 213 213],[11652 15909 15911 11652 15911]
9501,[212 213],[11712 11712]
9502,[212 212 212],[12405 15014 19294]
9503,[212],[12582]
9504,[212],[13266]
9505,[212],[13996]
9506,[212],[14525]
9507,[212 213],[14939 14939]
9508,[212],[15005]
9509,[212],[15160]
9510,[212],[15550]
9511,"[212 212 213 214 215 215 215 216 216 216 216 216 217 217 217 217 217 217
 218 218 218 219 219 219 219 219 219 220 220 220 220 220 220 221 221 221
 221 222 222 222 223]","[15818 15819 15818 15818 11621 15818 17333 11621 15818 17332 17333 13541
 11620 13541 17332 17333 11621 15818 11620 13541 17332 11620 13541 17332
 17333 11621 15818 11621 15818 17332 17333 13541 11622 11621 15818 17333
 11622 11621 17333 11622 17333]"
9512,[212 213],[16268 16268]
9513,[212],[16609]
9514,[212],[18104]
9515,[212 213 214],[18189 18189 18189]
9516,[212],[18685]
9517,[212 213],[19304 19304]
9518,[212 213 214],[19463 19463 19463]
9519,[212],[19688]
9520,[212],[20394]
9521,[213 213 213 213 214 214],[ 114 3025 9059 9058  114 9058]
9522,[213 213 214 214 214 215],[ 305 6907  305 6907 1277 1277]
9523,[213 213 213 214 214 214 214 214 214 214 215 215 215 215 215 216],"[ 543 5039 2271  543 5039 2271 5038 9401 2270 5061 2271 5038 5039 9400
 9401 5039]"
9524,[213 214],[1482 1482]
9525,[213 214],[1864 1864]
9526,[213 214 215],[2614 2614 2614]
9527,[213],[2665]
9528,[213],[3925]
9529,[213 214 214 215 215 216],[5281  578 5281  578 5281 5281]
9530,[213 214 215],[7811 7811 7811]
9531,[213],[8144]
9532,[213 214 215 216 217 218],[9550 9550 9550 9550 9550 9550]
9533,[215],[9574]
9534,[213 213],[10294 13041]
9535,[213 213],[10483 16799]
9536,[213],[10739]
9537,[213],[10983]
9538,[213 213],[11018 14011]
9539,[213 214 214 215],[11117 11117 16425 11117]
9540,[213 213],[11132 16454]
9541,[213 213],[11234 13198]
9542,[213 213 213 213 214 214 214 214],[11396 13316 19473 19474 11396 13316 19473 19474]
9543,[213 213],[11541 19980]
9544,[213],[11745]
9545,[213 214],[12002 12002]
9546,[213],[12828]
9547,[213 213],[12900 12902]
9548,[213 214],[12946 12946]
9549,[213 214],[13442 13442]
9550,[213 213],[15020 15022]
9551,[213 213 214 214 214 214 214 215 215 215 215 215 215 215 216 216 216],"[15803 17324 10858 17325 17324 11616 17323 10858 15803 17325 11616 17324
 11617 17323 15803 17324 17323]"
9552,[213 214],[16153 16153]
9553,[213 213],[17150 17151]
9554,[213],[17639]
9555,[213 214 215],[18195 18195 18195]
9556,[213 214],[18303 18303]
9557,[213],[19106]
9558,[213],[19430]
9559,[213],[19689]
9560,[213 214],[19844 19844]
9561,[214],[66]
9562,[214 214 214 214 214 214 215 215 215 215 215 216 216 216 217],"[ 207 6369 7397 7396 3500 3499 3500 7396 7394 6369 7398 3500 6369 7398
 6369]"
9563,[214 214 214 214 215 215 215 215 215 215],[ 289 3749 3751 1675  289 3749 3751 1673 3750 1675]
9564,[214],[332]
9565,[214],[879]
9566,[214 214 214],[1012 2933 6427]
9567,[214 215],[1279 1279]
9568,[214],[1669]
9569,[214],[1912]
9570,[214],[2040]
9571,[214],[5588]
9572,[214],[5992]
9573,[214],[6035]
9574,[214 214 215],[6099 8580 6099]
9575,[214],[6351]
9576,[214],[6424]
9577,[214],[6651]
9578,[214 215],[7282 7282]
9579,[214],[8182]
9580,[214],[8575]
9581,[214],[9187]
9582,[214],[9368]
9583,[214],[9669]
9584,[214],[10091]
9585,[214 215],[10110 10110]
9586,[214 215],[11011 11011]
9587,[214],[11323]
9588,[214],[11625]
9589,[214 215 216],[12187 12187 12187]
9590,[214],[12307]
9591,[214],[12781]
9592,[214],[13043]
9593,[214],[13245]
9594,[214 215],[13542 13542]
9595,[214],[13653]
9596,[214 215],[13997 13997]
9597,[214 215 216],[14589 14589 14589]
9598,[214 215],[15160 15160]
9599,[214],[15333]
9600,[214 215 216],[15486 15486 15486]
9601,[214],[16262]
9602,[214],[16354]
9603,[214],[16516]
9604,[214],[17079]
9605,[214],[19451]
9606,[214 215 215 216 217],[19878 19875 19878 19875 19875]
9607,[215],[542]
9608,[215 215],[1398 7124]
9609,[215],[1762]
9610,[215],[2485]
9611,[215 216],[2592 2592]
9612,[215],[2840]
9613,[215],[3799]
9614,[215],[4195]
9615,[215],[4343]
9616,[215 216],[4383 4383]
9617,[215],[5060]
9618,[215],[5583]
9619,[215],[6361]
9620,[215],[6432]
9621,[215],[7799]
9622,[215],[8649]
9623,[215],[8712]
9624,[215 216],[8778 8778]
9625,[215],[10487]
9626,"[220 221 221 221 221 221 221 221 221 221 221 221 222 222 222 222 222 222
 222 222 223 223 223 223 223 223 223 224 224 224 224 225 225]","[18056 11026 16261 16262 16264 16263 11027 14039 14040 14041 11945 18056
 11027 14039 14040 16263 16264 18055 18056 16262 11027 14039 14040 16263
 16264 18055 16262 11027 14040 16263 16264 11027 14040]"
9627,[215],[11234]
9628,[215 215 216 216 216 216 217 217 217 217 217 218 218 219],"[11377 19385 11377 16892 19385 16891 11377 16892 19385 16891 12436 16892
 19385 19385]"
9629,[215 216 217 217 218],[11404 11404 11404 16944 16944]
9630,[215],[11686]
9631,[215],[12535]
9632,[215],[12619]
9633,[215 216],[12755 12755]
9634,[215],[13390]
9635,[215],[13412]
9636,[215],[13535]
9637,[215 216 216 217 217 218 218 219 219 219 220],[15164 15164 19476 15164 19476 12465 15164 12465 15164 15162 15164]
9638,[215],[15353]
9639,[215],[15493]
9640,[215],[15535]
9641,[215],[15816]
9642,[215],[17065]
9643,[215],[17137]
9644,[215],[17149]
9645,[215],[17588]
9646,[215],[17591]
9647,[215],[18141]
9648,[215],[18498]
9649,[215],[18705]
9650,[215],[19333]
9651,[215],[19462]
9652,[215 216],[19733 19733]
9653,[215],[19773]
9654,[215 216],[19777 19777]
9655,"[216 216 216 216 216 217 217 217 217 217 218 218 218 218 218 218 219 219
 219 219 219 219 219 219 219 219 219 219 219 219 219 219 219 219 219 220
 220 220 220 220 220 220 220 220 220 220 220 220 220 220 220 220 220 220
 220 220 220 220 221 221 221 221 221 221 221 221 221 221 221 221 221 221
 221 221 221 221 221 221 221 221 217 217 217 217 218 218 218 218 218 218
 218 219 219 219 219 219 219 219 219 219 219 220 220 220 220 220 220 220
 220 221 221 221 221 221 221 221 221 222 222 222 222 222 222 222 222 222
 222 222 222 222 222 222 222 222 222 222 222 222 222 222 222 223 223 223
 223 223 223 223 223 223 223 223 223 223 223 223 223 223 223 224]","[ 278 6759 7700 1195 7701  278 6759 7700 7701 7702  278 6759 7700 7701
 7702 9394  278 6759 7700 1195 6761 7701 3115 7702 1196 6762 7703 9384
 9393 2277 9394 5054 5055 2276 5053  278 6759 7700 1195 6761 7701 3115
 3116 7702 1196 7703 9383 9384 9393 2277 3119 5054 5055 2276 5053 9391
 5047  544  278 6759 6761 1196 3116 6762 3115 3117 7703 9383 9384 2274
 5046 9392 9393 5047 9391 5054 9394  544 9390 2276  542 6763 6764 9370
 1198 5035 5036 6766 9370 6767 5034  542 6764 1198 9370 5035 5036 6766
  543 5037 6767  542 6763 6764 1198 5035 5036 6766 6767  542 6764 1198
 9370 5035 5036 6766 6767  542 6763 6764 6762 6765 1198 9370 1196 3116
 6761 6766 6760 3115 3117 6759 7703 9383 2274 5047 9391 9392  544 2276
 9393  278 6760 1196 6761 9361 5028 6762 3116  542 6763 1197 3115 3117
 6764 6765 7703 9383 9393 6763]"
9656,[216],[469]
9657,[216],[1864]
9658,[216],[2839]
9659,[216 216],[3657 7615]
9660,[216],[3798]
9661,[216 216],[4209 6269]
9662,[216],[4521]
9663,[216],[4539]
9664,[216],[5263]
9665,[216],[6899]
9666,[216],[7296]
9667,[216],[8753]
9668,[216],[9431]
9669,[216],[9631]
9670,[216],[10506]
9671,[216],[10736]
9672,[216 216],[11352 16848]
9673,[216],[11391]
9674,[216],[11499]
9675,[216 216 216 216 217 217 217 217 217 217 218 218 218 218 219 219],"[11859 15088 17855 13896 11858 13896 17854 17855 11859 15088 11859 17853
 13895 13896 10298 17853]"
9676,[216],[12111]
9677,[216 216 216 217 217 217 218 218],[12393 19261 14988 12393 15055 19261 12393 19261]
9678,[216],[12545]
9679,[216],[12616]
9680,[216],[13285]
9681,[216 217],[14512 14512]
9682,[216],[14901]
9683,[216 217],[15883 15883]
9684,[216],[17163]
9685,[216],[17875]
9686,[216],[18038]
9687,[216 217 217 218 218],[18477 18476 18477 18476 18477]
9688,[216],[18609]
9689,[216 217 217 218 218 218 219],[19920 19920 19921 11525 19920 19921 19921]
9690,[216],[19978]
9691,[216],[20259]
9692,[217],[136]
9693,"[217 217 217 218 218 219 220 221 222 223 224 225 226 227 228 229 230 231
 232 232 233]","[ 311 6935 6936  311 7834  311  311  311  311  311  311  311  311  311
  311  311  311  311  311 6936 6936]"
9694,[217],[1084]
9695,[217 217 217 ... 269 269 269],[1298 5328 6943 ... 9701 1299 6947]
9696,[217],[2340]
9697,[217],[2607]
9698,[217],[2684]
9699,[217],[3456]
9700,[217],[3820]
9701,[217],[4437]
9702,[217],[4516]
9703,[224],[10000]
9704,[217],[6212]
9705,[217 218],[6361 6361]
9706,[217],[6681]
9707,[217],[7454]
9708,[217 218 219],[8397 8397 8397]
9709,[217],[9067]
9710,"[217 218 219 218 218 218 219 219 219 219 219 219 220 220 220 220 220 220
 220 220 220 220 221 221 221 221 221 221 221 221 222 222 222 222 223 223
 223 223 224 224 224 225 225 225 226 226 227 227 227]","[9069 9069 9069  114 3025 7577  114 3025 7577 7576 1601 7575  114 3025
 7577 9059 9068 7576 1601 9069 3628 7575  114 3025 7577 9059 9068 7576
 9058 3628  114 3025 9059 9058  114 3025 9059 9058  114 1601 9058  114
 3025 7576  114 3025  114 3025 7576]"
9711,[217],[10766]
9712,"[217 217 217 217 217 217 218 218 218 218 218 218 219 219 219 219 219 219
 219 219 219 219]","[11664 13585 18260 18261 11666 14187 11664 13585 18261 11666 17412 17413
 11664 13585 18260 11666 17411 17412 17413 15953 12784 20424]"
9713,[217 217 218 218 219 219],[11676 17430 11676 17430 11676 17430]
9714,[217],[12021]
9715,[217 218 218],[12536 12536 19689]
9716,[217 218],[15046 15046]
9717,[217 218],[15050 15050]
9718,[217 218],[15160 15160]
9719,[217],[15177]
9720,[217 218 219 220 220 221 221 222 222],[16606 16606 16606 16606 16608 16606 16608 16606 16608]
9721,[217],[17521]
9722,[217],[17707]
9723,[217],[17858]
9724,[217 218],[18028 18028]
9725,[217 218 218 218],[18139 18139 18141 18142]
9726,[217],[18303]
9727,"[222 222 222 222 223 223 223 223 223 223 223 223 222 223 223 223 224 224
 224 224 224 224 224 224 224 224 224 224 224 225 225 225 225 225 225 225
 225 225 225 226 226 226 226 226 226 226 226 227 227 227 227 227 228 228
 228 229 229 229]","[11302 14859 19106 12341 10725 14856 14858 16756 12339 19106 11302 14859
 19114 14868 19116 19114 10727 14859 19114 19117 14860 12344 19116 19106
 14868 14858 14856 14857 12339 10727 14859 19114 19117 14860 19116 14868
 19115 14856 14858 12343 19118 12345 19117 14868 19116 19114 19115 12343
 19118 12345 19117 19116 12343 19118 19117 19116 19117 19118]"
9728,[217 218],[19116 19116]
9729,[217 218],[19479 19479]
9730,[217],[19916]
9731,[218 218 218],[ 152 3281 7934]
9732,[218 218 218 219 219 219],[ 334 5523 7929  334 7929 7931]
9733,"[218 218 219 219 219 219 219 219 219 218 218 218 218 218 218 219 219 219
 219 218 219 219 219 219 219 219 219 220 220 220 220 220 220 220 220 220
 220 220 220 220 220 220 220 220 220 220 220 220 220 220 220 220 220 220
 220 220 220 221 221 221 221 221 221 221 221 221 221 221 221 221 221 221
 221 221 221 222 223 223 223 224 224 224 224 225 225 225 226 226 226 226
 226 227 227 227 227 227 228]","[ 692 5852  212 3553 3555 5852 3556  692 7474 1534 7416 7417 7418 4420
 3516 1533 4420 7414 7418 4414 4414 6393 2912 6469 6470 8772 8773   92
 2912 2914 2953 2955 7412 7413  992 2913  994 8623 7474 1035 1532 7414
 1533 6394 3556 6469 3512 7415 6393 3555  472 6470  212 4414 8772 5852
 8773  212 3512 5852  472  693 7417 1534 7415 7416 2067 8773 2913 2914
 6394 7413 6393 4414 2953 7417  693 7417 1534  693 7417 1534 7415  693
 7417 1534  693 7417 1534 7418 7415  693 3516 7417 1534 7415 7417]"
9734,[218 218 218],[ 893 6215 8244]
9735,[218 219],[918 918]
9736,[218],[983]
9737,[218 218 218 219 219 219 219],[1279 3198 6913 3198 3199 6913 6914]
9738,[218 218 218 218],[1314 6973 9794 5386]
9739,[218 218 218 219],[1696 3788 7800 7800]
9740,[218 218 218 218 218 218 218 218],[1727 3839 3840 7871 7873 3841 1729 7874]
9741,"[218 218 218 218 218 219 219 219 219 219 219 219 219 219 219 219 220 220
 220 220 220 220 220 220 220 220 220 220 220 220 220 221 221 221 221 221
 221 222]","[2062 4529 4531 8756 8757  471 4530 2062 4529 4531 8757 1031 8758 8759
 4539 8766  471 4528 4530 4532 8765 1031 4529 6463 2062 4531 2063 8766
 6462 8759 4539 1031 4529 2062 4531 4539 8765 8765]"
9742,[218 218],[2914 7413]
9743,[218],[3055]
9744,[218],[4265]
9745,[218],[5158]
9746,[218],[5526]
9747,[218],[6303]
9748,[218],[6839]
9749,[218 219 219],[7123 1398 7123]
9750,[218 219],[7308 7308]
9751,[220],[233]
9752,[218],[8914]
9753,[218],[9187]
9754,[218],[9232]
9755,[218 219 220 221 222 223],[9582 9582 9582 9582 9582 9582]
9756,[218],[9585]
9757,[218],[9631]
9758,[218 218 218 ... 269 269 269],[10305 13364 18557 ... 16494 16495 13075]
9759,[218 219 219],[10900 10900 16034]
9760,[218],[11333]
9761,[218],[12339]
9762,[218],[12754]
9763,[218 218],[13100 16540]
9764,[218],[13277]
9765,[218],[13706]
9766,[218],[14326]
9767,"[218 218 219 219 219 219 219 220 220 220 220 220 220 221 221 221 221 222
 222 223]","[14400 18534 11147 14400 12134 18534 18535 11147 14400 16480 16478 16477
 18535 16478 16480 18534 18535 18534 18535 18535]"
9768,[218],[14498]
9769,[218 219],[14701 14701]
9770,[218 219],[14858 14858]
9771,[218],[14882]
9772,[218 219],[14892 14892]
9773,[218 219 219 220],[15331 15331 15333 15333]
9774,[218 219 220],[15983 15983 15983]
9775,[218],[16391]
9776,[218],[16937]
9777,[218 219 219 220],[17040 17039 17040 17040]
9778,[218],[17112]
9779,[218 219],[17551 17551]
9780,[218 219],[17972 17972]
9781,[218],[18472]
9782,[218 219],[18626 18626]
9783,[218 219 219],[19467 15159 19467]
9784,[218],[19826]
9785,[218 219],[19947 19947]
9786,"[219 219 219 219 219 219 219 219 219 219 219 219 220 220 220 220 220 220
 220 220 220 220 220 220 220 220 220 220 220 220 220 220 220 220 220 221
 221 221 221 221 221 221 221 221 221 221 221 221 221 221 221 221 221 221
 221 221 221 221 221 221 222 222 222 222 222 222 222 222 222 223 224]","[  43 2922 1002 6409 1001 4439 6407 2024 4437 6406 2023 4436   43 2922
 2921 1000 6408 6409 6406 8051 1001 6407 4438 4439 8644 4437 4440 2024
 8645 2023 4441 2025 8648 8649   94   43 2920 2922 2921 8051 6408 6409
 1001 6406 6407 4438 4439 8644 4437 4440 2024 8645 2023 4441 2025 8648
 8649 7422   94 2919   43 2922   94 7422 1001 6407 8644 6406 2023 6407
 6407]"
9787,[219],[142]
9788,[219 219 219 219 220],[ 782 6018 6019  784 6018]
9789,[219 219 219 219],[1367 3286 3287 7936]
9790,[219 219 220 220 221 221 221 221 221],[2426 5420 2426 5420 2426 5418 5419 5420 9833]
9791,[219 219 220 220],[2749 2750 2749 2750]
9792,[219],[2954]
9793,[219 220 221 222],[3662 3662 3662 3662]
9794,[219 219],[3787 3789]
9795,[219 220 220],[4259 1940 4259]
9796,[219],[4385]
9797,[219 219 219 220],[ 5638 10093 10094  5638]
9798,[219 219 220 220 221 221 221],[6030 6031 6030  791  791 6031 6030]
9799,[219 219 220 220],[7248 7249 7248 7249]
9800,[219 219 219],[7632 7633 7634]
9801,[219],[7938]
9802,[219 220 220 221 221 222],[8322 8322 8323 8322 8323 8322]
9803,[219],[8418]
9804,"[219 220 221 221 221 221 221 222 222 222 222 223 223 223 223 223 223 224
 224 224]","[8570 8570  980 4378 8569 8567 8570 8566 8567 8569 8570  980 4378 8569
 8567 8570 8566 4373 8570 8566]"
9805,[219],[8764]
9806,[219 220 221],[9430 9430 9430]
9807,[219],[9436]
9808,[219 219],[9958 9959]
9809,[219],[10280]
9810,[219 219 220],[10487 13853 13853]
9811,[219 219 220],[10500 13897 10500]
9812,[219 219 219],[10568 15695 17258]
9813,"[219 220 220 220 220 220 221 221 221 221 221 221 221 221 221 221 222 222
 222]","[10828 10828 15591 17194 12639 19990 10828 15591 17194 12639 19990 19991
 17238 15659 17237 11567 12639 15591 17238]"
9814,[219],[11313]
9815,[219],[11456]
9816,[219],[11587]
9817,"[219 219 219 219 220 220 220 220 220 220 221 221 221 221 222 222 222 222
 223 223 223 223 223 224 224 224 224 224 225 225 225 225 225 225 223 224
 225 225 226 226 226 226 226 226 226 226 226 226 226 227 227 227 227 227
 227 227 227 227 227 227 227 228 228 228 228 228 228 228 228 228 228 229
 229 229 230 230 231 231 231 232 232 232 232 233 233 233 234]","[11651 17385 15902 15904 11651 13570 12764 15904 20363 15902 12764 15904
 20363 13570 12764 15904 20363 13570 12764 15904 20363 13570 17383 11650
 17382 20362 20363 13570 11650 17382 17383 20362 13570 20363 17385 17385
 17385 17387 10871 15902 17385 17386 11650 17387 17382 17383 20362 13570
 20363 11650 15902 17382 17383 20362 15904 17385 13570 20363 17386 17387
 13569 11650 15902 17382 15904 17385 12764 17387 20363 17388 13570 12764
 15904 20363 15904 20363 12764 15904 20363 12764 15904 20363 20364 12764
 15904 20363 15904]"
9818,[219],[11981]
9819,[219],[12729]
9820,[219 219 219 220 220 220 220 221 221],[12759 15889 20348 12759 15889 20348 20374 12759 15889]
9821,[219],[13509]
9822,[219],[14056]
9823,[219],[14351]
9824,[219 219 220 221],[14358 18479 14358 14358]
9825,[219],[14507]
9826,[219 220],[14713 14713]
9827,[219],[14911]
9828,[219],[15142]
9829,[219],[15338]
9830,[219],[15590]
9831,[219 220 221],[16049 16049 16049]
9832,[219],[16804]
9833,"[219 220 221 221 222 222 223 223 221 222 223 224 224 224 224 225 225 225
 225 226 226 226 227 227 227 227 227 228 228 228 228 228 228 228 228 228
 228 229 229 229 229 229 229 229 230 230 230 230 230 230 230 230 231 231
 232 233 234 234]","[17166 17166 11529 17166 11529 17166 11529 17166 11531 11531 11531 11529
 13450 17166 11531 11529 13450 17166 11531 11529 13450 11531 10822 17167
 11529 13450 11531 10822 15540 17167 17166 11529 17169 17165 13450 11527
 11531 10822 15540 17167 17166 17169 13450 11531 11528 15541 17166 19929
 19930 17167 19931 13450 13450 17166 13450 13450 11529 13450]"
9834,[219],[17508]
9835,[219],[17670]
9836,[219],[18121]
9837,"[219 220 220 220 220 220 220 220 220 220 220 220 220 221 221 221 221 221
 221 221 221 221 221 221 221 221 222 222 222 222 222 222 222 222 222 223
 223 223 223 223 223 223 223 223 223 223 223 224 224 224 224 224 224 224
 224 224 224 224 224 224 224 224 224 225 225 225 225 225 225 225 225 225
 225 225 225 225 225 225 225 225 225 225 225 225 226 226 226 226 226 226
 226 226 226 226 226 226 226 226 226 226 226 226 226 226 226 226 226 226
 226 226 226 226 226 226 227 227 227 227 227 227 227 227 227 227 227 227
 227 227 227 227 227 227 227 227 227 227 228 228 228 228 228 228 228 228
 228 228 228 228 228 229 229 229 229 229 229 229 229 230 230 230 230 230
 230 230 231 230 231 231 231 231 231 231 231 231 231 231 232 232 232 232
 232 232 232 232 232 232 232 232 232 233 233 233 233 233 234 234 235 236
 236 236 236 234 234 235 235 235 235 236 236 236 236 237 237 237 237 237
 237 237 237 237 237 237 237 237 237 237 237 237 237 236 237 238 238 238
 238 238 238 238 238 238 238 238 238 238 238 238 238 238 238 238 238 238
 238 238 238 238 238 238 238 238 238 238 238 238 238 239 239 239 239 239
 239 239 239 239 239 239 239 239 239 239 239 239 239 239 239 239 239 239
 240]","[18224 10589 15876 15878 17367 17368 18224 18227 12754 20335 20336 15880
 15881 10589 15876 15878 17367 17368 18224 18227 17369 18228 18226 14164
 14165 15881 10589 15876 15878 17367 18224 18227 11641 17369 18228 10589
 15876 15878 17367 17368 18224 18227 20335 17369 20336 12755 15881 10589
 15878 17367 17368 18224 18227 12754 20335 17369 20334 20336 15880 20337
 12755 15881 13561 10589 15878 17367 17368 18224 18227 12754 20335 17369
 11642 12019 20334 20336 13562 20337 13561 13563 11645 15890 20373 20370
 10399 13561 13563 13562 11643 13564 17369 17370 17371 11645 11642 17367
 17368 15879 17375 15880 20335 10589 18227 15878 15881 10869 20370 20336
 12754 18224 12019 20373 20334 17366 10399 13561 13563 11641 17367 17369
 10589 17368 18227 11642 15878 18224 20335 12019 15879 15880 14162 14163
 10868 15881 11069 18225 10589 15878 17367 17368 18224 18227 20335 17369
 18228 11642 11069 14161 18225 12019 18227 17367 17368 17369 15878 15876
 18225 11069 18225 15876 15878 17368 17367 17369 11069 15883 15878 20335
 15880 15881 15882 15883 15885 17367 17369 18228 11069 18225 12754 20336
 12755 15880 15881 15882 15883 14164 18228 17367 17369 12754 20336 12755
 15883 17367 15883 20336 15883 15880 15881 20335 15883 11641 17369 11641
 13561 17369 13563 10399 13561 13563 17369 10399 13561 13563 13565 11641
 13562 11643 13564 11645 17369 17375 11642 15880 20335 12755 12754 15878
 15883 12018 12018 10399 13561 13563 13565 18230 11641 13562 11643 13564
 11645 17367 17369 17370 17371 17375 20369 10589 17368 11642 15879 10869
 20370 15876 15878 18224 20335 15880 15881 15888 12754 12018 20336 18225
 11069 10399 13561 13563 13565 18230 11641 11645 17367 17369 18228 10589
 17368 11642 15876 15878 18224 20335 15879 15880 12018 20336 18225 10869
 18225]"
9838,[219],[18468]
9839,[219],[18947]
9840,"[219 220 220 221 221 222 222 222 222 223 223 223 224 224 224 225 225 226
 226 226 226 227 227 227 227 227 227 227 227 228 228 228 228 228 228 228
 228 229 229 229 229 229 229 229 229 229 230 230 230 230 230 230 230 230
 231 231 231 231 231 231 231 231 231 231 231 231 231 232 232 232 232 232
 232 232 232 232 232 232 232 233 233 233 233 233 233 233 233 233 233 233
 233 233 234 234 234 234 234 234 234 234 234 234 234 235 235 235 235 235
 235 235 235 235 235 235 236 236 236 236 236 236 236 236 236 236 236 236
 236 236 236 236 236 236 236 237 237 237 237 237 237 237 237 237 237 237
 237 237 237 237 237 237 237 237 237 237 237 237 237 238 238 238 238 238
 238 238 238 238 238 238 238 238 238 238 238 238 238 238 238 239 239 239
 239 239 239 239 239 239 239 239 239 240 240 240 240 240 240 240 240 240
 240 240 241 241 241 241 241 241 241 242 242 242 242 243 243 243 243 243
 244 244 244 244 244 245 245 245 245 245 245 245 246 246 246 246 246 246
 246 246 244 245 246 247 247 247 247 247 247 247 247 247 247 248 248 248
 248 248 248 248 248 249 249 249 249 249 249 250 250 250 250 250 251 251
 251 252 252 252 252 252 253 253 253 253 253 254 254 254 254 254 254 254
 254 255 255 255 255 255 255 255 255 256 256 256 256 256 256 256 256 256
 256 257 257 257 257 257 257 257 257 257 257 257 258 258 258 258 258 258
 258 258 258 258 258 258 258 259 259 259 259 259 259 259 259 259 259 259
 259 259 260 260 260 260 260 260 260 260 260 261 261 261 261 261 262 262
 262 262 262 263 263 263 264 264 264 265]","[19721 19721 19724 19721 19724 15368 19723 19721 19724 19721 19723 19724
 19721 19723 19724 19721 19724 12550 19723 19724 19721 12549 19721 19722
 19723 19724 15368 12550 17065 12550 15368 19723 19724 15367 19721 17063
 17065 12550 15368 15369 19723 19724 15367 19721 17063 17065 12550 15368
 19723 19724 15367 19721 17063 17065 10799 15367 15369 17063 15368 12550
 17065 19722 19723 19724 17066 12549 19721 10799 15369 17063 12550 15368
 17065 19723 19724 19722 17066 12549 19721 10799 15367 15369 17063 15368
 12550 17065 19722 19723 19724 17066 12549 19721 10799 15367 15369 17063
 15368 12550 19722 19723 19724 12549 19721 12549 19721 19722 19723 19724
 12550 15369 17063 15382 15383 19741 10799 15367 15369 17063 15368 12550
 17065 19722 19723 17066 12549 19721 17067 19739 19741 15383 15382 15384
 10801 10799 15367 15369 17063 15368 12550 17065 19722 19723 19724 17066
 12549 19721 17067 19739 19741 12556 15383 15384 15382 10801 17072 17073
 17074 10801 15382 15384 17072 17073 15383 17074 19741 12550 15368 15369
 19723 19724 15367 19722 19721 17063 17065 17066 17067 10799 15367 17063
 15368 12550 19723 19721 10801 15382 15383 19741 17066 10801 15382 12549
 19721 19722 19723 15368 12550 15369 17063 17065 12550 15368 19723 19724
 19722 19721 17063 12550 15368 19723 19721 12550 15368 19723 19724 19721
 12550 15368 19723 19724 19721 12550 15368 15369 19723 19724 19722 19721
 12550 15368 15369 19723 19724 15367 19722 19721 17065 17065 17065 12550
 15368 15369 19723 19724 15367 19722 19721 17063 17065 12550 15368 19723
 19724 15367 19721 17063 17065 12550 15368 19723 19724 15367 19721 12550
 15368 19723 19724 19721 19721 19723 19724 15348 19724 19721 19723 15368
 10796 15348 19721 19724 19723 10796 17049 19721 19724 12549 19723 12550
 15368 10796 17049 19721 19724 12549 19723 12550 15368 10796 19721 19724
 12549 19723 12550 15368 15369 15367 17063 10796 17049 19721 19724 19723
 12550 15368 15369 15367 17063 17065 10796 15348 17049 19721 19724 19723
 12550 15368 15369 15367 17063 17065 17066 10796 15348 17049 19721 19724
 19723 12550 15368 15369 15367 17063 17065 17066 10796 15348 17049 19721
 19724 19723 12550 15368 17065 10796 15344 19721 19723 15368 10796 17049
 19721 19724 19723 19721 19723 19724 19721 19723 19724 19721]"
9841,[219 220],[20276 20276]
9842,[220 221 222 222],[ 388  388  388 6647]
9843,[220 221 221 222 222 222 223 224],[ 576  576 5262  576 5260 5262  576  576]
9844,[220],[908]
9845,[220 221],[1481 1481]
9846,[220],[1631]
9847,[220 221 222],[1673 1673 1673]
9848,[220],[1714]
9849,[220 221],[1885 1885]
9850,[220 220 220 220 220 221 221 221 221 221],[2233 4946 4947 4948 9262 2180 4815 4948 4947 4946]
9851,[220],[2468]
9852,"[220 220 221 221 221 222 222 223 223 223 223 223 224 224 225 225 226 227
 227 226 227 228 228 228 229 229]","[ 2514  5642  2514  5640  5641  2514  5640   991  2911  6390 10099  2514
   991  2514  2514 10099  2514  2514 10099  5639  5639  2514  5641  5639
  5639  5641]"
9853,[220 220 220 221 221 221 222 222 222 223],[3071 3072 6681 3071 6681 4893 3071 6681 4893 6681]
9854,[220 220 221 221 221 222 222 223 223],[3790 3792 1699 3792 3790 3790 3792 1699 3792]
9855,[220 221],[3873 3873]
9856,[220],[4119]
9857,[220],[4123]
9858,[220],[4541]
9859,[220],[5076]
9860,[220 221 221 221 221 221 221 222 222],[5115  288 5115 7739 7742 7741 7743  288 7743]
9861,[220 220 221 221 221 222 222],[6611 6612 4780 6612 6611 6611 6612]
9862,[220],[6689]
9863,"[220 221 221 221 222 222 223 223 224 224 225 226 226 227 227 227 228 228
 228 229 229 229 229 230 230 230 230 230 231 231 231]","[6692  266 6692 6693  266 6692  266 6692 6692 6693 6692 6692 6693  266
 6692 6693  266 6692 6693  266 6692 6693 6694  266 6692 6693 1158 6694
 1158 6692 6693]"
9864,[220 221],[6839 6839]
9865,[220 221 221 222 223],[6899 6898 6899 6899 6899]
9866,[220 221],[7836 7836]
9867,[220 220 221],[8043 8044 8044]
9868,[220],[8721]
9869,[220 221],[9072 9072]
9870,[220 221],[9348 9348]
9871,[220 221 222],[9385 9385 9385]
9872,[220 221],[9388 9388]
9873,[220 221 221 222 222 222 222],[9651 9651 9654 2365 9651 9653 9654]
9874,[220],[9742]
9875,[220],[9951]
9876,[220],[10086]
9877,[220 220 221],[10625 18428 18428]
9878,[220 221 222 223 224],[10658 10658 10658 10658 10658]
9879,"[220 220 220 220 221 221 221 221 221 221 221 221 221 221 221 221 221 221
 222 222 222 222 222 222 222 222 222 222 223]","[10668 14536 11193 19935 10318 13113 11193 13112 16561 11192 16560 14534
 18703 10668 14536 12196 18704 18701 10668 14534 14536 16563 11192 14535
 11193 18703 13112 13113 10668]"
9880,[220],[10702]
9881,[220 220],[10749 15019]
9882,[220 220 220],[10814 17126 17128]
9883,[220],[10877]
9884,[220],[11183]
9885,[220 220 221 221 221 222],[11352 16850 11352 16848 16850 16848]
9886,[220],[11377]
9887,[220],[11455]
9888,[220],[11508]
9889,[220],[11541]
9890,[220],[11646]
9891,[220 220],[11743 17585]
9892,[220],[11914]
9893,[220 221],[12002 12002]
9894,[220],[12112]
9895,[220],[12418]
9896,[220 221],[13144 13144]
9897,[220],[13316]
9898,[220],[13450]
9899,[220],[13479]
9900,[220],[13561]
9901,[220],[13977]
9902,[220],[14284]
9903,[220 221],[14315 14315]
9904,[220],[14368]
9905,"[220 220 221 222 223 221 222 223 224 224 224 225 225 225 225 226 226 226
 227 227 228 228 229 229 230]","[14512 14513 14512 14512 14512 12187 12187 12187 12187 14513 14512 12187
 14513 18677 14512 12187 14513 14512 12187 14512 12187 14512 12187 14512
 14512]"
9906,[220 220],[14626 14628]
9907,[220 220 220 220 221 221 221 221 222],[14718 14719 18932 14720 11255 14718 16672 14719 16672]
9908,[220],[15909]
9909,[220],[16103]
9910,[220 221 221 222],[16194 16193 16194 16194]
9911,[220],[16374]
9912,[220],[16670]
9913,[220 221 221 222],[16920 16920 17880 16920]
9914,[220 221],[17386 17386]
9915,[220],[17590]
9916,[220 221 222],[18120 18120 18120]
9917,[220],[19474]
9918,[220],[19591]
9919,[220],[19722]
9920,[220 221 221 221 222 223 223 224],[20284 12735 20277 20284 20277 12735 20277 20277]
9921,[221 222],[302 302]
9922,[221],[740]
9923,[221 221 221 221 222 222],[1021 4498 4499 4500 1021 4500]
9924,"[221 221 221 221 221 221 221 221 221 221 221 221 222 222 222 222 222 222
 222 222 222 222 222 222 223 223 223 223 223 223 223 223 223 223 223 223
 223 223 223 223 223 223 224 224 224 224 224 224 224 224 224 224 224 224
 224 224 224 224 224 224 224 224 225 225 225 225 225 225 225 225 225 225]","[1365 3285 3286 7067 3287 7068 1366 7066 9976 5537 5536 9974  152 3285
 3287 7936 1365 3286 7067 7068 1366 7066 9976 5537  152 3285 3287 1365
 3286 7067 7068 7066 5537 9976 2473 5535 5536 9974 2472 9973  825 9972
  612 5535 5537 7065 7066 2472 5536 2473 9976 1365 7067 1366 9972 9973
 9974 2745  825 2744 6092 6091  825 2744 2745 6092 9973 9974 2743 2472
 2473 7067]"
9925,[221],[1398]
9926,[221],[1783]
9927,[221],[2013]
9928,[221],[2186]
9929,[221],[2395]
9930,[221 222],[2702 2702]
9931,[221 221 222 222 222 223 224],[3198 6909 1279 3198 6909 3198 3198]
9932,[221],[3606]
9933,[221],[3927]
9934,[221],[4122]
9935,[221],[4407]
9936,[221],[4841]
9937,[221],[5039]
9938,[221],[5547]
9939,[221],[5633]
9940,[221],[6217]
9941,[221],[6305]
9942,[221],[6770]
9943,[221],[6895]
9944,[221],[7708]
9945,[221],[7800]
9946,[221 222],[8074 8074]
9947,[221],[8309]
9948,[221],[9201]
9949,[221 221 222 222 223],[9548 9549 9548 9549 9549]
9950,[221 222],[9981 9981]
9951,[221],[10242]
9952,[221],[10384]
9953,[221],[10663]
9954,[221],[10706]
9955,[221 222 223 224 225 226],[10728 10728 10728 10728 10728 10728]
9956,[221 221 221 221 221 222 222 222 222 223 223 223 224],"[10900 16034 16035 17520 13656 10900 16034 16035 17520 10900 16034 16035
 10900]"
9957,[221],[11527]
9958,"[221 221 221 221 221 221 221 221 222 222 222 222 222 222 222 222 222 223
 223 223 223 223 223 223 223 224 224 224]","[11557 18111 18112 11968 14080 14079 14077 16288 12960 12961 16288 12963
 14077 14079 14080 18112 12623 10277 12959 12961 19943 19970 12623 14077
 14079 10277 18708 19943]"
9959,[221],[11625]
9960,[221 221 221 222],[11664 18260 12033 12033]
9961,[221 221 221 222 222],[11708 13645 19190 11708 19190]
9962,[221 221],[12124 14378]
9963,[221],[12728]
9964,[221],[13314]
9965,[221],[13639]
9966,[221],[14023]
9967,[221 221 222 222 222],[14137 18193 14137 16323 18193]
9968,[221],[14142]
9969,[221],[14184]
9970,[221 222],[14983 14983]
9971,[221 222],[14988 14988]
9972,[221 222 222 223 223 224 224 224],[15144 15143 15144 15143 15144 12457 15143 19449]
9973,[221],[15885]
9974,[221],[16371]
9975,"[221 222 223 224 225 226 227 227 227 228 228 228 228 229 229 229 230 231
 232 233 234]","[16766 16766 16766 16766 16766 16766 11307 14875 16766 11307 14875 16766
 19124 14875 19124 16766 16766 16766 16766 16766 16766]"
9976,[221],[17125]
9977,[221 222],[17164 17164]
9978,[221],[17802]
9979,[221 222],[17966 17966]
9980,[221],[18079]
9981,[221],[19684]
9982,"[221 222 223 224 225 226 226 225 226 226 226 226 226 227 227 227 227 227
 227 227 227 227 227 227 227 227 227 227 228 228 228 228 228 228 228 228
 228 228 228 228 228 228 228 228 228 229 229 229 229 229 229 229 229 229
 229 229 229 229 229 230 230 230 230 230 230 230 230 230 230 230 230 230
 230 230 230 230 230 230 230 230 231 231 231 231 231 231 231 231 231 231
 231 231 231 231 231 231 231 231 231 231 231 231 231 231 231 231 231 231
 231 231 232 232 232 232 232 232 232 232 232 232 232 232 232 232 232 232
 232 232 232 232 232 232 232 232 232 232 232 232 232 232 232 232 232 232
 233 233 233 233 233 233 233 233 233 233 233 233 233 233 233 233 233 233
 233 233 233 233 233 233 233 233 233 233 233 233 233 233 234 234 234 234
 234 234 234 234 234 234 234 234 234 234 234 235 235 235 235 235 235 235
 235 235 235 235 236 236 236 236 236 236 236 236 236 236 236 236 236 236
 236 236 236 236 236 236 237 237 237 237 237 237 237 237 237 237 237 237
 237 237 237 237 237 237 237 237 237 237 237 237 237 237 237 237 237 237
 237 237 238 238 238 238 238 238 238 238 238 238 238 238 238 238 238 238
 238 238 238 238 238 238 238 238 238 239 239 239 239 239 240 240]","[19729 19729 19729 19729 19729 19729 19730 19736 19734 19735 19736 12223
 14587 11211 14588 16593 18772 14587 18773 14585 19729 19730 12552 19732
 19733 12553 19734 19735 10679 14585 14587 16593 19730 19733 19729 18772
 12552 19732 12553 19734 15372 14589 19735 14588 10681 10679 14585 14587
 16593 19730 19733 19729 18772 12553 19734 14589 18773 19735 10681 10679
 14585 16592 19730 19733 19729 11210 16594 19734 19732 12553 13131 19735
 11212 16596 18779 14588 18780 12226 14589 18782 10679 14585 14587 16592
 16593 19730 19733 19729 12223 18772 11210 16594 19734 19732 14589 13131
 19735 16595 14588 11212 13132 16596 18778 18779 17622 18780 11760 14594
 12226 18782 10679 14585 14587 16592 16593 19730 19733 19729 12223 18772
 11210 16594 19732 14589 13130 13131 19735 16595 14588 13132 16596 17622
 18778 18779 18780 11760 14594 12226 18782 14593 14595 18781 14597 16598
 10679 14585 14587 16592 16593 19730 19733 19729 12223 18772 11210 16594
 19734 12553 14589 13131 19735 14588 11212 13132 16596 18778 18779 18780
 11760 14594 12226 18782 14593 14595 14597 16598 10679 14585 14587 16592
 16593 19730 19733 19729 18772 16594 11211 14589 14588 16596 18780 10679
 14585 14587 16593 19729 18772 11211 14589 14588 16596 18780 10679 14585
 14587 16592 16593 18772 11210 16594 11211 14589 13131 16595 14588 16596
 18779 18780 12226 18782 18781 11760 10325 13130 13132 17622 11210 13131
 11212 18778 11760 16592 16594 19734 16596 18779 14594 14593 10679 16593
 11211 14588 18780 12226 14595 14585 14587 18772 14589 18782 18781 16598
 14597 11214 10325 13130 13132 17622 11210 13131 18778 11760 17623 16592
 14594 18779 14593 16593 12226 14595 16596 18780 11211 14587 18772 18782
 14588 14589 14597 11211 14589 16593 18772 18779 14589 18772]"
9983,[222],[120]
9984,[222 223 223 224 224 224 225],[ 332  332 9951  332 9951 2465  332]
9985,[222],[552]
9986,[222],[790]
9987,[222],[1083]
9988,[222],[1487]
9989,"[222 222 223 224 224 225 225 225 226 226 226 227 227 227 227 228 228 228
 229 229 229 229 230 230 231 232 232]","[ 2523 10126  2523  2523 10126  2523 10125 10126  2523 10125 10126  2523
 10125 10126  3323  2523 10125 10126  2523 10125 10126  3323  2523 10126
 10126  2523 10126]"
9990,[222],[4272]
9991,[222],[4940]
9992,[222],[5549]
9993,[222],[5629]
9994,[222],[5931]
9995,[222],[7494]
9996,[222 223 224],[7989 7989 7989]
9997,[222 223 224],[8572 8572 8572]
9998,[222],[9088]
9999,[222 223 224 225],[9187 9187 9187 9187]
10000,[222],[9836]
10001,[222 222 223 223],[10054 10055 10054 10055]
10002,[222 222],[10541 14064]
10003,[222],[10620]
10004,[222],[10742]
10005,[222],[11011]
10006,[222],[11183]
10007,[222],[11305]
10008,[222 223],[11308 11308]
10009,"[222 222 222 223 223 223 223 223 223 223 224 224 224 224 224 225 225 225
 225 226]","[12100 18441 14321 10626 14319 14321 18440 12100 18439 14326 12100 18439
 18440 14321 14319 12100 14326 18440 14321 12100]"
10010,[222],[12112]
10011,[222 222 223],[12405 15014 15014]
10012,[222],[12458]
10013,[222],[13031]
10014,[222 223],[13419 13419]
10015,[222],[13453]
10016,[222],[13902]
10017,"[222 223 224 224 224 225 225 225 225 225 226 226 226 226 226 226 227 227
 227 228]","[14400 14400 12134 14400 18534 10994 18535 12134 18534 14400 10994 16204
 18535 18534 12134 14400 10994 16204 14400 10994]"
10018,[222],[16172]
10019,[222],[16196]
10020,[222],[17382]
10021,[222],[18419]
10022,[222],[19327]
10023,"[223 223 224 225 225 225 225 225 226 226 226 226 226 227 227 227 227 227
 228 228 228 228 229 229 229 229 230 230 230 230 230 230 231 231 231 231
 231 231 231 231 232 232 232 232 232 232 233 233 233 233 233 233 233 233
 234 234 234 235 235 236 236 236 236 236 236 237 237 238 238 238 238 238
 239 239 239 239 239 240 240 240 240 241 241 241 241 242 242 242 242 243
 243 243 243 243 244 244 244 244 244 244 244 245 245 245 245 245 245 245
 245 245 245 245 246 246 246 246 246 246 246 246 246 246 246 246 246 246
 246 246 247 247 247 247 247 247 247 247 247 247 247 247 247 247 247 247
 247 247 247 247 247 247 248 248 248 248 248 248 248 248 248 248 248 248
 248 248 248 248 248 249 249 249 249 249 249 249 249 249 249 250 250 250
 250 250 251 251 251 251 251 251 251 252 252 252 252 252 252 252 252 253
 253 253 253 253 253 254 254 254 254 255 255 255 255 255 255 256 256 256
 256 256 256 256 256 256 256 257 257 257 257 257 257 257 257 257 257 258
 258 258 258 258 258 258 258 258 258 259 259 259 259 259 259 259 259 259
 259 259 260 260 260 260 260 260 260 260 260 260 260 260 261 261 261 261
 261 261 261 261 261 261 261 262 262 262 262 262 262 263 263 263 263 264
 265]","[ 190 4239 4239 2853 6288 6287 4239 8395  933 4241 6287 6288 4239  933
 6287 6288 4239 2853  933 6287 6288 2853  933 6287 6288 2853  933 6287
 6288 6289 6286 2853  932 2852 2853 6286 6288 2854 6287  933  932 2853
 6286 6288 6287  933  932 2852 2853 6286 6288 2854 6287  933  933 6287
 6288 6287 6288  190 6286 6287 6288  933 2853  190 6287  190 6287  933
 6288 2853  190 6287  933 6288 2853  933 6287 6288 2853  933 6287 6288
 2853  933 6287 6288 2853  933 6287 6288 4239 2853  933 4240 6287 6288
 6289 4239 2853  190 4239 6286 6287 6288  933 2853 6289 4240  934 2854
  190 6286 6287  932 6288  933 2852 2853 6289 4240  934 6290  416 6292
 1933 8404  190 6286 6287  932 6288  933 2853 6289 4240  934 6290  416
 2855 6292 6291 4244  935 8404 4248 1933 8405 1934  190 6287  933 6288
 4240 4241 6289 2853  416 4242 6290  934 2854 4244 6292 4245 1933  933
 4240 4241 6287 6289 4242  934 4244 4245 8402 4239 6287 4241 4242 4245
 4239 6287 6288 4241 4242 4245 8402  190 6287 6288 1933 4245 8405 4241
 4242  190 6286 6287 6288  933 1933  190 6287  933 6288  190 6286 6287
 6288  933 2853  190 6286 6287  932 6288  933 2852 2853 6289 2854  932
 2852 2853 6286 6288 2854 6289 6287  933 4240  932 2852 2853 6286 6288
 2854 6287  933 4240 6290  932 2852 2853 6286 6288 2854 6289 6287  933
 4240 6290  932 2852 2853 6286 6288 2854 6289 6287  933 4240 6290 6292
  932 2852 2853 6286 6288 6289 6287  933 4240 6290 6292  932 2853 6286
 6288 6287  933  933 6287 6288 6286 6287 6287]"
10024,[223],[268]
10025,[223],[1379]
10026,[223],[1405]
10027,[223 223 223 223 223 223 223 224 224 224 224 224 225 225 225],"[1715 7842 9738 9739 2394 9742 2395 1715 7842 9738 9739 9742 1715 7842
 9742]"
10028,[223],[2013]
10029,[223],[2045]
10030,[223 224 225 226 227],[2321 2321 2321 2321 2321]
10031,[223],[2352]
10032,[223 223],[2477 9986]
10033,[223],[2750]
10034,[223],[3055]
10035,[223 224 224],[3072 3071 3072]
10036,[223],[3274]
10037,[223 224 224 224],[4240 4240 6290 6292]
10038,[223 223 223 223 224 224 224 224 224 225 225 225 225 225 226 226],"[4815 4947 4945 4946  512 4815 4945 4947 4946  512 4815 4945 4947 4946
 4946 4947]"
10039,[223],[5039]
10040,[223],[5158]
10041,[223 224],[5397 5397]
10042,[223],[5419]
10043,[223 224],[5502 5502]
10044,[223],[6016]
10045,[223 224 225 226 227],[6839 6839 6839 6839 6839]
10046,"[223 223 224 224 225 225 225 226 226 226 226 226 226 227 227 227 227 227
 227 227 227 227 228 228 228 228 228 228 228 228 228 228 228 228 228 229
 229 229 229 229]","[ 7124 10091   625  7124   625  5629  7124   625  5629  5631  5630  2512
  5635  2510  5630  5629  7124 10091 10092  2512  5635  5633   625  5629
  5631  5633 10092  5630  2510  2512 10091  5635  1398 10090  1775  1398
 10090  5635  5629  5630]"
10047,[223],[7799]
10048,[223],[8063]
10049,[223],[8758]
10050,[223],[9588]
10051,[223 224],[9954 9954]
10052,[223 224],[9961 9961]
10053,[223],[9964]
10054,[223],[11184]
10055,[223],[11321]
10056,[223],[11726]
10057,[223],[11848]
10058,[223 224 224 224 224 225 225 226],[11862 10361 13302 17862 11862 11862 13901 11862]
10059,[223],[11969]
10060,[223 224],[12223 12223]
10061,[223 223 223 224],[12548 15363 15364 15363]
10062,[223 223 224],[12728 20257 12728]
10063,[223],[13187]
10064,[223],[13261]
10065,[223 223],[13687 13688]
10066,[223 224],[14163 14163]
10067,[223 224],[14460 14460]
10068,[223],[14732]
10069,[223],[14866]
10070,[223],[14984]
10071,[223 224 225],[15338 15338 15338]
10072,[223],[16336]
10073,[223],[16772]
10074,[223],[16830]
10075,[223 223],[16924 16926]
10076,[223],[17036]
10077,[223 224],[17115 17115]
10078,[223],[17330]
10079,[223 224 224 225 225],[18142 18141 18142 18141 18142]
10080,[223],[18389]
10081,[223 224 224],[18734 10567 18734]
10082,[224 224 224 224 224 224 224 224 224 224 224],[ 153 3311 3313 3315 7977 9981 9990 9991 2475 2478 5549]
10083,[224 224 224 225 225],[ 680 5834 9348  680 9348]
10084,[224 224 224 225 225],[ 791 7835 7836  791 7836]
10085,[224 225],[1474 1474]
10086,[224 224 225 225 226 226],[1598 4755 1598 4755 1598 4755]
10087,[224 225],[1939 1939]
10088,[224],[1992]
10089,[224],[2426]
10090,[224],[3573]
10091,[224],[4018]
10092,[224],[4047]
10093,[224 224 225 225],[4827 9119 2186 4827]
10094,[224],[4940]
10095,[224],[5639]
10096,[224],[5931]
10097,[224],[5955]
10098,[224],[6304]
10099,[224 225 225 226 227 228 228 229 229 230 230 231 231 232 232 233 233 234],"[6689 3076 6689 3076 3076 3076 6689 3076 6689 3076 6689 3076 6689 3076
 6689 3076 6689 3076]"
10100,[224 225],[7080 7080]
10101,[224],[7249]
10102,[224],[7700]
10103,[224],[7931]
10104,[224],[7975]
10105,[224 225],[8397 8397]
10106,[224],[8563]
10107,[224],[8704]
10108,[224],[9382]
10109,[224],[9646]
10110,[224],[9648]
10111,[224],[9933]
10112,[224 225 225],[9987 2477 9987]
10113,[224],[10292]
10114,[224],[10735]
10115,[224 224 224 224 224 224 224 225 225 225 225 225 225 225 225 225 225],"[10879 15962 15964 15966 12788 15965 20437 10879 15962 15964 17421 20445
 12788 15965 20437 12789 20438]"
10116,"[224 224 225 225 225 225 225 225 225 225 226 226 226 226 226 226 226 226
 226 226]","[11038 16284 10558 16284 20028 11038 16283 11556 15622 15623 11038 16283
 16284 20028 20030 15623 11555 15622 17215 11556]"
10117,[224],[11069]
10118,[224],[11342]
10119,[224 224 225 225 225 225 225 225 226 226 226 226 226 226],"[11359 16861 11359 13278 13279 13280 16860 16861 11359 13278 13280 16861
 16864 16862]"
10120,"[230 230 230 228 229 230 230 230 230 230 230 231 231 231 231 231 231 231
 231 231 232 232 232 232 232 233]","[10350 13236 17769 16783 16783 11317 16783 16784 16785 11318 11824 10350
 13236 17769 11316 13237 10732 14897 16783 11824 10732 16783 11316 13236
 13237 13236]"
10121,[224 224],[12226 18782]
10122,[224],[12275]
10123,[224 224],[12362 19167]
10124,[224 224 225 225 225 226 227],[12454 15135 12454 15136 15135 12454 12454]
10125,[224],[12544]
10126,[224],[12566]
10127,[224],[12767]
10128,"[224 224 224 225 225 225 225 225 225 225 225 225 225 225 225 225 225 225
 225 225 225 225 225 225 225 226 226 226 226 226 226 226 226 227]","[12781 15945 15944 10876 15939 15941 15943 17407 20415 20418 17406 15942
 12780 11663 20414 12781 12782 13582 17405 20411 15945 15946 12031 15944
 18254 11663 13582 20414 12781 15945 20415 12031 18254 11663]"
10129,[224 225],[12828 12828]
10130,[224],[13030]
10131,[224],[13260]
10132,[224 224 224 225 225],[13595 17429 15977 15977 15979]
10133,[224],[14151]
10134,[224 225 225],[15947 10877 15947]
10135,[224],[16024]
10136,[224 225 226],[16047 16047 16047]
10137,[224 225 226 226 227],[16191 16191 16191 18507 16191]
10138,[224],[16577]
10139,[224 225 225],[16785 16785 16786]
10140,[224 224 225 225 225 225 226 226],[16848 16850 10625 16848 18428 16850 16848 18432]
10141,[224 225],[17229 17229]
10142,[224 224 225 225],[17408 17410 17408 17410]
10143,[224 225],[17509 17509]
10144,[224],[18061]
10145,[225],[552]
10146,"[225 225 225 226 226 226 226 226 226 226 226 226 226 226 226 226 226 226
 227 227 227 227 227 227 227 227 227 227 227 228 228]","[ 770 3753 7750  289 3749 3751 5994 1673 3748 3750 1675 7750  770 7744
 7747 7743 3753 3752  289 3749 3751 5994 1673 1675 7750  770 5995 3753
 3752  770 3753]"
10147,"[225 225 226 226 226 227 227 227 227 228 228 228 228 228 229 229 229 229
 229 229 230 230 230 230 230 230 231 231 231 231 231 231 232 232]","[1406 3326 1406 3326 7137 1406 3326 7137 7138 1406 3326 7137 7138 5652
 1406 3326 7137 7138 7990 5652 1406 3326 7137 7138 7990 5652 1406 3326
 7137 7138 7990 5652 1406 3326]"
10148,[225 226 226],[1779 1779 7991]
10149,[225 225],[1997 4381]
10150,[225],[2045]
10151,[225 225],[2129 8954]
10152,[225 226],[2360 2360]
10153,[225 226 227 228 228 229 230],[3171 3171 3171 3171 6860 3171 3171]
10154,[225],[3589]
10155,[225],[4759]
10156,[225 225 226 226 226 227],[5079 5081 5079 9424 5081 5079]
10157,[225],[5229]
10158,[225],[5523]
10159,[225 225 226 226 226 227],[6359 6361  440 6359 6361 6361]
10160,[225],[6390]
10161,[225 226 227 228 229 230 230 231 231 232 233],[6899 6899 6899 6899 6899 5259 6899 5259 6899 6899 6899]
10162,[225],[7248]
10163,[225 226],[7938 7938]
10164,[225],[8424]
10165,[225 226 226 227 227 228 229 229 230 230 231 231 231 232],[8758 2827 8758 2827 8758 8758 2827 8758 4531 8758 2827 8758 4531 8758]
10166,[225 226],[8807 8807]
10167,[225],[9436]
10168,[225],[9551]
10169,[225],[9573]
10170,[225],[9631]
10171,[225],[9673]
10172,[225],[9834]
10173,[225],[10005]
10174,[225 226],[10704 10704]
10175,[225],[10753]
10176,[225 225],[11323 14925]
10177,[225 226 226 227 227],[11391 11391 13310 11391 19437]
10178,[225 226 226 227 227 227 228 228 228 229 229],[11625 11625 13544 11625 13544 13543 11625 20279 13543 11625 20279]
10179,[225 226 227 227 228 229],[12135 12135 12135 14403 12135 12135]
10180,[225 226 226 227 227 227 227 227],[12253 12253 14653 12253 20347 20348 15889 12759]
10181,[225],[14015]
10182,[225],[14525]
10183,[225],[14923]
10184,[225 226],[15029 15029]
10185,[225],[15493]
10186,[225],[15509]
10187,[225],[15553]
10188,[225 225 226],[15612 20017 20017]
10189,[225 226 226 226 227],[15650 15649 15650 20063 15649]
10190,[225 226 226 226 226 227 227 227 227 228 228 228 228],"[16606 16606 16608 19896 19895 16606 16608 19896 19895 16606 16608 19896
 19895]"
10191,[225],[18780]
10192,[225 226 227 227 228 228 229 230],[19148 19148 11308 19148 11308 19148 11308 11308]
10193,[225 226],[19262 19262]
10194,[225],[19304]
10195,[225 226 226 226 226 226 227],[19876 12601 15494 19876 19877 15492 12601]
10196,[225],[19942]
10197,"[225 226 227 227 227 228 228 228 229 229 229 230 230 231 231 232 233 233
 234 234 235 236]","[20276 20276 18198 20276 20277 18198 20276 20277 12006 18198 20276 18198
 20276 18198 20276 20276 18198 20276 18198 20276 20276 20276]"
10198,[225],[20423]
10199,[226 226 226],[ 334 7929 7931]
10200,[226 227],[566 566]
10201,[226 227 227 227],[ 692  692 5878 3553]
10202,"[237 237 237 237 237 237 237 237 237 237 237 237 237 237 237 237 238 238
 238 238 238 238 238 238 238 238 238 238 238 239 239 239 239 239 239 239
 239 239 239 239 239 239 240 240 240 240 240 240 240 240 240 240 240 240
 241 241 241 241 241 241 241]","[ 760 5976 5978 8322 8323 8321 1903 4183 1883 8267 8320 4139 4140 4141
 1885 8272  760 5976 5978 8322 8323 8321 1903 4183 1883 8267 8320 4182
 4139  760 5976 8322 8323 1903 8267 4181 4182 8320 8319 1902 4179 8270
  760 5976 5978 8322 8323 1903 4183 1883 8320 8269 1902 8270  760 1883
 4139 4140 4183 1902 8320]"
10203,[226],[939]
10204,[226],[1084]
10205,[226 226 226 227 227 227],[1207 3126 3127 1207 3126 3127]
10206,[226],[1272]
10207,[226],[1366]
10208,[226],[1488]
10209,[226 226 227],[1601 9058 9058]
10210,[226 226 227 227 227 227 227 227 228 228],[2065 8761 2065 8764 8765 8762 8761 8760 8764 8765]
10211,[226],[2283]
10212,[226],[2337]
10213,[226 227 227],[2468 2468 5525]
10214,[226],[2697]
10215,[226 227 228],[3072 3072 3072]
10216,[226 226],[3142 8334]
10217,[226],[3599]
10218,[226 227 228 229 230 230 231 232 232],[4165 4165 4165 4165  908 4165 4165  402 4165]
10219,[226 227],[4849 4849]
10220,[226 227],[5059 5059]
10221,[226 227 227 227 227 228 228 228 228 229],[5159 2322 9527 5159 5158 2322 9527 5159 5158 2322]
10222,[226 227 228 228 229 229 230 230 231 231 232],[5397 5397 5395 5397 5395 5397 5395 5397 5395 5397 5397]
10223,[226 226],[5536 5537]
10224,[226],[5582]
10225,[226 227 228 229 230],[5655 5655 5655 5655 5655]
10226,[226 227 228 228],[6681 6681 4893 6681]
10227,[226],[6840]
10228,[226],[7540]
10229,[226],[7785]
10230,[226 227 227 228],[8092 1551 8092 1551]
10231,[226],[8852]
10232,[226],[9616]
10233,[226 226 227 227 227 227 228 228 228 228 228 228 228],[9830 9831 2425 9830 9831 9834  209 9831 2425 9830 1527 3505 7403]
10234,[226],[10003]
10235,[226],[10026]
10236,[226],[10086]
10237,[226],[10318]
10238,[226],[10403]
10239,[226],[10451]
10240,[226 226 227 228 229],[10584 17341 10584 10584 10584]
10241,[226 227 227 228 228 229 230],[10658 10658 14484 10658 14484 10658 10658]
10242,[226],[11746]
10243,[226 226 226 226 226 226 226 227],[12623 19943 19969 18708 19970 12959 12963 19943]
10244,[226 227 227 227 228 228 228],[12737 12737 15835 20284 12737 15835 20284]
10245,[226 227 227 228 228 228 229 229 229 229 230],[12998 11078 12998 12998 18826 18825 11078 12998 18826 18825 18826]
10246,[226],[13824]
10247,"[226 227 228 229 229 229 230 230 230 230 230 230 230 230 230 230 230 230
 230 230 230 231 231 231 231 231 231 231 231 231 231 231 231 231 231 231
 231 231 231 231 231 231 232 232 232 232 232 232 232 232 232 232 232 232
 232 232 232 232 232 232 232 232 232 233 233 233 233 233 233 233 233 233
 233 233 233 233 233 233 233 233 233 233 233 234 234 234 234 234]","[13994 13994 13994 13994 13996 13997 11476 13396 13397 17071 17072 17074
 13394 17075 15382 17073 11477 17996 15389 13997 13996 10801 15382 17072
 17073 11475 15383 17071 11476 17074 11477 19749 19741 13396 13397 17075
 15389 13394 17996 13997 13996 13994 10801 15382 17072 17073 11475 15383
 17071 11476 17074 11477 19749 19741 13396 13397 17075 15389 13394 17996
 13997 13996 13994 10801 15382 17072 17073 15383 17071 11476 17074 11477
 19749 13396 13397 17075 15389 15390 13394 17996 13997 13996 13994 11477
 17074 13996 13997 17996]"
10248,[226],[13997]
10249,[226 226 226 227 227 228 228 229],[14184 14186 14187 14184 14186 14184 16353 14184]
10250,[226],[14589]
10251,[226 227],[15023 15023]
10252,[226 227 227 227 228 228 229 229],[15322 11455 15322 17034 15322 17034 11455 15322]
10253,[226],[15410]
10254,[226],[15909]
10255,[226 227 227 227],[15915 15913 15915 20380]
10256,[226],[15954]
10257,"[243 243 243 243 243 243 244 245 245 245 245 245 245 240 241 242 240 241
 242 242 243 243 243 244 244 243 244 244 244 244 244 244 244 244 244 244
 244 244 244 244 245 245 245 245 245 245 245 245 245 245 245 245 245 245
 245 245 245 245 245 245 245 245 245 245 245 245 245 245 245 245 246 246
 246 246 246 246 246 246 246 246 246 246 246 246 246 246 246 246 246 246
 246 246 246 246 246 246 246 246 246 246 246 246 246 246 246 246 246 246
 246 246 246 246 246 246 246 246 246 246 246 246 246 246 246 246 246 246
 246 246 246 246 246 246 246 247 247 245 246 247 247 247 247 247 247 247
 247 247 247 247 247 247 247 247 247 247 247 247 247 247 247 247 247 247
 247 247 247 247 247 247 247 247 247 247 247 247 247 247 247 247 247 247
 247 247 247 247 247 247 248 248 248 248 248 248 248 248 248 248 248 248
 248 248 248 248 248 248 248 248 248 248 249 249 249 249 249 249 249 249
 249]","[10631 11128 16445 16446 13049 18459 18459 11128 16444 16445 18458 16443
 18459 14315 14315 14315 14358 14358 14358 18479 14314 14315 14358 14314
 14358 10500 10500 13895 18478 11858 13896 18477 17855 18476 11859 15088
 17853 11377 19385 16891 10500 13895 18478 11858 13896 12114 17852 17854
 18473 17855 14358 18472 11859 15088 17856 14314 18471 15089 15090 17858
 17859 12436 19385 11377 16892 16891 18476 16454 18461 18466 10294 13052
 17494 11132 16454 11133 18476 18477 12114 18478 14358 10500 14314 13895
 14315 11858 13896 17852 17854 18473 17855 17853 18472 11859 12112 15088
 17856 18463 18471 15089 14351 15090 17858 17859 12109 18470 12436 19385
 12111 14343 14344 11377 16893 18468 12108 14342 18461 10631 16892 18466
 18459 16891 18465 18458 16890 14346 11128 16444 14345 16445 16443 14377
 11140 10294 13041 13049 13049 10500 13895 18478 11858 13896 12114 17852
 17854 18473 17855 17853 18472 11859 15088 17856 18471 15089 15090 12109
 14351 18470 12436 19385 14343 14344 18462 12111 11377 12108 14342 18461
 10631 18468 16892 18459 18466 16891 18458 18465 16890 18464 13049 14345
 14347 17508 16443 16445 16454 18476 10500 13895 18478 11377 16892 19385
 16891 12436 15090 15088 11859 17855 17856 12108 18461 12111 18470 14344
 16445 17508 18465 18466 10500 13895 11377 16892 19385 11859 15088 17853
 18461]"
10258,[226],[17172]
10259,[226],[17537]
10260,[226],[17776]
10261,[226 226],[18114 18115]
10262,[226],[19124]
10263,[226 227 228],[19486 19486 19486]
10264,[226],[19912]
10265,[226 227],[20264 20264]
10266,[226],[20295]
10267,[226],[20343]
10268,[227 227],[ 213 7419]
10269,[227],[306]
10270,[227],[446]
10271,"[227 228 228 229 230 230 230 230 230 230 230 230 230 230 230 230 231 231
 231 231 231 231 231 231 231 232 232 232 232 232 232 233 233 233 233 233
 234 234 234 234 234 235 236 236 236 236 236 237 237]","[ 447  447 9813  447  447 4391 9813 2003 8588 9815 8589 2420 8590 9817
  984 6380  447 4391 6378 6379  984 6380 9817 2420 9815  447 6378 6379
 9817 2420 9815  984 6378 9817 2420 9813  447 9813 9816 9815 2420 9816
  447 6378 9813 9816 9815 6378 9816]"
10272,[227 227 228 228],[ 522 6677  522 6677]
10273,[227],[1046]
10274,[227],[1156]
10275,[227 227 227 228 228 228 228 228 229 229 229 229],[1265 6885 9617 1265 5238 6885 9617 9615 1265 5238 6885 9617]
10276,"[227 227 227 227 227 227 227 228 228 228 228 228 228 228 228 228 229 229
 229 229 229 229 229 229 230 230 230 230 230 231 231 231 231 231 231 231
 232 232 232 232 233 233 234 234 235 235 236 236]","[1696 3787 7800 1697 7799 7801 9631 1696 3787 3788 7800 3789 1697 7799
 6017 9631 1696 3787 3788 7800 3789 1697 7799 9631 1697 7799 7800 9631
 3789 1696 3787 7800 3789 7799 6017 9631 1696 3787 3788 6017 1696 3787
 1696 3787 1696 3787 3787 8403]"
10277,[227],[2194]
10278,[227 228 229 230 231 232 233 234],[2684 2684 2684 2684 2684 2684 2684 2684]
10279,[227 228 229 229 229 229 230 230 230 230 231 231 231 232 232],"[2943 2943 1817 8080 8081 2943 1817 8080 8081 2943 1817 8080 8081 1817
 8081]"
10280,[227],[3444]
10281,[227],[3506]
10282,[227 228 228 229 230],[3541 1550 3541 1550 1550]
10283,[227 228 229],[3972 3972 3972]
10284,[227 228],[4178 4178]
10285,[227],[4379]
10286,[227],[4408]
10287,[227 228 229 229],[4778 4778  251 4778]
10288,[227],[4841]
10289,[227 227 227 227 228 228],[5163 6844 6846 6847 5163 6846]
10290,[227 228],[5255 5255]
10291,[227 227],[5581 5583]
10292,[227],[7710]
10293,[227],[8422]
10294,[227],[9430]
10295,[227 228 229 230 230],[9572 9572 9572 1704 9572]
10296,[227],[10024]
10297,[227 227],[10038 10041]
10298,[227],[10357]
10299,"[227 227 227 227 227 228 228 228 229 230 230 230 231 231 231 232 232 232
 232 233 233 233 233 234 234 234 234 235 236 236 237 237 237 238 238 238
 238 238 239 239 239 240 241]","[10365 13372 11452 17965 17964 11452 13372 17964 11452 11452 13372 17964
 11452 17965 17903 11452 17964 17965 10365 10365 13372 11452 17964 10365
 11452 17964 17965 11452 11452 13372 11452 17964 10365 10365 13372 11452
 17965 17964 11452 13372 17964 11452 11452]"
10300,[227],[10716]
10301,[227 228 229 230 231 232 233 234],[11011 11011 11011 11011 11011 11011 11011 11011]
10302,[227],[11517]
10303,[227 227 227 228 228 228 229 229 230 230],[11846 17823 17826 11846 17823 17826 11846 17823 11846 17825]
10304,[227],[11906]
10305,[227],[12225]
10306,[227],[12611]
10307,[227],[12970]
10308,[227],[13162]
10309,[227 227 228 228 229 229 230 230 231],[14137 18193 14137 18193 14137 18193 14137 18193 14137]
10310,[227],[14210]
10311,[227 228 228],[14630 14630 20266]
10312,[227],[15191]
10313,[227],[15357]
10314,[227],[15436]
10315,[227 228 229],[16272 16272 16272]
10316,[227],[17494]
10317,[227],[17538]
10318,[227],[18260]
10319,[227],[18272]
10320,[227],[19968]
10321,[227],[20053]
10322,[228 228],[ 512 4947]
10323,[228],[873]
10324,[228 228 229 229],[1077 6547 1077 6547]
10325,[228],[1400]
10326,[228],[1939]
10327,[228 228 228 228 229 229 229 229 230 230 230 231],[2394 5341 9742 2395 2394 5341 9742 9738 2394 5341 9738 5341]
10328,[228 229 229],[2488 2488 5575]
10329,[228],[3287]
10330,[228],[4000]
10331,[228],[4407]
10332,[228 228 229 229 229 229 230 230 230 231 231 231 231 232 232 233 234 234],"[5015 9347  680 5834 9348 5015  680 5834 9348  680 5834 9348 5015  680
 9348 9348  680 9348]"
10333,[228],[6304]
10334,[228 228 229 229 229 230 230 231 231],[6374 8577  982 6374 4383 4383 6374 4383 6374]
10335,[228],[6909]
10336,[228],[7090]
10337,[228 229 229],[ 7133  7133 10128]
10338,[228 229 229 230 230 230],[7345 2860 7345 2860 7345 7344]
10339,[228 229],[7747 7747]
10340,[228 229 229 229 230 230],[7842 3818 7842 7843 3818 7842]
10341,[228],[8284]
10342,[228],[8561]
10343,[228],[9088]
10344,[228 229],[9448 9448]
10345,[228],[9672]
10346,"[228 229 229 229 229 229 230 230 230 230 230 230 230 231 231 231 231 231
 232]","[9958  334 5523 7929 9958 7931  334 5523 7929 5522 1753 7928 7931  334
 5521 7929 7928 1753 7929]"
10347,[228],[9985]
10348,[228],[10003]
10349,[228 229 229 230],[10026 10026 10053 10026]
10350,[228 228],[10550 18068]
10351,[228 229 230 230 230 231 232 233 234 235],[10877 10877 10877 17412 17413 10877 10877 10877 10877 10877]
10352,[228],[11178]
10353,[228],[11402]
10354,[228 228 229 229 230 230],[12134 18534 12134 18534 12134 18534]
10355,[228],[12659]
10356,[228 228],[12781 20415]
10357,[228 229 230],[13262 13262 13262]
10358,[228],[13331]
10359,[228 228 229],[13594 13595 13595]
10360,[228],[14856]
10361,[228 228],[14860 19106]
10362,[228],[14871]
10363,[228 229],[15338 15338]
10364,[228],[15499]
10365,[228],[15654]
10366,[228 228],[15885 20344]
10367,[228],[17375]
10368,[228 229 229 230 230 230 230 230 230 231 231 231 231 231 232 232],"[17410 17408 17410 12033 14186 14187 18260 17408 17410 13585 17410 17408
 18260 14187 17408 17410]"
10369,[228 229],[18220 18220]
10370,[228],[18636]
10371,[228 229 230 230 230 230 230 231 231 231 231 231 231],"[18852 18852 11079 18852 12253 14653 20346 11079 18852 12253 14653 20346
 20343]"
10372,[228],[19777]
10373,[228],[19802]
10374,[228 229 229],[19927 17162 19927]
10375,[228],[20374]
10376,[228 229 229 230],[20458 15982 20458 20458]
10377,[229 229 229],[  15 2622  702]
10378,[229 229 230 230],[ 118 3052  118 3052]
10379,[229 230 230 231],[ 401  401 5042 5042]
10380,[229],[1222]
10381,[229],[1474]
10382,[229 230],[2465 2465]
10383,[229],[3074]
10384,[229 230 230 231],[3198 3198 3199 3199]
10385,[229],[3483]
10386,[229],[3604]
10387,[229],[3929]
10388,[229 230 230],[4380 4379 4380]
10389,[229],[4537]
10390,[229],[5572]
10391,[229],[5842]
10392,[229 230 230],[7203 7203 8053]
10393,[229],[7836]
10394,[229 230],[8285 8285]
10395,[229],[9480]
10396,[229],[10872]
10397,[229 230],[11187 11187]
10398,[229 229 229 229 229 230 230 230 230 231 231 231],[11188 13108 17589 17590 17591 11745 17589 17590 13108 13108 17589 17590]
10399,[229],[11825]
10400,[229 230],[12146 12146]
10401,[229],[12402]
10402,[229 229 230 230 231],[12664 20064 12664 20064 12664]
10403,[229],[13561]
10404,[229 230],[14176 14176]
10405,[229],[14858]
10406,[229],[14872]
10407,[229 230],[15177 15177]
10408,[229],[15191]
10409,[229],[15533]
10410,[229 230 230],[15645 15645 20057]
10411,[229 230 231],[16153 16153 16153]
10412,[229 230 230 231],[16196 16196 16197 16197]
10413,[229],[16577]
10414,[229],[16621]
10415,[229 229 230],[16831 16832 16831]
10416,[229],[17177]
10417,[229],[17430]
10418,[229],[17970]
10419,[229],[18684]
10420,[229],[19105]
10421,[229 230 231 231 232 233 234 235 236 236 237 237 237 238],"[19818 19818 15448 19818 19818 19818 19818 19818 17108 19818 12581 15449
 19818 12581]"
10422,[229],[19946]
10423,[229 229],[20354 20355]
10424,[229 230 230],[20426 20426 20427]
10425,[230 230 230 230 231],[ 202 3487 5836 9843  202]
10426,[230 231],[617 617]
10427,"[230 230 230 230 230 230 231 232 232 233 233 233 233 233 233 234 234 235
 235 236 236 237]","[  991  6390 10099  2514  5642 10098  2514  2514  5639  2514  5640  5641
 10098 10099  5639  5639  5641  5639  5641  5639  5641  5639]"
10428,[230 230 231],[1622 7626 7626]
10429,[230],[1929]
10430,[230],[2752]
10431,[230],[2841]
10432,[230 231],[3735 3735]
10433,[230],[4192]
10434,[230],[4780]
10435,[230 230 231 231 231],[4902 4903 2216 4903 4902]
10436,[230],[4946]
10437,[230],[5202]
10438,[230 231 231 231 232 232],[5852  212 5852  692  692 5852]
10439,[230],[6468]
10440,[230],[6930]
10441,[230],[7964]
10442,[230],[8168]
10443,[230],[8804]
10444,[230],[9447]
10445,[230],[9596]
10446,[230],[9960]
10447,[230 230 230 231 231 231 232 232 232 232 233],[10411 13626 17493 13626 13638 17493 13626 13628 13638 17493 17493]
10448,[230],[10487]
10449,[230],[10689]
10450,[230 231 232],[10728 10728 10728]
10451,[230],[11035]
10452,[230],[11402]
10453,[230],[11650]
10454,[230],[11676]
10455,[230],[11950]
10456,[230],[12737]
10457,[230],[13109]
10458,[230 231 231 231 231],[13264 13264 13307 13308 13305]
10459,[230],[13603]
10460,[230],[14856]
10461,[230],[14862]
10462,[230],[14870]
10463,[230],[15005]
10464,[230],[15164]
10465,"[230 230 230 231 231 231 231 231 231 231 231 231 231 232 232 232 232 232
 232 232 232 231 231 231 231 232 232 232 232 233 233 233 233 233 233 233
 233 233 233 233 233 233 233 233 233 234 234 234 234 234 234 234 234 235
 235 235 235 235 235 236 236 236 236 236 236 236 236 236 236 236 236 236
 237 237 237 237 237 237 237 237 237 238 238 238 238 238 239 239 239 239
 239]","[15321 17034 19667 11455 15322 15323 17033 17034 19666 12530 19667 15321
 12529 11455 15322 15323 17033 19666 19667 15321 12529 12479 15192 19512
 15191 15191 15192 15325 19512 11455 15322 15323 17033 17034 19666 15324
 12530 19667 15321 15191 15325 12477 15192 19512 19513 11455 15322 15323
 17033 19666 15324 15191 15192 11455 15322 15323 17033 15191 15192 10774
 19513 12479 19512 15192 19514 12477 15191 15324 15322 15323 11455 17033
 10774 11455 15322 15323 17033 15324 15191 15325 12477 12477 15325 15324
 15323 17033 11455 17033 12477 15325 15324]"
10466,[230],[15392]
10467,[230],[15486]
10468,[230],[15532]
10469,[230 231 232],[15831 15831 15831]
10470,[230],[16528]
10471,[230],[17340]
10472,[230],[17535]
10473,[230],[17748]
10474,[230 231],[18785 18785]
10475,[230],[19199]
10476,[230],[19231]
10477,[230],[19288]
10478,[230],[19433]
10479,"[231 231 231 232 232 232 232 233 234 235 235 236 236 235 236 237 237 237
 237 237 237 238 238 238 238 238 238 238 238 238 239 239 239 239 239 239
 239 239 239 239 239 239 240 240 240 240 240 240 240 240 240 240 240 241
 241 241 241 241 241 241 241 242 242 242 242 242 242 243 243 243 244 244
 244 244 244 244 244 244 242 243 243 244 245 245 245 245 245 245 245 245
 245 245 246 246 246 246 246 246 246 246 246 246 246 246 246 246 247 247
 247 247 247 247 247 247 247 247 248 248 248 249]","[ 114 9059 9068  114 3025 9059 9058 3025 3025 3025 7576  114 3025 9058
 9058  114 3025 7577 1601 9058 3628  114 3025 7577 1601 9058 3628 7575
 9067 9069  114 3025 7577 9059 7576 1601 9058 9067 3628 2168 4785 9069
  114 3025 7577 9059 9068 9058 9067 2168 9069 4785 3628  114 3025 7577
 9059 9068 9058 9069 3628  114 3025 7577 9059 9058 3628  114 3025 7577
  114 3025 7577 1105 7576 1601 9058 3628 9066 9065 9066 9066 1105 7575
 7576 3628 1601 7577 9058 4776 4777 9066  114 3025 7577 1105 7576 1601
 9058 6597 7575 3628 2165 4776 4777 9066  114 3025 1105 7576 7575 1601
 3628 9058 4776 4777 1601 3025 4776 3025]"
10480,[231],[462]
10481,[231],[480]
10482,[231 231],[ 565 5199]
10483,"[231 231 231 231 231 231 231 232 232 232 232 232 232 232 232 233 233 233
 233 233 233 233 233 233 233 234 234 234 234 234 234 234 234 235 235 235
 235 235 235 235 236 236 236 237 237 237 237 238 238 238 238 238 238 238
 239 239 239 239 239 239 239 239 239 239 240 240 240 240 240 240 240 240
 240 240 240 240 240 240 240 240 240 241 241 241 241 241 241 241 241 241
 241 241 241 241 241 241 241 242 242 242 242 242 242 242 242 242 242 242
 242 242 242 243 243 243 243 243 243 243 243 243 243 243 244 244 244 244
 244 245 245 245 245 245 245 246 246 246 246 246 246 246 246 247 247 247
 247 247 247 247 247 247 247 247 247 247 247 247 248 248 248 248 248 248
 248 248 248 248 248 248 248 248 248 248 248 248 248 248 248 248 248 248
 248 248 248 248 249 249 249 249 249 249 249 249 249 249 249 249 249 249
 249 249 249 249 249 250 250 250 250 250 251 251 252 252 253 253 253 253
 253 254 254 254 254 254 254 254 255 255 255 255 255 255 256 256 256 257
 257 257 257 257 257 258 258 258 258 258 258 258 259 259 259 259 259 259
 260 260 260 260 260 260 261 261 261 261 261 261 261 261 261 262 262 262
 262 262 262 262 263 263 263 263 264 264 265 265 266 266 264 265 266 266
 266 267 267 267 267 267 267 267 267 267 268 268 268 268 268 268 268 268
 268 268 269 269 269 269 269]","[ 1379 10021 10022  2489 10023 10024 10025  1379 10021  2488 10020 10023
  2489 10024 10025   446 10020 10023 10022  2489 10024 10021 10025  1379
  2490  1379 10021  2488 10022 10020  2489 10023 10024  2488 10020 10022
 10023  2489 10024 10025 10023 10024 10025  2489 10023 10024 10025  2489
 10022 10023 10024 10020 10025  1379  1379 10021 10022  2489 10020 10023
  5579 10024 10025 10026   617  5569  5575  2488 10021 10020 10022  1379
  5577 10023  2489  5576 10024  5579 10025  2490 10026  1379  5577  7090
  7091 10021  2489 10022  7092  5579 10023 10024 10020  2490 10025 10026
 10053  1379  5577  7091 10021  2489 10022  2488 10023 10024 10020 10025
  2490 10026 10053  1379  5576 10021  2488 10022 10020  2489 10023 10024
 10025 10026  1379  2489 10023 10024 10026  1379  2488 10020 10023  2489
 10024  1379 10021  2488 10019 10020 10023  2489 10024   446  4388 10020
 10023 10024  2488 10019 10022  2489  5579 10021  1379  7089  7088 10026
   446  4388 10020 10023 10024  2488 10019 10022  2489  5579 10025  5575
 10021  5578  5580 10026   617  7089  1379   618 10050  7090  7091  7092
 10047 10049  5600  5601   446  4388   618  5576  5578  5580  7092 10047
 10050  1379  7091 10049  2498  7089 10021  5601  5602  2488  2499   446
  4388  2000  2488  5578   446  2000   446  2000   446  4388  6377  2000
 10021   446  4388  6377  2000 10019  2488 10021   446  4388  6377  2000
 10019  2488   446  4388 10020   446  4388 10020 10023 10024 10025   446
 10020 10023 10022  2489 10024 10025   446 10023  2489 10024 10025 10026
  2488 10020 10023  2489 10024 10025   446 10020 10023 10022  2489 10024
 10021  5579 10025  2489 10022 10023 10024 10020 10021 10025  2489  5579
 10022 10025  5577 10022  5577 10022  5577 10022  2490  2490  2490  5579
 10025  2489  5577  5579 10022 10023 10024  2490 10025 10052  2489  5577
  5579 10022 10023 10024  2490 10025 10020 10051  2489  2490 10025 10052
 10020]"
10484,[231],[1828]
10485,[231 231],[2270 5037]
10486,[231 232 233 234],[2951 2951 2951 2951]
10487,[231 232],[4178 4178]
10488,[231],[4527]
10489,[231],[5201]
10490,[231 231 232 232],[5516 5517 5516 5517]
10491,[231],[5526]
10492,[231],[6020]
10493,[231 232],[6503 6503]
10494,[231],[6681]
10495,[231],[7124]
10496,[231 231],[7248 7249]
10497,[231 232],[7410 7410]
10498,[231],[7416]
10499,[231 232 233],[7672 7672 7672]
10500,[231 232 233 234],[8043 8043 8043 8043]
10501,[231],[8803]
10502,[231],[9193]
10503,[231 232],[9743 9743]
10504,[231],[10037]
10505,[231 231 232],[10086 10087 10087]
10506,[231 231 231],[10277 19943 12623]
10507,[231],[10303]
10508,[231],[10399]
10509,[231 231 232 232 233],[10617 16404 16404 16406 16404]
10510,[231 231],[11234 16634]
10511,"[231 231 231 232 232 232 232 232 232 232 232 232 232 232 233 233 234 234
 234 235 235 236]","[11538 17182 17184 10825 15565 17181 17182 11537 17180 17183 13456 13458
 17179 11539 11537 17181 11537 17181 15563 15563 15565 15565]"
10512,"[231 231 231 232 232 232 232 232 232 232 232 232 232 233 233 233 233 233
 233 233 233 234 234 234 234 234 234 234 234 234 234 234 234 234 234 234
 234 234 234 235 235 235 235 235 235 235 235 235 235 235 235 236 236 236
 236 236 236 236 236 236 236 236 237 237 237 237 237 237 237 237 237 237
 237 238 238 238 238 238 238 238 238 238 238 238 238 238 237 238 239 239
 239 239 239 239 239 239 239 239 239 239 239 239 239 239 239 239 240 240
 240 240 240 240 240 240 240 240 240 240 240 240 240 240 240 240 241 241
 241 241 241 241 241 241 241 241 241 241 241 241 241 241 241 241 241 241
 241 242 242 242 242 242 242 242 242 242 242 242 242 242 242 242 242 242
 242 242 242 243 243 243 243 243 243 243 243 243 243 243 243 243 243 243
 243 243 243 243 244 244 244 244 244 244 244 244 244 244 244 244 244 244
 244 244 244 244 244 244 244 244 244 244 245 245 245 245 245 245 245 245
 245 245 245 245 245 245 245 245 245 245 245 245 245 245 245 245 245 245
 245 244 245 246 246 246 246 246 246 246 246 246 246 246 246 246 246 246
 246 246 246 246 246 246 246 246 246 246 246 246 246 246 246 246 247 247
 247 247 247 247 247 247 247 247 247 247 247 247 247 247 247 247 247 247
 247 248 248 248 248 248 248 248 248 248 248 248 249 249 250 251 251 251
 251 251 251 252 252 252 252 252 252 252 252 252 252 252 252 253 253 253
 253 253 253 253 253 253 253 253 253 253 253 253 253 254 254 254 254 254
 254 254 254 254 254 254 254 254 254 254 254 255 255 255 255 255 255 255
 255 255 255 255 255 255 255 255 255 255 255 255 256 256 256 256 256 256
 256 256 256 256 256 256 256 256 256 255 256 256 257 257 257 257 257 257
 257 257 257 257 257 257 257 257 257 257 257 257 257 257 257 257 257 257
 258 258 258 258 258 258 258 258 258 258 258 258 258 258 258 258 258 258
 258 258 258 258 258 259 259 259 259 259 259 259 259 259 259 259 260 260
 260 260 260 260 260 260 260 260 260 260 261 261 261 261 261 261 261 261
 261 261 261 261 261 261 261 261 261 261 262 262 262 262 262 262 262 262
 262 262 262 262 262 262 262 262 263 263 263 263 263 263 263 263 263 263
 264 264 264 264 264 264 264 265 265 265 265 265 265 265 265 265 265 266
 266 266 266 266 266 266 266 266 267 267 267 267 267 267 267 267 267 267
 267 268 268 268 268 268 268 268 268 269 269 269 269 269 269 269 269 269
 269]","[12455 15140 19447 12455 15138 15139 15140 19446 15141 12456 19447 19449
 15143 12455 15139 15140 19446 15141 19449 11721 17535 11721 13668 17535
 19434 19435 19436 12452 19444 19445 12455 19446 15140 19447 12456 15141
 19449 15143 15144 11721 17535 19434 19435 19436 19444 19445 12455 19446
 15140 19447 15141 11721 17535 19434 19435 19436 19444 19445 12455 19446
 15140 19447 10423 19433 19434 11721 19435 17535 12452 19436 19444 12455
 19446 10423 13668 19433 11721 19434 17535 19435 15130 19436 12452 19444
 12455 19446 12456 12456 11395 19449 12456 15140 19447 12455 19446 19444
 19445 12452 19436 15130 19435 17535 19434 11721 13668 19433 11721 13668
 17535 19434 19435 19433 19436 15130 12452 19444 19445 12455 19446 15140
 19447 12456 15141 19449 10423 13668 19433 11721 19434 17535 19435 15130
 19436 12452 19444 19445 12455 19446 15139 15140 19447 15141 12456 19449
 15143 10423 13668 19433 11721 19434 17535 19435 15130 19436 12452 19444
 19445 12455 19446 15140 19447 12456 15141 19449 15143 11721 13668 17535
 19434 19435 19433 19436 15130 12452 19430 19444 19445 12455 19446 15140
 19447 12456 15141 19449 10303 17535 19436 19445 11721 19435 12452 19444
 12455 19446 19434 15130 15139 15140 19447 12451 19433 15141 12456 19448
 19430 19449 15143 15144 10303 17535 19436 19445 11721 19435 12452 19444
 12455 19446 19434 15130 15139 15140 19447 12451 19433 15141 12456 19448
 19449 19450 15143 12457 15144 15145 12458 12135 12135 10303 17535 19436
 19445 11721 19435 12452 19444 12455 19446 13668 19434 15130 15139 15140
 19447 19433 12451 15141 12456 19448 19449 19450 19451 15143 12457 19452
 15144 15145 12135 12458 11721 17535 19434 19435 19436 15130 12452 19444
 19445 12455 19446 15140 19447 15141 19448 19449 19450 19451 15143 12457
 15145 11721 17535 19435 19436 12452 19444 19445 12455 19446 15140 19447
 12455 19444 19444 11721 19434 19435 15130 12452 19444 11721 17535 19434
 19435 19436 15130 12452 19444 19445 12455 15140 19447 11721 13668 17535
 19434 19435 19433 19436 15130 12452 19444 19445 12455 19446 15140 19447
 12456 11721 13668 17535 19434 19435 19433 19436 15130 12452 19444 19445
 12455 19446 15140 19447 15141 10303 17535 19436 19445 11721 19435 12452
 19444 12455 19446 13668 19434 15130 15139 15140 19447 19433 12451 15141
 11721 13668 17535 19434 19435 13666 12451 15130 12452 19444 12455 15139
 15140 15141 19447 15143 15143 15144 10303 17535 19436 11721 19435 12452
 19444 13668 19434 15130 19443 12455 15138 19433 12451 15139 15140 19430
 19432 15141 19447 19449 15143 15144 10303 17535 19445 11721 12455 19444
 19446 19434 15138 15139 15140 12452 19443 19447 12451 15130 19433 15141
 19432 19430 19449 15143 15144 12452 15130 19444 12455 15138 15139 15140
 15141 19449 15143 17535 12452 15130 19444 12455 19445 15140 19446 15141
 19447 19449 15143 17535 10423 13668 19433 11721 19434 17535 19435 15130
 19436 12452 19444 19445 12455 19446 15140 19447 15141 19449 10423 13668
 19433 11721 19434 17535 19435 19436 12452 19444 19445 12455 19446 15140
 19447 15141 11721 13668 19434 19435 19436 19445 12455 19446 15140 19447
 12455 15140 19445 19446 19447 19436 19435 11721 17535 19434 19435 19436
 19444 19445 12455 19446 15140 12452 19435 19444 17535 19434 12455 19445
 15140 19447 12452 19435 19444 17535 19434 12455 19445 15140 19446 15141
 19447 12452 19444 12455 15140 15141 19447 19449 17535 11721 17535 19434
 19435 19436 12452 19444 19445 12455 15140]"
10513,[231],[12663]
10514,[231 231 232 233 233 234 234],[12736 20279 20279 11625 20279 11625 20279]
10515,[231],[13244]
10516,[231 232 232 232],[14022 14022 14023 18031]
10517,[231],[14192]
10518,[231 231],[14952 19225]
10519,[231 232 233],[15162 15162 15162]
10520,[231],[15338]
10521,[231 232 232 233],[15529 15529 15531 15531]
10522,[231 231 231 232 232 232 232 232 233],[15909 17386 20371 11652 15909 15910 17386 17385 15909]
10523,[231],[15944]
10524,[231 232 233 234 234],[16336 16336 16336 11068 16336]
10525,[231],[17383]
10526,[231 232 233 234 235 236 237 238 239],[17892 17892 17892 17892 17892 17892 17892 17892 17892]
10527,[231],[18211]
10528,[231],[18224]
10529,[231 231 232 233],[18690 18698 18698 18698]
10530,[231],[18802]
10531,"[231 232 233 233 233 234 235 236 237 237 237 237 238 238 238 238 238 239
 239 239 239 240 240 240 240 240 240 241 241 241 241 241 241 241 242]","[19116 19116 16761 19115 19116 19116 19116 19116 12344 19115 19116 16761
 12344 19114 19115 19116 16761 19115 19116 10477 17755 10477 16761 17755
 19115 11817 19116 10477 14864 14866 16761 17755 19115 19116 19116]"
10532,[231 232],[19298 19298]
10533,[231 231],[20437 20438]
10534,[232],[16]
10535,[232],[918]
10536,[232],[2128]
10537,[232 232 233],[4061 6182 4061]
10538,[232],[4236]
10539,[232 232 233],[5038 5039 5039]
10540,[232 232 233 233 233 233 234],[5052 6774 1204 5052 6774 5053 1204]
10541,[232],[5116]
10542,"[232 233 234 234 234 235 235 236 236 236 236 237 237 237 238 238 239 239
 239 239 240 240 241]","[ 5629  5629  5629  5630 10085  5629  5630  2510  5630  5629  1398  1398
  7123  5629  1398  7123  1397  7123  1398  7124  1398  7123  1398]"
10543,[232 233],[5655 5655]
10544,[232 232 233 234 235 235 235 236 236 236],[5868 5869 5869 5869  701 5868 5869  701 5868 5869]
10545,[232],[6151]
10546,[232],[6468]
10547,"[232 233 233 233 233 233 233 233 234 234 234 234 234 234 234 234 234 235
 235 235 235 235 235 235 236 236 236]","[6857  564 5186 5192 6858 1249 6857 1250  564 5186 5188 5192 6858 6859
 1249 6857 1250  564 5186 5192 6858 1249 6857 1250  564 5186 6857]"
10548,[232],[7592]
10549,"[232 233 234 235 236 236 236 237 237 237 237 236 237 238 238 238 238 238
 238 238 239 239 239 239 239 240 240 241 241 242 242 242 243 243 240 240
 241 241 242 242 243 243 243 243 243 244 244 244 244 244 244 244 245 245
 245 245 245 246 246 246 246 247 247 248 248 249 249 249]","[8575 8575 8575 8575 1998 4383 8575  982 8577 4383 8575 3925 3925 1779
 3925 8575 7992 8576 4383 8577 3925 7992 8575 8576 8577 3925 8575 3925
 8575 1779 3925 8575 3925 8575  982 4385  982 8577  982 4385  982 6374
 8577 4383 8578  982 6374 8577 4383 1998 8575 3925  982 6374 8577 4383
 1998  982 6374 8577 1998  982 1998  982 8577  982 6374 8577]"
10550,[232],[8831]
10551,[232],[10053]
10552,[232],[10055]
10553,[232 232 232],[10092 10094 10095]
10554,[232],[10379]
10555,[232],[10437]
10556,[232],[11189]
10557,[232],[11650]
10558,[232],[11770]
10559,[232 232 232],[11949 18065 18068]
10560,[232 233 233 234 235 236 237],[12307 12307 14780 12307 12307 12307 12307]
10561,[232],[12401]
10562,[232 233 233 234 234],[12402 12402 15005 15004 15005]
10563,[232 232],[12539 19692]
10564,[232 233],[12757 12757]
10565,[232 232 232],[12759 15889 15890]
10566,[232 233],[13565 13565]
10567,[232],[13570]
10568,[232 233],[14512 14512]
10569,[232],[14535]
10570,[232],[14630]
10571,[232],[14931]
10572,[232],[15028]
10573,[232],[15571]
10574,[232],[15648]
10575,[232 233],[15876 15876]
10576,[232],[17340]
10577,[232 233],[18465 18465]
10578,[232],[18685]
10579,[232 233 233 234],[19106 11302 19106 19106]
10580,[232],[19875]
10581,[232],[20251]
10582,[232],[20352]
10583,[232],[20370]
10584,[233 234],[898 898]
10585,[233 234],[1398 1398]
10586,[233 233 234 235],[2054 8731 2054 2054]
10587,[233],[2270]
10588,[233 234 235 236],[2656 2656 2656 2656]
10589,[233],[3628]
10590,[233],[3684]
10591,[233 234],[3929 3929]
10592,[233],[4130]
10593,[233],[5571]
10594,[233 234 235],[5902 5902 5902]
10595,[233],[6361]
10596,[233],[6467]
10597,[233],[6554]
10598,[233],[6556]
10599,[233],[7298]
10600,[233],[8435]
10601,[233 233 234 234 234 234 235],[8658 8659 2028 4450 4451 8659 2028]
10602,[233],[8685]
10603,[233],[9401]
10604,[233],[10128]
10605,[233 234],[10485 10485]
10606,[233],[10631]
10607,[233 233 234 234 235],[10989 16195 10989 16195 16195]
10608,[233],[11122]
10609,[233 233 233 233 233],[11191 16561 11192 16560 18703]
10610,[233 233 234 235 236 236 237 237 238 238 238 238 239],"[11664 13585 11664 11664 11664 18260 11664 18260 11664 13585 17410 11666
 17410]"
10611,[233 234 235],[12135 12135 12135]
10612,[233],[12187]
10613,[233],[12194]
10614,[233 233 234 234],[12225 18785 12225 18785]
10615,[233 233 233 234 234],[12602 15496 15497 12602 15497]
10616,[233 233],[12741 20294]
10617,[233 234 234 234 235 236 237 238],[13154 11234 13154 13198 11234 11234 11234 11234]
10618,[233],[13687]
10619,[233 233 233],[14184 14186 14187]
10620,"[233 234 234 235 235 235 236 236 236 236 236 236 237 237 237 238 239 239
 240 240 241 241]","[14899 10732 14899 10732 16783 14904 10732 16783 11317 19160 14904 16785
 10732 16783 16785 10732 10732 16783 10732 16783 10732 16783]"
10621,[233],[15130]
10622,[233],[16446]
10623,[233],[16465]
10624,[233 234 234 235 236 237 238],[16500 11158 16500 11158 11158 11158 11158]
10625,[233],[16941]
10626,[233],[17597]
10627,[233],[18064]
10628,[233 234],[18583 18583]
10629,[233 234],[19281 19281]
10630,[233],[19476]
10631,[233],[19514]
10632,[234 234 235],[ 226 7469  226]
10633,[234],[287]
10634,[234 235],[783 783]
10635,"[234 235 236 237 238 237 238 239 239 239 240 240 240 240 241 241 241 241
 242 242 242 242 243 243 243 244 245]","[1626 1626 1626 1626 1626 3667 3667 1626 3668 3667 1626 3668 7634 3667
 1626 3668 3667 8633 1626 3668 7634 3667 1626 3668 3667 1626 1626]"
10636,[234 234 234],[1635 7656 7657]
10637,[234 234 235 235 236 236 237 238],[1698 7801 1698 7801 1698 7801 7801 7801]
10638,[234],[1715]
10639,[234],[2163]
10640,[234 235],[2191 2191]
10641,[234 234 234 234 235 235 235 235 236 236 236 236 237 237 237 237],"[3679 3680 3681 3682 3680 3681 3682 3683 3679 3680 3681 3682  267 3682
 3684 7656]"
10642,[234 235 235 236 236],[3987  367 3987  367 3987]
10643,[234],[4137]
10644,[234 235 235 236 236 237 237 238 239],[4257 4255 4257 4255 4257 4255 4257 4255 4255]
10645,[234 235 236 236 237],[4538 4538 4538 4540 4538]
10646,[234],[5042]
10647,[234],[5395]
10648,[234],[5525]
10649,[234],[5583]
10650,[234],[6424]
10651,[234],[7344]
10652,[234 234 234 235 235],[7817 7818 9573 7818 9573]
10653,[234 235 236],[8057 8057 8057]
10654,[234 235 235 236],[8213 1864 8213 8213]
10655,[234],[8219]
10656,[234],[8408]
10657,[234],[8586]
10658,[234],[8588]
10659,[234 235],[10053 10053]
10660,[234],[10581]
10661,[234],[10821]
10662,[234 234 234 235 235 235 235 236 236 236],[11225 13145 20261 11225 13145 20261 20262 11225 20261 20262]
10663,[234],[12190]
10664,[234],[13706]
10665,[234],[14310]
10666,[234 234 234 234 235 236 236 237 237 237 238],[14342 14343 14344 18461 18461 18461 14342 14342 14343 18461 18461]
10667,[234 235 236 236 236 236 236 237 237 237 237 238 238 238 238 239 239 239],"[15164 15164 15160 15161 15162 15164 19476 15160 15161 15162 19476 15160
 15161 15162 19476 15160 15162 19476]"
10668,[234],[15539]
10669,[234 235],[16935 16935]
10670,"[234 235 236 236 237 237 237 237 236 236 236 237 237 237 237 237 238 238
 238 238 238 238 238 238 238 238 238 238 239 239 239 239 239 239 239 239
 239 239 240 240]","[17382 17382 17381 17382 11649 17381 17382 20362 11652 17386 15908 10871
 17385 17386 11651 17387 10871 15904 17385 17386 12764 17387 20363 20364
 20362 17382 17383 11649 10871 15904 17386 12764 17387 20363 20364 11651
 20362 17382 10871 15904]"
10671,[234 235],[17746 17746]
10672,[234 235 236],[19231 19231 19231]
10673,[234],[19857]
10674,[234 235],[19867 19867]
10675,[234],[19880]
10676,[235],[919]
10677,[235],[1465]
10678,[235],[1636]
10679,[235],[5582]
10680,[235 236 236 237 237 238 238 238 239 239 240 240],[6245 6244 6245 6244 6245 6244 6245 8309 6244 6245 6244 6245]
10681,[235],[6291]
10682,[235],[6467]
10683,[235],[6889]
10684,[235 236 237],[7295 7295 7295]
10685,[235],[8406]
10686,[235 236],[10727 10727]
10687,[235],[11377]
10688,[235],[12027]
10689,[235 236],[12194 12194]
10690,[235],[12601]
10691,[235 235 235 236],[12603 15498 15499 12603]
10692,[235 236],[12757 12757]
10693,[235],[13878]
10694,[235],[14186]
10695,[235 236 237],[14900 14900 14900]
10696,[235],[14977]
10697,[235],[15089]
10698,[235],[15134]
10699,[235],[16023]
10700,[235],[17337]
10701,[235],[18468]
10702,[235],[19466]
10703,[235],[19843]
10704,[236],[898]
10705,[236 236 236 236 236],[ 989 6386 6387 6389 6388]
10706,[236],[1467]
10707,[236],[2034]
10708,[236 237],[2338 2338]
10709,[236],[3409]
10710,[236],[3981]
10711,[236 236 237],[4244 4246 4246]
10712,[236 237 237 238 238 239 239 239 240 240 240 241 241 241 242 242 242 243],"[4379 4379 4380 4379 4380 4377 4379 4380 4377 4379 4380 4377 4379 4380
 4377 4379 4380 4380]"
10713,[236 236],[4408 8607]
10714,"[236 237 237 238 238 238 239 239 239 240 240 240 241 241 242 242 243 243
 243 243 243 244 244 244 244 244 245 245 245 246 246 246 247 247 247 248
 248 248 249 249 249 250]","[4503 4503 4505 4503 4505 8074 4503 4505 8074 4503 4505 8074 4505 8074
 4505 8074 3986 8074 4503 4505 8727 3986 8074 4503 4505 8727 4503 4505
 8074 4503 4505 8074 4503 4505 8074 4503 4505 8074 4503 4505 8074 4503]"
10715,[236 236 237],[5395 5397 5397]
10716,[236],[5789]
10717,[250],[472]
10718,[236],[6468]
10719,[236],[6771]
10720,[236 237 238],[6899 6899 6899]
10721,[236],[7298]
10722,[236],[7344]
10723,[236 237],[7616 7616]
10724,"[236 237 237 238 238 238 239 239 239 239 239 239 240 240 240 240 240 241
 241 241 241 241 241 241 241 241 242 242 242 242 242 242 242 242 242 242
 242 242 243 243 243 243 243 243 243 243 243 243 243 244 244 244 244 244
 244 244 244 244 244 244 245 245 245 245 245 245 245 246 246 246 246 246
 247 247 248 248 249 250 251 251 251 251 252 252 252 253]","[7798 1696 7798 1696 7799 9631 1696 3787 7800 1697 7799 9631 1696 3787
 7800 7799 9631 1696 3787 3788 7800 3789 7801 1697 7799 9631  302 3787
 3789 6017 1696 3788 1698 7800 7801 1697 7799 9631  302 3787 3789 1696
 3788 1698 7800 7801 1697 7799 9631  302 3787 3789 1696 3788 1698 7800
 7801 1697 7799 9631  302 3789 1696 7800 1697 7799 9631  302 1697 7799
 7800 9631 7800 9631 7800 9631 9631 9631 1697 7799 7801 9631 1697 7801
 9631 9631]"
10725,[236 236],[8043 8044]
10726,[236],[8740]
10727,[236],[9399]
10728,[236],[9616]
10729,[236],[10362]
10730,[236 236],[10414 13650]
10731,[236],[10487]
10732,[236],[10488]
10733,[236],[10506]
10734,[236],[10728]
10735,[236],[11011]
10736,[236 236],[11138 18495]
10737,[236 236],[11404 13323]
10738,[236 237],[11521 11521]
10739,[236 236 237 238],[11625 20279 20279 20279]
10740,[236 236 236 237 237 238],[12225 18785 12228 12225 18785 12225]
10741,[236 237 238 239],[12311 12311 12311 12311]
10742,"[236 237 237 238 238 239 239 240 240 241 241 242 243 243 244 244 244 245
 245 245 246 246 246 247 247 247 247 244 244 245 245 245 245 245 246 246
 246 247 247 247 247 247 247 247 248 248 248 248 248 248 248 248 248 248
 248 248 248 248 248 248 248 248 248 249 249 249 249 249 249 249 249 249
 249 249 249 249 250 250]","[13994 13994 13996 13994 13996 13994 13996 13996 13997 13996 13997 13996
 13996 13997 13996 13997 17996 13996 13997 17996 13994 13996 13997 13994
 13995 13996 13997 11477 17074 11477 17073 17074 17075 17072 17074 17075
 15382 10801 15382 17072 17073 15383 17074 19741 10801 15382 17072 17071
 11476 17074 13396 13397 11477 17075 13394 15389 15390 17996 13997 11918
 13996 13995 13994 11476 13396 13397 17074 13394 17075 11477 17996 15389
 15390 13997 15391 13996 11476 13996]"
10743,[236 237 237 238],[14184 14184 14186 14184]
10744,[236],[15052]
10745,"[236 237 237 237 237 237 238 238 238 238 238 238 238 238 239 239 239 239
 239 239 240 240]","[15497 15496 15497 15498 15499 19880 12602 15496 15497 15498 19878 15499
 12603 19880 12602 15496 15497 15498 19878 12603 15496 15497]"
10746,[236 237 237 238 238],[16936 16936 16937 16936 16937]
10747,[236 237 238 239],[17875 17875 17875 17875]
10748,[236 237],[17883 17883]
10749,[236 237 237 237 237 237 238 238 238 238 238],[18245 12027 14174 18245 18248 17394 11656 17394 18248 12027 14175]
10750,[236],[18707]
10751,[236],[19461]
10752,[236],[19946]
10753,[236 236 237 237 237 238 238],[20347 20348 12758 20345 20347 20347 20348]
10754,[237 238 239],[334 334 334]
10755,[237],[848]
10756,[237],[940]
10757,[237],[1013]
10758,[237],[2167]
10759,[237 238 239],[2523 2523 2523]
10760,[237],[2813]
10761,[237 238 238],[2817 2805 2817]
10762,[237],[2858]
10763,[237],[3405]
10764,[237 238],[3658 3658]
10765,[237 238 238 238 238 238 238 239 239 239 239 239 240 240 241 241 242 242],"[3875  332 3875 3877 9951 2465 5517  332 3873 2465 5517 5516 5516 5517
 5516 5517 5516 5517]"
10766,[237 237 238 238 239 239 240 240 240 240 241],[4121 4122 4120 4122 4122 4123 4120 4121 4122 4123 4122]
10767,[237],[4450]
10768,[237],[5642]
10769,[237],[6794]
10770,[237],[7457]
10771,[237],[9095]
10772,[237 238 238 238 239],[9651 6364 9654 9651 6364]
10773,[237],[9976]
10774,[237],[10128]
10775,[237],[10743]
10776,[237 237 237 238 238],[10825 17182 17183 17182 17183]
10777,[237],[10965]
10778,[237 238],[11355 11355]
10779,[237 238 239],[11377 11377 11377]
10780,[237 238 238 239 240],[12093 12093 18422 12093 12093]
10781,[237],[12120]
10782,[237],[12343]
10783,[237],[12599]
10784,"[237 237 238 238 238 238 238 238 238 239 239 239 240 240 240 240 241 241
 241]","[13043 13046 13043 13044 13045 13046 16441 16442 19202 13046 19201 19202
 12372 19200 19201 13046 11126 19201 12372]"
10785,[237],[13652]
10786,[237 238 239],[13688 13688 13688]
10787,[237 238 238 239],[13878 13878 13879 13878]
10788,[237 238 238 239 239],[14176 14176 14178 14176 14178]
10789,[237],[14346]
10790,[237],[14528]
10791,[237],[15005]
10792,[237 238 239],[15338 15338 15338]
10793,[237],[15492]
10794,[237 238],[15643 15643]
10795,[237 237 238 238],[15833 17341 15833 17341]
10796,[237],[16347]
10797,[237],[16440]
10798,[237],[16458]
10799,[237 238],[17337 17337]
10800,[237],[17564]
10801,"[237 238 238 238 239 239 239 239 239 239 239 239 240 240 240 240 240 240
 240 240 240 240]","[18064 15537 18064 19927 11526 19926 19927 11948 18064 10821 15532 15534
 10821 15532 15534 17162 19928 15533 11526 19927 19926 11948]"
10802,[237 238],[18139 18139]
10803,[237],[18477]
10804,[237],[18622]
10805,[237 238 239],[19199 19199 19199]
10806,[237],[19931]
10807,[237],[20053]
10808,[238 238],[ 612 7065]
10809,[238 239 240],[1012 1012 1012]
10810,[238 239 240 241 242 243 244 244 244 245 245 246 246 247],[1657 1657 1657 1657 1657 1657 1202 9385 1657 1657 9385 1657 9385 1657]
10811,[238],[1882]
10812,[238 239 239 239 240 240 240 241],[2341 2341 5213 9585 2341 5213 9585 9585]
10813,[238],[2472]
10814,[238],[3641]
10815,[238],[3981]
10816,[238 239 240 240 241 241 241 242],[4758 4758 4758 6601  505 4758 6601 4758]
10817,[238],[4770]
10818,[238],[4777]
10819,[238],[5171]
10820,[238 238],[5214 9587]
10821,[238 239 240],[5655 5655 5655]
10822,[238 239],[5955 5955]
10823,[238],[6216]
10824,[238],[6469]
10825,[238],[7051]
10826,[238],[7282]
10827,[238],[7416]
10828,[238],[7456]
10829,[238],[7573]
10830,[238 239 240],[7592 7592 7592]
10831,[238 238 239 239 239 239 239 240 240],[8261 8262 1881 8261 8262 8263 8264 8262 8263]
10832,[238 239 240 241 242],[9193 9193 9193 9193 9193]
10833,[238],[10028]
10834,[238 239 239 239 240 240],[10264 10264 12889 18425 10264 18424]
10835,[243 243 244 245 245 246 246 247 247],[16026 16032 16026 10894 16026 10894 16026 10894 16026]
10836,[238 239 240 241 242],[11011 11011 11011 11011 11011]
10837,[238],[11034]
10838,[238],[11133]
10839,[238],[11469]
10840,[238],[11929]
10841,[238],[12033]
10842,[238 239 239 240],[12146 12146 18622 12146]
10843,[238 239],[12409 12409]
10844,[238],[12601]
10845,[238 238 238 238],[12767 15910 20374 15909]
10846,[238 239 239 240],[12901 10982 12901 12901]
10847,[238],[14151]
10848,[238],[14347]
10849,[238 239 239 239 240],[14354 12113 14354 16453 12113]
10850,[238 239 239 239 240 240 240 240 241],[14962 14962 16818 19231 10739 14962 16818 19231 19231]
10851,[238],[15142]
10852,[238],[15437]
10853,[238 239],[15955 15955]
10854,[238],[16184]
10855,[238],[16452]
10856,[238],[16891]
10857,[238],[17043]
10858,[238 239 239 239 239],[17508 10418 16448 17509 17508]
10859,[238 239 240 240 240 240 241 241 241 241 242 242 242 242 243 243 244 244],"[18454 18454 10630 15080 12106 18454 10266 18454 12106 15080 10266 18454
 12106 15080 12106 18454 10266 18454]"
10860,[238 239 239 240 240 241 241],[18532 18532 18533 18532 18533 18532 18533]
10861,[238 239],[18914 18914]
10862,[241],[19121]
10863,[238 239 240 241 242 243],[19463 19463 19463 19463 19463 19463]
10864,[238 239],[19514 19514]
10865,[239],[562]
10866,[239],[1158]
10867,[239 239],[1378 7087]
10868,[239],[1855]
10869,[239],[1979]
10870,"[239 239 239 239 240 240 241 241 241 241 241 242 243 244 244 244 244 245
 245 245 246 246]","[2468 5525 9959 9958 5525 9959 2468 5525 5526 9959 9958 9959 9959 2468
 5525 9959 9958 5525 9958 9959 2468 9959]"
10871,[239 240 241],[2815 2815 2815]
10872,[239],[2956]
10873,[239 239 240 240],[3071 3072 3071 3072]
10874,[239 240 241],[3121 3121 3121]
10875,[239 239 240 240 240 240 241 241 241 241 242 242],[3286 3287 1365 3286 7067 3287 3285 3286 3287 7936 3286 3287]
10876,[239],[3429]
10877,[239 239 239 240 240],[4141 8272 4143 4141 8272]
10878,[239 240 241],[5081 5081 5081]
10879,[239],[5166]
10880,[239],[5641]
10881,[239],[6407]
10882,[239],[6554]
10883,[239],[7296]
10884,[239],[7312]
10885,[239 240 241],[7725 7725 7725]
10886,[239 239 239 240 240 240],[7777 7779 7780 7777 7779 7780]
10887,[239],[8062]
10888,[239],[9202]
10889,[239 240 240 240 241 241 241 242 242 243 243],[10629 10629 14339 14379 10629 14339 14379 10629 14339 10629 14377]
10890,[239 239],[10774 19513]
10891,[239 240 240 240],[10907 10907 13679 16048]
10892,[239],[13895]
10893,[239 240],[13900 13900]
10894,[239],[14161]
10895,[239],[14309]
10896,[239 240 241],[14310 14310 14310]
10897,[239 240],[14528 14528]
10898,[239 240 241 241],[16195 16195 10989 16195]
10899,[239 240],[16468 16468]
10900,[239 240 240 241 241],[16804 10736 16804 10736 16804]
10901,[239],[16889]
10902,[239],[17596]
10903,[239],[18237]
10904,[239],[18261]
10905,[239 239],[19729 19730]
10906,[239],[20266]
10907,[240 240 241 241 242],[ 680 9348  680 9348 9348]
10908,[240],[777]
10909,[240 240 241 241],[2348 9600 2348 9599]
10910,[248],[3077]
10911,[240],[3643]
10912,[240],[5196]
10913,[240],[5397]
10914,[240],[5523]
10915,[240 240 240],[5581 5582 5583]
10916,[240],[5631]
10917,[240],[5640]
10918,[240],[6215]
10919,[240 241],[6359 6359]
10920,[240],[6555]
10921,[240],[6839]
10922,[240 241 242 242 243 243 244 245 245],[6899 6899 5259 6899 5259 6899 6899 6899 6900]
10923,[240],[7929]
10924,[240 240 241],[8285 8286 8285]
10925,[240],[9951]
10926,[240 241],[10123 10123]
10927,[240 241 242],[10877 10877 10877]
10928,[240],[10914]
10929,[240],[11218]
10930,[240 241],[11625 11625]
10931,[240 241 241 241 242 242 243 243],[12120 12120 18495 18496 11138 18495 11138 18495]
10932,[240],[12566]
10933,[240],[12903]
10934,[240],[13380]
10935,[240],[13443]
10936,[240],[14039]
10937,[240],[14054]
10938,[240],[14184]
10939,[240],[14900]
10940,[240],[14904]
10941,[240],[15028]
10942,[240],[15492]
10943,[240],[16559]
10944,[240],[16562]
10945,"[240 241 242 243 244 245 246 247 248 249 250 251 252 253 254 255 256 257
 258 259 260 261 262 263 264 265 266 267 268 269]","[16774 16774 16774 16774 16774 16774 16774 16774 16774 16774 16774 16774
 16774 16774 16774 16774 16774 16774 16774 16774 16774 16774 16774 16774
 16774 16774 16774 16774 16774 16774]"
10946,[240],[16891]
10947,[240],[17037]
10948,[240],[17074]
10949,[240 241],[18067 18067]
10950,[240],[18461]
10951,[240],[20456]
10952,[241],[305]
10953,[241 241],[1053 4595]
10954,[241 242],[1481 1481]
10955,[241],[1882]
10956,[241 242 243],[2051 2051 2051]
10957,[241],[2491]
10958,[241],[2667]
10959,[245 245 245 245 246 246 247 247 247 248 248 248],[1896 8299 5041 5042 2272 5042 2272 5042 9378 2272 5042 9378]
10960,[241 241 242],[2684 2697 2684]
10961,"[241 242 242 243 243 244 244 245 245 245 245 246 246 247 247 248 248 248
 248 249 249 249 250 250 251 251 251 252 252 253]","[3428 1482 3428 1482 3428 3428 3429 1481 7296 3428 3429 1481 3428 1481
 3428 1481 7296 3428 3429 1481 1482 3428 3428 3429 3428 7297 4170 7297
 7298 7298]"
10962,[241],[3500]
10963,[241],[3626]
10964,[241],[3681]
10965,[241],[4172]
10966,[241],[4535]
10967,[241 241 241 241 241 242 242 242 243 243],[4800 4801 4802 9088 6625 4800 7592 9088 7592 9088]
10968,[241],[5014]
10969,[241],[5043]
10970,[241],[5203]
10971,[241],[5938]
10972,[241 242 243 243 243 244],[6894 6894 6894 7805 7806 7806]
10973,[241],[7133]
10974,[241 242],[8229 8229]
10975,[241],[9103]
10976,[241],[9202]
10977,[241 242],[10749 10749]
10978,[241],[10980]
10979,[241 241],[10982 16184]
10980,[241],[11140]
10981,[241],[11190]
10982,[241 242],[11404 11404]
10983,[241],[12048]
10984,[242],[12616]
10985,[241 241 242 242 242],[12834 19182 10914 12834 19182]
10986,[241],[14038]
10987,[241],[14141]
10988,[241],[14373]
10989,[241 241 242 242 242 243],[15162 15164 15160 15162 15164 15164]
10990,[241],[15727]
10991,[241],[15981]
10992,[241],[17161]
10993,[241],[18622]
10994,[241 242 243 244 245 246 247 248 249 250 251 252 253 254 255 256 257 258],"[19148 19148 19148 19148 19148 19148 19148 19148 19148 19148 19148 19148
 19148 19148 19148 19148 19148 19148]"
10995,[241 242 243 244],[19468 19468 19468 19468]
10996,[242 243 244],[334 334 334]
10997,[242],[1397]
10998,[242],[1674]
10999,[242 242 243 243],[1699 3792  304 3792]
11000,[242],[1760]
11001,[242],[2321]
11002,[242 242 243 244 244 245 245 246 246 247 247 247 248],"[ 2523 10126  2523  2523 10126  2523 10126  2523 10125  2523 10125 10126
 10126]"
11003,[242],[2947]
11004,[242 243 244 244 244 245],[3071 3071  120 3072 3071 3071]
11005,[242 242],[3679 3680]
11006,[242],[4120]
11007,[242],[4164]
11008,[242],[4520]
11009,[242],[5082]
11010,[242],[8732]
11011,[242],[9070]
11012,[242],[9134]
11013,[242 242 242 243 243 243],[10056 10059 10060 10054 10055 10056]
11014,[242],[12021]
11015,"[242 242 243 243 243 244 244 244 245 245 245 245 243 244 244 245 245 245
 245 245 246 246 246 246 246 246 246 246 246 246 246 246 245 245 246 246
 247 247 247 247 247 247 247 247 247 247 247 247 247 247 247 247 247 248
 248 248 248 248 248 248 248 248 248 248 248 248 248 248 248 248 249 249
 249 249 249 249 249 249 249 249 249 249 249 249 250 250 250 250 250 250
 250 250 250 250 250 250 251 251 250 251 251 251 251 251 251 251 251 251
 251 252 252 252 252 252 252 252 252 252 252 252 252 252 253 253 253 253
 253 253 253 253 253 253 253 253 253 253 253 253 253 254 254 254 254 254
 254 254 254 254 254 254 254 254 254 254 254 254 254 254 254 254 254 254
 254 254 254 254 254 254 254 255 255 255 255 255 255 255 255 255 255 255
 255 255 255 255 255 255 255 255 255 255 255 255 256 256 256 256 256 256
 256 256 256 256 256 256 256 256 256 256 256 256 257 257 257 257 257 257
 257 257 257 257 257 257 257 257 257 258 258 258 258 258 258 258 258 258
 258 258 258 258 258 259 259 259 259 259 259 259 259 259 259 259 259 259
 259 259 260 260 260 260 260 260 260 260 260 260 260 260 260 260 261 261
 261 261 261 261 261 261 261 261 261 261 262 262 262 262 262 262 262 262
 262 262 262 262 263 263 263 263 263 263 263 263 264 264 264 264 264 264
 264 264 265 265 265 265 265 265 265 265 265 265 265 266 266 266 266 266
 266 266 266 267 267 267 267 267 267 267 267 267 268 268 268 268 268 268
 268 268 268 269 269 269 269 269 269 269 269 269 269]","[12239 14621 12239 14622 14621 12239 14623 14621 12238 14621 14622 14623
 18809 18809 11219 10686 14611 18809 11219 18808 10686 14611 14615 16610
 18809 18812 11219 12238 16608 14621 14622 14623 16612 18810 16612 18810
 10686 14611 14613 14615 16610 18809 18812 12237 18810 16612 12239 14622
 14623 18816 14621 16606 16608 10686 14613 14615 16610 18809 18812 18813
 12237 12238 14622 18810 14621 12239 18816 12021 16606 16608 10686 14611
 14613 14615 18809 18813 14622 12239 18816 12021 14166 14168 16606 16608
 10686 14613 18809 11219 16608 16606 12021 14166 18816 14168 12239 14622
 10686 18809 19895 11219 16608 16606 19896 19895 12239 14622 18816 14166
 14168 11219 16607 16608 12021 14166 18816 12239 14623 14621 12237 18808
 18810 16612 10687 14619 14621 14623 16614 12238 14622 12239 18811 18816
 12237 18809 18810 18808 11219 16607 16608 10686 14611 14613 14615 16610
 18809 18812 11219 16609 18813 18808 12237 18811 12238 16607 16608 14622
 14618 18810 14620 14621 12239 14623 16612 14619 10687 18816 16614 12021
 13142 10686 14611 14613 14615 16610 18809 18812 11219 16609 18813 12237
 16607 16608 14622 14618 18810 12239 14621 14623 18816 10687 14619 12021
 10686 14611 14613 14615 18809 11219 16609 18813 12237 18808 16607 14622
 12239 14621 14623 18816 10687 12021 10686 14611 14613 14615 16610 18809
 11219 18813 18808 12237 14622 12239 14621 14623 18816 10686 14611 14613
 14615 16610 18809 18812 11219 12238 14621 14622 14623 12239 16606 10686
 14611 14613 14615 16610 18809 18812 11219 18813 12238 16608 14622 16606
 12239 19896 10686 14611 14613 14615 16610 18809 18812 11219 18813 12238
 16608 14622 16606 12239 10686 14611 14613 14615 16610 18809 18812 11219
 18813 14622 12239 16606 10686 14611 14613 14615 16610 18809 18812 11219
 16609 18813 14622 16606 10686 14611 14615 16610 18809 18812 14622 16606
 10686 14611 14615 16610 18809 18812 12238 14622 10686 14615 16610 18809
 18812 16609 18811 12238 14621 14622 14623 10686 14615 16610 18809 18812
 16609 12238 14622 10686 14611 14615 16610 18809 18812 16609 12238 14622
 10686 14611 14613 14615 16610 18809 18812 16609 14622 10686 14611 14613
 14615 16610 18812 16609 18813 14622 12239]"
11016,[242],[12619]
11017,[242],[12755]
11018,[242],[13315]
11019,[242 243 243 243 244],[13440 10378 13439 13440 13439]
11020,[242],[13544]
11021,[242],[14347]
11022,"[242 243 243 243 244 244 244 245 245 245 245 245 245 246 246 246 246 246
 246 246 246 246 246 247 247 247 247 247 247 247 248 248 248 248 248]","[15323 15323 15324 17033 15323 19666 17033 12530 15323 15325 19666 15321
 17033 11455 15322 15323 17033 19666 15324 12530 19667 15321 15191 11455
 15323 17033 19666 12530 15324 15325 11455 15323 17033 19666 15324]"
11023,"[242 242 243 243 243 243 244 244 244 244 244 244 244 243 243 243 243 244
 244 244 244 244 244 244 244 244 245 245 245 245 245 245 245 245 245 245
 245 245 245 245 245 245 245 245 245 245 245 245 246 246 246 246 246 246
 246 246 246 246 246 246 246 246 246 246 246 246 246 246 246 246 246 246
 246 247 247 247 247 247 247 247 247 247 247 247 247 247 247 247 247 247
 248 248 248 248 248 248 249 249]","[15492 19877 12601 15494 19877 15492 12601 15494 19876 19877 15492 15496
 15497 11937 14027 18037 19872 11937 18039 19871 13424 19872 12600 13425
 19881 17125 11508 17129 19882 17128 12603 19881 15499 19872 15497 12600
 18039 19871 12602 15495 15496 13424 19877 19878 19876 13425 12601 15494
 11508 19882 12603 19881 19872 12600 18039 19871 11937 13424 14027 13425
 18037 17125 15472 17126 17128 11513 15495 15496 15497 12602 19877 19878
 12601 11508 17129 19882 15500 19881 15499 15497 12602 15496 19877 11513
 12601 12600 13424 18039 14027 17125 11508 13428 19881 12601 19876 19877
 13428 19877]"
11024,[242],[15883]
11025,[242],[16816]
11026,[242],[17065]
11027,[242],[17149]
11028,[242],[18080]
11029,[242],[18707]
11030,[242],[18926]
11031,[242],[19942]
11032,[242 243 244],[20053 20053 20053]
11033,[242],[20276]
11034,[242],[20457]
11035,[243 244],[576 576]
11036,"[243 243 243 243 244 244 244 244 244 244 244 244 244 244 244 244 244 244
 244 244 244 245 245 245 245 245 245 245 245 245 245 245 245 245 245 245
 245 245 245 245 245 245 245 246 246 246 246 246 246 246 246 246 246 246
 246 246 246 246 246 246 246 246 246 246 246 246 246 246 246 247 247 247
 247 247 247 247 247 247 247 247 247 247 247 247 247 247 247 247 247 247
 247 247 247 247 247 247 247 247 247 247 247 247 247 247 247 247 247 247
 248 248 248 248 248 248 248 248 248 248 248 248 248 248 248 248 248 248
 248 248 248 248 248 248 248 248 248 248 248 249 249 249 249 249 249]","[1903 4183 4139 8275 1883 4139 4140 4183 8323 4141 4182 1885 1903 8322
 8272 8273 8320 8321 1886 8275 4179  760 5976 8322 8323 8321 1903 4183
 1883 8318 8320 4182 4139 4140 1902 4141 1885 4178 4179 8272 8273 4143
 1886  760 5976 8322 8323 8321 1903 4183 1883 8318 8320 4182 4139 4140
 8269 1902 8319 4141 1885 4178 4179 8272 8273  900 4143 1886 8276  395
 4139 4141 4182 1883 4140 4183 1885 8272 1903 4181 8269 8323 8270 8322
 8271 8273  900 4143 8320 8321 8319  760 2680 5976 8274 1886 1902 8318
 4179 6727 8275 4145 4178 4177 1177 8276 4175 3099  760 5976 8322 8323
 8321 1903 4183 1883 8320 4181 4182 4139 4140 8269 8319 1885 8270 4179
 8271 8273 4177 8274 1886 4143 8275 1177 8276 3097 3099  760 1177 8275
 1883 4140 8273]"
11037,"[243 243 243 244 244 244 245 246 246 246 246 247 247 247 247 247 247 247
 248 248 248]","[2420 9816 9817 2420 9817 6378 2420  984 9817 2420 9816  984 2904 6378
 6380 9817 9816 2420 2420 9816 9817]"
11038,[243 244],[3195 3195]
11039,[243],[3405]
11040,[243],[3532]
11041,[243],[4447]
11042,[243],[4450]
11043,[243 244],[4759 4759]
11044,[243],[5869]
11045,[243 244 245 246],[6018 6018 6018 6018]
11046,[243 244],[6361 6361]
11047,[243],[7123]
11048,[243],[7836]
11049,[243],[8242]
11050,[243],[8319]
11051,[243],[9202]
11052,[243],[9576]
11053,[243],[9586]
11054,[243 244],[9742 9742]
11055,[243],[10280]
11056,"[243 243 244 244 244 244 244 244 244 245 245 245 245 245 245 245 246 246
 247 247 247 247 243 243 244 244 244 244 244 243 243 244 244 244 244 244
 244 245 245 245 245 245 245 245 245 245 245 245 245 245 245 246 246 246
 246 246 246 246 246 246 246 246 246 246 246 246 247 247 247 247 247 247
 247 247 247 247 247 247 246 247 247 247 247 247 247 247 248 248 248 248
 248 248 248 248 248 248 248 248 248 248 248 248 248 248 248 248 248 248
 248 248 248 248 248 247 247 247 247 247 247 247 247 247 247 247 247 247
 247 248 248 248 248 248 248 248 248 248 248 248 248 249 249 249 249 249
 249 249 249 249 249 249 249 249 249 249 249 249 249 249 249 249 249 249
 249 249 249 249 249 249 249 249 249 249 249 249 250 250 250 250 250 250
 250 250 250 250 250 250 250 250 250 250 250 250 250 250 250 250 250 250
 250 250 250 250 250 251 251 251 251 251 251 251 251 251 251 251 251 251
 251 251 251 251 251 251 251 251 252 252 252 252 253 253 253 253 254 254
 254 255 255 255 255 256 256 256 256 256 256 257 257 257 257 257 257 257
 257 257 257 257 257 257 257 257 257 257 257 257 257 243 244 244 245 245
 246 246 247 248 249 250 248 249 250 250 251 251 251 251 252 252 252 253
 254 255 255 255 256 256 256 256 257 257 258 258 258 258 258 258 258 258
 258 258 258 258 258 258 258 258 258 258 258 258 258 258 258 258 258 258
 258 258 258 258 258 258 258 258 258 258 258 258 258 258 258 258 257 257
 258 258 258 259 259 259 259 259 259 259 259 259 259 259 259 259 259 259
 259 259 259 259 259 259 259 259 259 259 259 259 259 259 259 259 259 259
 259 259 259 259 259 259 259 259 259 259 259 259 259 259 260 260 260 260
 260 260 260 260 260 260 260 260 260 260 260 260 260 260 260 260 260 260
 260 260 260 260 260 260 260 261 261 261 261 261 261 261 261 261 261 261
 261 261 261 261 261 261 261 261 261 261 262 262 261 262 262 262 262 262
 262 262 262 262 262 262 262 262 262 262 262 263 263 263 263 263 263 263
 263 263 263 263 263 263 263 263 263 263 263 263 263 263 263 263 264 264
 264 264 264 264 264 264 265 265]","[10399 13561 10399 13561 13563 13565 11645 10869 15888 10399 13561 13565
 11645 17375 10869 15888 10399 13561 10399 13565 11645 17375 12019 18227
 10589 18224 18227 18226 12019 20335 20336 15880 15881 20335 20336 15883
 20337 10589 17368 18224 18227 20335 18226 12019 15880 18225 15881 11069
 10868 15883 15885 10589 17367 17368 18224 18227 18226 12019 14162 18225
 11069 12755 15880 15881 20336 15883 10589 15878 17367 17368 18224 18227
 18226 12019 14162 18225 14163 11069 12757 12755 15880 15881 20336 15883
 15885 12757 10399 13561 13565 11641 11645 17367 17369 17375 10589 17368
 18227 11642 10869 15878 18224 20335 12019 18226 15880 12754 20336 14162
 14163 18225 12755 15881 11069 10812 17362 17363 19839 19842 17364 19843
 11639 12589 19838 19841 15871 15462 19840 10812 17362 17363 19839 19842
 17364 19843 11639 12590 15871 15872 15468 10399 13561 13563 13565 18230
 20358 11641 17367 17369 18228 17368 18227 11642 15878 20335 18224 12754
 15876 20336 20334 10867 15871 11639 17363 17364 17362 19842 19843 12590
 19841 15467 15468 19851 19850 14163 10399 13561 13563 13565 18230 20358
 20367 11641 11645 20366 17367 17369 10589 17368 18227 15876 15878 18224
 20335 12754 20334 15467 15468 19843 19851 17362 19850 17364 17365 10589
 15876 15878 17367 18224 18227 12754 20335 11641 17369 20334 20336 11642
 15880 13561 12755 13563 18230 13564 20358 17365 10589 18224 12755 20336
 12755 20336 15876 18224 12755 20336 15876 12754 20336 12755 15882 12754
 20335 20336 12755 20337 15882 10399 13561 13563 11641 17367 17369 18228
 10589 17368 18227 11642 15878 18224 20335 15880 12754 20336 12755 20337
 15882 17386 17386 17387 17386 17387 17386 17387 17387 17387 17387 17387
 10871 10871 10871 15906 10871 17386 17387 17388 10871 15906 17386 10871
 10871 10871 15904 15908 10871 15906 15908 17385 15908 17385 10399 13561
 13563 13565 11643 13564 11645 20368 17370 17371 17375 20369 11642 15879
 17369 20370 12766 15880 17368 20335 15881 17367 20372 15908 20371 12755
 20336 10589 15878 15883 18227 12767 15910 17386 11652 20337 18224 12019
 18226 15909 17387 10867 20347 20348 12759 20348 20347 10399 13563 13565
 20367 13564 11645 20368 17375 20369 10869 20370 12766 15890 20373 20372
 20371 12759 15889 12767 15910 11652 17386 20348 15909 17387 10589 15878
 17367 17368 18224 18227 20335 17369 11642 15880 20336 17370 12755 15881
 20337 17371 15882 15883 10867 15884 12757 15906 10399 13563 13565 11645
 20368 20369 12766 20370 20371 20372 20373 15910 17386 12767 15890 10871
 17387 15906 10589 15878 17367 17368 12754 20335 11641 17369 20334 20336
 15882 10399 13565 18230 20358 20368 20369 12766 20372 12767 20373 10871
 15906 11641 12754 15878 20334 17366 17365 17364 17362 17387 10399 18230
 18224 10589 15878 17367 17368 18224 11641 17369 18226 14162 10871 12766
 17362 17365 17387 20333 20334 10399 13565 20358 10589 15878 17367 17368
 18224 18227 12754 20335 11641 17369 11642 18226 20334 13562 14162 15467
 19843 17362 17365 17387 12754 14162 18226 17365 17366 17368 17369 17387
 14162 18226]"
11057,[243],[10881]
11058,[243 243],[10989 16195]
11059,"[243 244 245 246 247 248 249 250 251 252 253 254 255 256 257 258 259 260
 261 262]","[11313 11313 11313 11313 11313 11313 11313 11313 11313 11313 11313 11313
 11313 11313 11313 11313 11313 11313 11313 11313]"
11060,[243 244 244 244 245 245 245 246 246 246 247 247 248],"[11625 11625 13544 20279 11625 13544 20279 11625 20279 12736 11625 12736
 11625]"
11061,[243],[11676]
11062,[243 243 243 244 244 244 244],[11948 18064 11949 11948 18064 11949 18066]
11063,[243],[11950]
11064,[243 243 244],[12146 18622 18622]
11065,[243 244 245 246],[12599 12599 12599 12599]
11066,[243],[13378]
11067,"[243 243 243 243 244 244 244 244 244 244 245 245 245 245 245 245 245 245
 245 244 245 246 246 246 246 246 246 246 246 247 247 247 247 247 247 247
 248 248 248 248 248 248 248 248 248 248 248 247 248 249 249 249 249 249
 249 249 249 250]","[13585 14184 14186 14187 11664 13585 18260 14187 14186 14184 11664 13585
 17410 18260 12033 14187 14186 14184 16353 10877 10877 10877 17412 11666
 13585 11664 18261 14184 14186 10877 17412 17414 11664 13585 18261 12034
 10877 15953 17412 11666 17411 13585 13586 13587 17410 11664 13584 15955
 15955 10877 15953 17412 11666 17411 17414 11667 15955 15953]"
11068,"[243 244 244 244 244 245 245 245 245 245 245 246 246 246 246 246 246 247
 247 247 247 247 247 247 248 248 248]","[14400 11147 14400 12134 18534 11147 14400 16480 12134 18534 18535 11147
 14400 12134 18534 18535 16204 11147 14400 18532 12134 18534 18535 16204
 12134 14400 18534]"
11069,[243 244 245 246 247 248],[14512 14512 14512 14512 14512 14512]
11070,[243 244],[14589 14589]
11071,[243 244 245 246 247],[14892 14892 14892 14892 14892]
11072,[243],[15491]
11073,[243],[15982]
11074,[243],[16255]
11075,[243],[17256]
11076,[243 244 245],[17972 17972 17972]
11077,[243],[18024]
11078,[243],[18810]
11079,"[243 244 244 244 244 245 245 245 245 245 245 245 245 245 245 246 246 246
 246 246 246 246 246 246 246 246 246 246 246 246 246 246 246 246 246 246
 246 246 246 246 246 246 246 246 246 247 247 247 247 247 247 247 247 247
 247 247 247 247 247 247 247 247 247 247 247 247 247 247 247 247 247 247
 247 247 247 247 247 247 247 248 248 248 248 248 248 248 248 248 248 248
 249 249 249 249 250]","[19729 19729 19730 19733 19734 10679 14585 14587 19730 19733 19729 18772
 19734 19735 14588 10679 14585 14587 16592 16593 19730 19733 19729 18772
 11210 16594 19734 14589 13130 13131 19735 14588 19736 16596 18780 12226
 18782 14594 14597 10446 16597 17625 17624 17623 17622 10446 14593 14595
 16597 16598 17625 11760 14594 17624 12226 18781 17623 18779 18780 18782
 14597 16596 14596 14588 14589 18772 14587 16593 10679 14585 16592 16594
 19730 19733 19729 11210 19734 19735 19736 10681 16596 18780 18779 14585
 19729 19730 19733 14589 14597 17624 10681 14589 19729 19730 19729]"
11080,[243],[19866]
11081,[243 243 244],[19895 19896 19896]
11082,[243 244 244 244 245],[19927 15532 17162 19927 17162]
11083,[243],[20426]
11084,[243 243 244],[20455 20456 20456]
11085,[244 245 245 245 246 247],[ 311  311 6936 7834  311  311]
11086,[244 245 246 246 247 247 248 248],[ 402  402  402 4165  402 4165  402 8312]
11087,[244],[976]
11088,[244 245],[2684 2684]
11089,[244 245 245 246 246 247],[3055 3055 9142 3055 9142 9142]
11090,[244],[3538]
11091,[244 245],[3565 3565]
11092,[244],[4255]
11093,[244],[4271]
11094,[244],[4755]
11095,[244 245],[4919 4919]
11096,[244],[5015]
11097,[244],[5059]
11098,[244],[5082]
11099,[244],[5261]
11100,[244 245 245],[5516 5516 5517]
11101,[244 245],[5917 5917]
11102,[244],[5973]
11103,[244],[6770]
11104,[244 244],[6826 7752]
11105,[244 245 246],[6839 6839 6839]
11106,[244 245],[6895 6895]
11107,[244 245 245 245 246 246 246 246 247],[7573 3626 7573 7571 3625 3626 7573 7571 7573]
11108,[244],[8243]
11109,"[244 245 246 246 246 246 247 247 247 248 248 248 249 250 250 251 251 252
 252 252 252 252 253 253 253 253 253 253 254 254 254 254 254]","[8570 8570  444 8570 8569 8568  444 8570 8569  444 8570 8569  444  444
 4373  444 4373  444 4373 8570 4372 8563  444 4373 8567 8570 4372 8569
  444 4373 8570 4372 8563]"
11110,[244],[8618]
11111,[244],[8752]
11112,[244],[9086]
11113,[244],[9188]
11114,[244],[9551]
11115,[244 245 246],[10658 10658 10658]
11116,[244],[10918]
11117,[244 245 246 247 248 249],[11011 11011 11011 11011 11011 11011]
11118,[244 244],[11078 12998]
11119,[244 245 245],[11500 11500 15457]
11120,[244],[11862]
11121,[244],[12110]
11122,[244],[12124]
11123,[244 245 246 247],[12187 12187 12187 12187]
11124,[244],[12537]
11125,[244 244],[12592 19849]
11126,[244],[13420]
11127,[244],[13858]
11128,[244 245 245 246],[14168 14166 14168 14168]
11129,[244 244],[14663 14664]
11130,[244],[14899]
11131,[244],[15162]
11132,[244 245 246],[16347 16347 16347]
11133,[244],[16464]
11134,[244 244],[17508 17509]
11135,[244],[17595]
11136,[244 244 245 245 245 245 245 246 246 246 247],[17666 17667 11244 13164 18892 17666 17667 17666 17667 18892 17666]
11137,[244 245],[18068 18068]
11138,[244],[18272]
11139,[244],[19683]
11140,[244 245],[20276 20276]
11141,[244],[20363]
11142,[245 246 246 246 246 246 247 247 247 247 248 248 248 248 249 249 249 249],"[ 458  458 4450 4452 2028 4451  458 4450 4452 4451  458 4450 4452 4451
  458 4450 4452 4451]"
11143,[245 245 246 246 246 247 247 247 248],[ 531 4951  531 4951 5080  531 4951 5080 4951]
11144,[245],[791]
11145,[245 245 246 246],[1106 9036 4759 9036]
11146,[245 245 245 246 247],[1133 8219 8218 1133 1133]
11147,[245],[1274]
11148,[245 246],[1406 1406]
11149,[245 245 245 246 247],[1756 7938 1757 7938 7938]
11150,[245],[2030]
11151,"[245 246 246 246 246 247 247 247 247 247 247 247 247 247 247 247 247 248
 248 248 248 248 248 248 248 249]","[2744  825 2744 2745 2472  612 5535 7065 2472 7067 9972 9973 2745  825
 9974 2744 2473  825 2744 2745 1365 3286 7067 3287 7936 7936]"
11152,[245],[2783]
11153,[245],[2886]
11154,[245 246 247 247 247 247 248 248 248 248 248 249],[ 7124  7124   625  7124 10092 10091   625  7124 10092 10091  2512 10092]
11155,[245 246],[7133 7133]
11156,[245],[7807]
11157,[245 246],[8296 8296]
11158,[245],[9069]
11159,[245],[9635]
11160,[245],[9648]
11161,[245],[10027]
11162,[245],[10034]
11163,[245 246 246],[10354 10354 13266]
11164,[245],[10455]
11165,[245],[10814]
11166,[245],[11044]
11167,[245 246 246 246 246 246 247 247 247 247 247 248 248],"[11582 11582 13501 17264 17265 15705 11582 13501 17264 17265 15705 11582
 17265]"
11168,[245 246],[11824 11824]
11169,[245 245 245 245 246 246],[12306 14777 19005 19006 12306 19005]
11170,[245 245 245 246 246],[12405 15013 19294 12405 15013]
11171,[245],[12664]
11172,"[245 245 245 245 245 246 246 246 246 246 246 247 248 249 250 250 250 251
 251 251 251]","[12909 13926 16196 16195 16194 10509 13926 16196 10989 12909 16194 12909
 12909 12909 10266 12909 18454 10266 12909 18454 12106]"
11173,[245],[13326]
11174,[245 245 246 246 246 247 247 247 247],[14090 18127 14089 14090 15672 14089 14090 18127 15672]
11175,[245 246 247 248 248 248 249 249],[14176 14176 14176 14176 16348 16347 14176 16347]
11176,[245 245 246 246],[15533 15534 15533 15534]
11177,[245],[16435]
11178,[245 246],[16904 16904]
11179,[245],[17258]
11180,[245 245],[17362 19843]
11181,[245],[17382]
11182,[245],[17594]
11183,[245 246 246],[17850 11370 17850]
11184,[245 246 246 246 246 247],[17865 11862 13903 11864 17865 11862]
11185,[245 246 246],[18425 10264 18425]
11186,[245],[18825]
11187,[245 245 246 246],[19304 19306 12409 19306]
11188,[245 246],[19360 19360]
11189,[245 246 246 246],[19374 12964 19373 19374]
11190,[245 246],[19411 19411]
11191,[245 246],[19481 19481]
11192,[245 246 246 246 246 246 247 247 247 247],[20348 12759 15889 20348 20374 20347 15889 15890 20348 20374]
11193,[246 247 247 247 247 248 248 248 249],[ 332  332 9951 2465 5518 2465 5518 5516 5518]
11194,[246 246 246 246 246 246 246 246 246 247 247],[  990  4408  6389  6390  8606  8607   991 10099  2514  4408  8607]
11195,[246 246],[1012 6427]
11196,"[246 246 246 246 246 246 247 247 247 247 247 247 247 247 246 247 247 247
 247 248 248 248 248 248 248 248]","[1208 5065 6783 6784 6785 9413 1207 3128 6781 6783 6782 1208 5064 6785
 5060 5059 5060 5061 9401 1207 3128 6780 6781 5058 5060 5064]"
11197,"[246 246 246 246 247 247 247 247 247 247 247 248 248 248 248 248 248 248
 248 248 248 248 248 249 249 249 249 250]","[1752 7928 9955 1753 1360 9955 1752 7928 1753 5525 9958  334 5523 7929
 9958 1753 7928 5525 9959 1752 5526 9955 1360 1752 7928 1753 7929 1753]"
11198,[246 246 246],[2054 8731 7454]
11199,[246 246 246 247],[2215 4903 9208 9208]
11200,[246 246 246 247 247 247 247 248 248 248 248],[2316 5146 9509 2316 5146 9506 9509 2316 5146 9506 9509]
11201,[246],[2856]
11202,[246 247],[2951 2951]
11203,[246],[2953]
11204,[246 247],[3070 3070]
11205,[246 246 247],[3121 6770 6770]
11206,[246],[3660]
11207,[246 246 247 247],[4164 6242 6241 6242]
11208,[246 247],[4172 4172]
11209,[246],[4176]
11210,[246 247],[5162 5162]
11211,[246 246 247 248 249],[6361 6362 6361 6361 6361]
11212,[246],[6651]
11213,[246 246],[6828 6829]
11214,[246],[6904]
11215,[246 247 247 248 248 248 248 249 249 249 250],[7724 7724 7786 7724 7725 7786 7785 7724 7725 7786 7724]
11216,[246 247 247 248],[7754 1677 7754 7754]
11217,[246],[7764]
11218,[246],[8081]
11219,[246],[8944]
11220,[246],[8956]
11221,[246],[9135]
11222,[246 247 248],[9187 9187 9187]
11223,[246 247 247 247 247 248 248 248 248 248 248 248 248 249],[9493  968 9493 2311 6353  968 6350 6352 9493 9491 6353 2311 9490  968]
11224,[246],[9571]
11225,[246],[9634]
11226,[246 246 247],[9932 9933 9933]
11227,[246],[9982]
11228,[246 246 247 247 247 248 248 248],[10451 16089 10451 16089 20077 10451 13748 20077]
11229,[246],[11125]
11230,[246 246 246 246 247],[11225 20260 20261 20262 20261]
11231,[246 247],[11594 11594]
11232,"[246 246 246 246 246 247 247 247 247 247 248 248 248 248 248 248 248 248
 249 249 249 250 250 251]","[11649 17381 17383 20362 20363 11649 17383 17382 20362 20363 10592 15901
 18235 20362 12023 20363 11649 17383 15901 17382 17383 17382 20362 20362]"
11233,[246 247 247 248],[11981 11981 18141 18141]
11234,[246 247],[12194 12194]
11235,[246],[13134]
11236,[246],[13249]
11237,[246],[13706]
11238,[246 247 247 247 247],[14606 11063 18793 14606 14607]
11239,[246],[15017]
11240,[246 247],[15338 15338]
11241,[246],[15467]
11242,[246],[15475]
11243,[246 247],[15516 15516]
11244,[246],[15651]
11245,[246 246 246 246 247 247 247 247 247 247],[15831 17340 17341 18206 10584 15831 17340 17341 18203 18206]
11246,[246],[16438]
11247,[246],[16758]
11248,[246 246],[16852 19303]
11249,[246],[16856]
11250,[246],[16898]
11251,[246 246],[17123 19849]
11252,[246],[18193]
11253,[246 247],[18698 18698]
11254,[246],[18785]
11255,[246 247 247 247 247 247 248],[18836 11770 17646 18836 13747 18837 11770]
11256,[246],[18926]
11257,[246 247 247 247 247 247 247 247 248 248 248 248 248],"[20064 10837 20064 12664 20066 20065 15653 15652 10837 15646 20064 12664
 20066]"
11258,[247 248],[532 532]
11259,[247 247],[ 683 2604]
11260,[247],[694]
11261,[247],[731]
11262,[247],[909]
11263,[247],[1270]
11264,[247 247 247],[1483 7300 7299]
11265,[247],[1661]
11266,[247],[1704]
11267,[247 248],[1929 1929]
11268,[247],[2059]
11269,[247],[2815]
11270,[247 248],[3153 3153]
11271,[247 248],[3171 3171]
11272,[247 247],[3555 3556]
11273,[247 247 248],[3661 3662 3662]
11274,[247],[4102]
11275,[247 247 247],[4758 4760 6601]
11276,[247 248],[4898 4898]
11277,[247 248],[4959 4959]
11278,[247 248 249 249 249 250 250 250],[5039 5039 5037 5039 9400 5037 5039 9400]
11279,[247],[5068]
11280,[247 248],[5142 5142]
11281,[247],[5253]
11282,[247],[5639]
11283,[247 248 249],[6298 6298 6298]
11284,[247],[6677]
11285,[247],[6681]
11286,[247 248 249 249 250 251 252],[7804 7804 7803 7804 7803 7803 7803]
11287,[247],[7965]
11288,[247],[8239]
11289,[247],[8284]
11290,[247],[8286]
11291,[247],[8313]
11292,[247],[9037]
11293,[247],[9053]
11294,[247],[9954]
11295,[247 248],[9961 9961]
11296,[247 248 248],[10351 10351 13249]
11297,[247 248],[10567 10567]
11298,[247],[10635]
11299,[247],[10691]
11300,[247 247 247 248 248 248],[11126 13046 19201 12372 19201 13046]
11301,[247],[11215]
11302,[247 247 248 247 248 248 249 249 249 249 249 250 250 250],"[11676 13596 13596 18273 18273 17430 10403 13596 18273 11676 17430 10403
 11676 17430]"
11303,[247],[11815]
11304,[247],[12780]
11305,[247 247],[12781 20417]
11306,[247],[13244]
11307,[247 247],[14372 14373]
11308,[247],[14525]
11309,[247],[14637]
11310,[247],[15818]
11311,[247 248 248 249 249 250 251],[16354 10598 16354 10598 16354 10598 10598]
11312,[247 248 249 249],[16851 16851 13273 16851]
11313,[247],[17409]
11314,[247],[17591]
11315,[247],[18714]
11316,[247 247],[18826 20431]
11317,[247 248 249 250],[20276 20276 20276 20276]
11318,[247 248],[20296 20296]
11319,[247],[20346]
11320,[248],[22]
11321,[248],[153]
11322,[248 249],[550 550]
11323,[248 248 248 248 248 249 249 249],[1271 5254 6896 6897 2360 1271 5253 5254]
11324,[248],[1406]
11325,[248],[1643]
11326,[248],[2270]
11327,[248],[2348]
11328,[248],[2762]
11329,[248],[3082]
11330,[248],[3310]
11331,[248],[3543]
11332,[248 249 250 250 251 251 251 251 252 252 252 252 253 253 253],"[4259 4259 1940 4259 1940 4259 8419 3211 1940 8419 3210 3211 1940 8419
 3211]"
11333,[248],[4263]
11334,[248 249],[4372 4372]
11335,[248],[4909]
11336,[248],[5082]
11337,[248],[5226]
11338,[248 248 248 248],[5839 5840 5841 9921]
11339,[248],[6379]
11340,[248],[6427]
11341,[248],[6684]
11342,[248],[6723]
11343,[248 249 249],[6913 6913 6914]
11344,[248],[7084]
11345,[248],[7454]
11346,[248],[7836]
11347,[248],[8664]
11348,[248 249],[9231 9231]
11349,[248],[9614]
11350,[248],[10297]
11351,[248 249 250 250 251],[12599 12599 12599 15488 15488]
11352,[248],[12751]
11353,[248],[13707]
11354,[248],[13851]
11355,[248],[14100]
11356,[248 249],[15023 15023]
11357,[248 249],[15983 15983]
11358,[248],[16193]
11359,[248],[16305]
11360,[248 248],[17233 17234]
11361,[248],[19452]
11362,[248 249 250],[19683 19683 19683]
11363,[249 250],[388 388]
11364,[249 249],[ 742 8638]
11365,[249 249],[1123 4811]
11366,[249],[1133]
11367,[249 249 249],[1152 3072 6681]
11368,[249],[1622]
11369,[249],[1760]
11370,[249],[2030]
11371,[249 249],[2163 9053]
11372,[249],[2661]
11373,[249],[4908]
11374,[249],[5059]
11375,[249],[5162]
11376,[250],[6016]
11377,[249],[7494]
11378,[249 250 251],[7758 7758 7758]
11379,[249 250],[7798 7798]
11380,[249],[7934]
11381,[249],[8624]
11382,[249],[8748]
11383,[249],[9208]
11384,[249],[10125]
11385,[249],[10631]
11386,[249 249],[10814 15472]
11387,[249 249],[11079 18852]
11388,[249],[11138]
11389,[249],[11247]
11390,[249 250],[11357 11357]
11391,[249 250],[11937 11937]
11392,[249],[12814]
11393,[249],[13245]
11394,[249],[13648]
11395,[249],[14040]
11396,[249 250],[14174 14174]
11397,[249],[14195]
11398,"[249 249 249 250 251 251 252 252 252 252 252 252 253 253 253 254 254 254
 254 254 254 254 254 255 255 255 255 255 255 255 255 255 255 255 256 256
 256 256 256 256 256 256 256 252 253 253 254 254 254 254 255 255 255 255
 255 255 256 256 256 256 256 256 256 256 256 257 257 257 257 257 257 257
 257 257 257 257 257 257 257 257 257 257 257 257 258 258 258 258 258 258
 258 258 258 258 257 258 258 258 258 258 258 258 258 258 258 259 259 258
 259 259 259 259 259 259 259 259 259 259 259 259 259 259 259 259 259 259
 259 259 259 260 260 260 260 260 260 260 260 260 260 260 260 260 260 261
 261 261 261 261 261 261 261 261 261 261 261 262 262 262 262 262 262 262
 262 262 262 262 262 262 263 263 263 263 263 263 263 263 263 264 264 264
 264 265 265 265 266 266 266 266 267 267 267 267 267 267 267 267 268 268
 268 268 268 268 268 269 269 269 269 269 269 269]","[14314 14315 14358 14315 14314 14315 12096 14315 14314 14358 12114 18478
 12114 18478 14314 10500 18478 12114 14358 14314 14315 10625 18428 10500
 18478 18479 14358 14314 14315 18427 18428 10625 16849 13896 10500 13895
 18478 13896 18479 14358 14314 14315 18427 16852 11354 16852 11354 16851
 19302 15015 10749 15015 15019 16851 11354 19302 10625 16848 16850 16851
 11354 15015 19302 10749 15019 10500 13897 18478 13896 18479 14358 14314
 14315 18427 18428 10625 16848 16849 10749 15015 15019 16852 11354 19302
 10500 18478 12114 14358 14314 14315 18427 18428 10625 16848 19305 10749
 15015 15019 16852 19308 11354 12409 19302 19306 19305 10500 13897 14320
 10625 16848 18428 16850 18432 13273 16851 14320 11354 15015 16852 19302
 10749 15019 19307 12114 14358 18479 14314 14315 19305 10500 13895 10625
 16848 18428 16850 12114 14358 18477 14314 14315 15015 15019 19302 10625
 16848 18428 16850 12096 13273 12114 13895 13896 17855 14314 15015 10500
 18478 12114 14357 14314 10625 16848 18428 11352 16850 12096 18433 13896
 10500 18478 12114 11352 16848 18433 12096 18428 14314 11352 16848 18432
 18428 11352 16848 16850 11352 13273 16848 16850 10625 16848 18428 11352
 16850 18432 13273 11354 10625 16848 18431 11352 16850 18432 13273 11352
 13273 16848 16850 18432 18431 18428]"
11399,[249 249 250 250],[14653 20346 12253 14653]
11400,[249],[14932]
11401,[249],[15134]
11402,[249],[15494]
11403,[249],[15510]
11404,[249],[15551]
11405,[249 250 250],[15662 15662 20077]
11406,[249 250 250 250 250 251 251 251 252],[15813 12729 15814 20259 15813 15813 15814 20259 15813]
11407,[249],[16030]
11408,[249 250 250 250 250],[16460 10635 16460 16459 18493]
11409,[249],[16577]
11410,[249 250],[16865 16865]
11411,[252],[16890]
11412,[249],[17786]
11413,[249],[17993]
11414,[249],[18139]
11415,[249],[18803]
11416,[249],[19863]
11417,[249],[19883]
11418,[249],[20258]
11419,[249],[20455]
11420,[249],[20459]
11421,[250],[886]
11422,[250 251 252],[1012 1012 1012]
11423,[250 250 250 250 250],[1153 4901 6683 9207 4899]
11424,[250],[1929]
11425,[250],[2028]
11426,[250],[2272]
11427,[250],[3716]
11428,[250 250 251 251 252 252 252],[4533 4535 4533 4535 4533 4535 8763]
11429,[250 250 250 250 251 251 251 252 252 252 253],[4841 4842 6651 9137 4841 4842 6651 4841 4842 6651 4841]
11430,[250 250 250 250 251],[5245 5247 6892 5249 6892]
11431,[250],[5803]
11432,[250],[5817]
11433,[250],[6352]
11434,[250],[6678]
11435,[250],[6897]
11436,[250],[7298]
11437,[250],[7625]
11438,[250],[7636]
11439,[250 251],[8619 8619]
11440,[250],[8654]
11441,[250],[9430]
11442,[250],[10126]
11443,[250],[10417]
11444,[250 250 250 250 250 251 251 251 251 251 252 252 253],"[10625 16848 18428 11352 16850 10625 16848 18428 18431 16850 18431 18432
 18432]"
11445,[250 250 250 250 250 250 250 251 251 251 251 251],[11128 14340 16445 16446 11129 13049 18464 13049 14340 16446 16445 16443]
11446,[250 250 251 251 252],[11147 14400 11147 14400 11147]
11447,[250 250],[11236 18866]
11448,[250],[11323]
11449,[250 250 250],[11354 19302 11845]
11450,"[250 251 251 251 250 251 251 251 251 252 252 252 252 252 252 252 252 252
 252 252 252 253 253 253 253 253 253 253 254 254 254]","[11583 11582 17264 11583 18142 17258 17260 18142 12681 11581 17260 17261
 20118 17258 11582 12681 20119 18142 15696 18141 11980 11582 13501 17260
 12681 15696 20118 20119 11582 13501 12681]"
11451,[250 251 251 251 251 251 251 251 252],[12100 10626 14319 14321 18440 14320 12100 18439 14321]
11452,[250 250],[12464 15163]
11453,[250],[13658]
11454,[250],[14079]
11455,[250],[14345]
11456,[250 251 252 253 254 255],[14513 14513 14513 14513 14513 14513]
11457,[250 251 252 253 254 255 256 257 258 259 260 261 262],"[14892 14892 14892 14892 14892 14892 14892 14892 14892 14892 14892 14892
 14892]"
11458,[250 251],[15492 15492]
11459,[250 250],[15590 19989]
11460,[250],[15695]
11461,[250],[15819]
11462,[250],[15889]
11463,[250],[17510]
11464,[250 251],[17875 17875]
11465,[250],[17881]
11466,[250],[18023]
11467,[250],[18064]
11468,[250],[18496]
11469,[250],[19103]
11470,[250],[19328]
11471,[250],[19890]
11472,[250],[19927]
11473,[250],[20053]
11474,[251 251 251],[ 253 7592 7595]
11475,[251 251],[ 332 9951]
11476,[251],[567]
11477,[251 251 251],[1034 6467 6468]
11478,[251],[1150]
11479,[251],[1607]
11480,[251],[2025]
11481,[251 252 252],[ 2523  2523 10125]
11482,[251 251 252 253],[3076 6690 6690 6690]
11483,[251],[3326]
11484,[251],[4418]
11485,[251 252],[4909 4909]
11486,[251],[5531]
11487,[251],[6554]
11488,[251],[6682]
11489,[251],[7301]
11490,[251 252],[7634 7634]
11491,[251],[8742]
11492,[251 252 252 253 253],[8762 8761 8762 8761 8762]
11493,[251],[9187]
11494,[251],[9380]
11495,[251 252],[9432 9432]
11496,[251],[9564]
11497,"[251 252 253 254 254 254 254 254 254 254 254 255 255 255 255 255 255 255
 256 256 256 256 256 256 256 256 256 256 256 257 257 257 257 257 257 257
 257 257 257 257 257 258 258 258 258 258 258 258 258 258 259 259 259 259
 259 259 259 259 259 259 259 260 260 260 260 260 260 260 261 261 261 261
 261 261 261 258 259 259 260 261 261 261 261 262 262 262 262 262 262 262
 262 262 263 263 263 263 263 263 264 265 265 265 265 265 260 260 261 261
 262 262 263 263 264 264 264 265 265 265 266 266 266 266 266 266 266 266
 266 266 266 266 266 266 266 266 266 267 267 267 267 267 267 267 267 267
 267 267 267 267 267 267 267 267 267 267 267 267 267 267 267 268 268 268
 268 268 268 268 268 268 268 268 268 268 268 268 268 268 268 268 268 268
 268 268 268 268 268 268 268 268 268 268 268 268 268 268 268 268 268 268
 268 268 268 269 269 269 269 269 269 269 269 269 269 269 269 269 269 269
 269 269 269 269 269 269 269 269 269 269 269 269 269 269 269 269 269 269
 269 269 269 269 269 269 269 269 269 268 268 268 269 269 269 269 269 269
 269 269 269 267 268 268 269 269 269 269]","[9633 9633 9633  574 5245 9633 6892 6891 6890 9625 2356  574 9633 1267
 6891 6890 6892 9625  574 5247 9633 2357 5248 9626 9625 1268 6890 6891
 1267 1267 3187 6891 1268 6890 9625 9626 2357 9624 5247 2359 9633 1267
 6891 1268 9625 9626 2357 2359 9632 9633 1267 6891 1268 9625 2356 9626
 9624 2357 2359 9632 9633 1267 6891 1268 9625 9626 2359 9633 1268 6891
 9625 6889 2356 9624 9633 5249 2358 5249 2358 2357 5247 5248 2358 1267
 6891 1268 6892 5245 5246 5247 2357 9633 1268 5245 5246 6891 6892 9633
 9633  574 5249 6893 9633 2359 7799 9631 7799 9631 7799 9631 7799 9631
 1697 7799 9631 7799 9631 3187  574 5247 5249 6893 9633 2357 2358 1269
 6892 9632 2359 9626 3188 9631 1267 3187 6889  574 5245 5247 5249 6893
 9633 1268 6892 2357 2358 1269 9632 2359 6891 3188 9626 9630 9631 1267
 3187 7797 3182 7796 6882  139 3182 7797 9630 1262 3183 7796 1695 9629
 2358 6882 7795 6883 3786 5248 5249 1263 6881 1694 5230 2357 5247  574
 5231 9607  572 5246 9626 5245 9633 1268 9624 6892 2359 9632 6890 6891
 3188 5251 9631 1267 3187  139 3182 7797 9630 1262 3183 7796 1695 9629
 2358 6880 6882 7795 6883 3785 3786 5248 5249  300 6881 1263 1694 2357
 5247  574 5229 9607 5246 9626 5245 9633 2350 5228 1268 9625 9624 6892
 2359 9605 6890 6891 1267 5233 9611 9616  572 5232 5234 6885 5233 9616
 9610 9611 9612 7798 1696 7798 1696 7798 7799 9631]"
11498,"[251 251 252 252 253 253 253 253 253 253 254 254 254 254 254 254 254 254
 251 252 252 253 252 252 252 253 253 253 253 253 253 253 253 254 254 254
 254 254 254 254 254 254 254 254 254 254 254 254 254 254 254 254 254 254
 254 254 254 254 255 255 255 255 255 255 255 255 255 255 255 255 255 255
 255 255 255 255 255 255 255 255 255 255 255 255 255 255 256 256 256 256
 256 256 256 256 256 256 256 256 256 253 253 253 253 253 254 254 254 254
 254 254 254 254 254 254 254 254 254 254 254 255 255 255 255 255 255 255
 255 255 255 255 255 255 255 255 255 256 256 256 256 256 256 256 256 256
 256 256 256 256 257 257 257 257 257 257 257 257 257 257 257 257 257 257
 257 257 257 257 257 257 257 257 258 258 258 258 258 258 258 258 258 258
 258 258 258 258 258 258 258 258 258 258 258 258 258 258 258 258 258 258
 258 258 258 259 259 259 259 259 259 259 259 259 259 259 259 259 259 259
 259 259 259 259 259 259 259 259 259 259 259 260 260 260 260 260 260 260
 260 260 260 260 260 260 260 260 260 260 260 260 260 260 258 259 260 260
 260 261 261 261 261 261 261 261 261 261 261 261 261 261 261 261 261 261
 261 261 261 261 261 261 261 262 262 262 262 262 262 262 262 262 262 262
 262 262 263 263 263 263 263 263 263 263 264 264 264 264 264 264 265 265
 265 265 265 265 265 265 265 266 266 266 266 266 266 266 266 267 267 267
 267 267 267 267 267 267 267 267 267 267 267 267 267 267 268 268 268 268
 268 268 268 268 268 268 268 268 268 268 268 268 268 268 268 268 268 269
 269 269 269 269 269 269 269 269 269 269 269 269 269 269 269 269 269 269
 269 269 269 269 269]","[10278 12998 10278 12998 10278 12998 18825 11078 16354 10598 10278 18825
 18826 12243 20053 20054 11078 16354 11667 11667 17414 11667 11668 13588
 20450 11668 20450 15975 20451 12792 12034 18262 13586 10402 13584 13586
 13588 18262 11664 13585 11666 13587 11668 20449 17414 17415 17416 20450
 12792 15975 11667 10878 20451 15973 15958 20454 14186 14187 10878 15954
 15956 17416 20451 11667 15955 17415 20450 17413 17414 15975 20449 17412
 12792 17411 15973 13585 11664 18261 14187 14186 14184 16354 11078 12243
 18825 18826 10878 15954 15956 17416 12785 20450 15975 12792 11078 12998
 17411 17412 17413 13120 13121 16575 20421 16573 10321 13121 20412 20421
 13120 20422 12783 16575 15952 15951 16574 14556 14557 20415 20418 10321
 13119 20412 12780 20419 12782 15950 20418 20417 12783 20415 12781 15952
 20423 16577 14557 10321 20412 20420 20419 20418 20417 10673 14559 20424
 12784 20423 15952 15951 10878 15954 15956 15958 20451 12785 20450 20426
 15975 12784 20424 20425 17413 17412 17411 11078 12998 14559 20412 20418
 11664 12033 10673 14559 16577 20424 20423 12784 20426 15952 15953 20425
 12785 15955 10877 17413 11667 17412 17414 11666 17411 17410 11664 18260
 12033 14187 14186 14184 16354 11078 12998 10878 20450 10673 14559 14561
 20427 12785 20426 15955 12784 20425 15953 20423 17413 10877 17412 15947
 17411 13585 17410 11664 18260 12033 14187 14186 14184 16353 12998 10877
 15951 15953 17412 17413 15952 11666 17411 20423 13585 16577 11664 18260
 12033 14186 14184 16353 12998 14561 20427 15955 15965 15965 12034 20438
 15965 10877 15951 17412 17413 15952 11666 17411 17414 20422 20423 13585
 16577 11664 18260 18261 14187 12034 14186 20437 20438 14184 15965 16353
 20427 11664 13585 18260 18261 11666 14187 17414 14186 14184 16353 15952
 20423 15965 11664 13585 11666 17414 14184 14186 16353 14187 12033 14186
 14187 18260 14184 18261 11664 13585 18260 18261 12033 14187 12034 14186
 14184 11664 13585 17410 18260 11666 12033 14186 14184 11664 13584 13585
 17408 17410 18260 18261 17411 11665 12033 14187 12034 14186 14184 16353
 12997 15946 12033 14186 14187 18258 14184 12034 18256 18257 16353 16354
 20437 20438 15944 12788 15946 17409 17408 17410 15948 15949 15951 10597
 15944 15946 17409 18256 20416 11665 18258 15948 15947 18257 15949 10598
 14184 14186 14188 16354 16353 14187 12034 11078 16352 20438 15965]"
11499,[251 251 251 251 252],[10294 13052 11132 16454 13052]
11500,[251 252],[10878 10878]
11501,[251 252],[10983 10983]
11502,[251],[11234]
11503,[251 252 252 253],[11370 11370 17850 11370]
11504,"[251 251 251 251 251 251 252 252 252 252 252 252 253 253 253 253 253 254
 254 254 254 255]","[11526 19926 15531 19920 15533 15532 11525 15532 17161 11526 19926 11948
 11525 15532 17161 11526 19926 11526 17162 19926 15532 19926]"
11505,[251 251 252 252 252 253],[11864 17865 11864 17865 17864 17865]
11506,[251],[11975]
11507,[251 251 252 252 252 253 253 254 255],[11981 14099 10567 14099 18734 10567 14099 14099 14099]
11508,[251 252 253 253 253 254 254 255 256],[12006 12006 12006 18198 20276 18198 20276 20276 20276]
11509,[251 251],[12393 19261]
11510,[251],[12601]
11511,[251 252 253],[13227 13227 13227]
11512,[251 251 251 251 251 251 252 252 252 252 252 252 252 252 252],"[13245 13246 13247 17788 13248 19227 12381 14959 19226 19227 19228 13249
 13247 13248 13245]"
11513,[251],[13915]
11514,[251],[13984]
11515,[251],[14089]
11516,[251 252 252 253],[14136 14136 18190 14136]
11517,[251],[14224]
11518,[251 251 252 252 252 252 253 253],[14875 14878 14875 14876 19124 14878 14875 19124]
11519,[251 252],[15017 15017]
11520,[251],[15451]
11521,[251],[15512]
11522,[251 251 251 251 252 252],[15951 15952 20423 16577 14557 16577]
11523,[251 251 251 251 252],[16673 16674 16795 19186 19186]
11524,[251],[17375]
11525,[251],[18492]
11526,[251 252],[18622 18622]
11527,[251 252 253 254],[18638 18638 18638 18638]
11528,[251 252 253 254 255],[18677 18677 18677 18677 18677]
11529,[251],[19822]
11530,[251 251 252 252 252 252],[20261 20262 11225 20261 20262 20264]
11531,[252],[24]
11532,"[252 252 252 252 252 252 253 253 253 253 253 253 253 253 253 254 254 254
 254 254 254 254 254 255 255 256 256 256]","[ 114 3025 9059 9058 9067 3628  114 3025 7577 9059 9068 1601 9058 9067
 3628  114 3025 7577 1601 9058 3628 2165 9066 1105 3025  114 3025 1105]"
11533,[252],[334]
11534,"[252 252 252 252 253 253 253 253 253 254 254 254 254 254 254 254 254 255
 255 255 255 255 255 255 255 255 255 255 255 255 255 255 255 255 255 255
 255 256 256 256 256 256 256 256 256 256 256 256 256 256 256 256 256 256
 256 256 256 256 256 256 256 256 256 256 257 257 257 257 257 257 257 257
 257 257 257 257 257 257 257 257 257 257 257 257 257 257 257 257 257 257
 257 257 257 257 257 257 257 257 257 257 257 257 257 257 257 257 257 258
 258 258 258 258 258 258 258 258 258 258 258 258 258 258 258 258 258 258
 258 258 258 258 258 258 258 258 258 258 258 258 258 258 258 258 258 258
 258 258 258 258 258 257 258 258 258 259 259 259 259 259 259 259 259 259
 259 259 259 259 259 259 259 259 259 259 259 259 259 259 259 259 259 259
 259 259 259 259 259 259 259 259 259 259 259 259 259 259 259 259 259 259
 259 259 260 260 260 260 260 260 260 260 260 260 260 260 260 260 260 260
 260 260 260 260 260 260 260 260 260 260 260 260 260 260 260 260 260 260
 260 260 261 261 261 261 261 261 261 261 261 261 261 261 261 261 261 261
 261 261 261 261 261 261 261 261 261 261 262 262 262 262 262 262 262 262
 262 262 262 262 262 262 262 262 262 262 262 262 262 262 262 262 262 262
 263 263 263 263 263 263 263 263 263 263 263 263 263 263 263 263 263 263
 263 263 263 263 263 263 263 263 263 263 263 263 263 263 263 263 264 264
 264 264 264 264 264 264 264 264 264 264 264 264 264 264 264 264 264 264
 264 264 264 264 264 264 264 264 264 264 264 264 264 264 264 264 264 264
 264 264 265 265 265 265 265 265 265 265 265 265 265 265 265 265 265 265
 265 265 265 265 265 265 265 265 265 265 265 265 265 265 265 265 265 265
 266 266 266 266 266 266 266 266 266 266 266 266 266 266 266 266 266 266
 266 266 266 266 266 266 266 267 267 267 267 267 267 267 267 267 267 267
 267 267 267 267 267 267 267 268 268 268 268 268 268 268 268 268 268 268
 268 268 268 268 268 268 268 268 268 268 268 268 268 269 269 269 269 269
 269 269 269 269 269 269 269 269 269 269 269]","[ 760 5978 8322 8323  760 5978 8322 8323 4183  760 5978 8323 1883 8269
 8270 1903 8320  760 5976 8323 1883 4183 8267 4140 8269 1903 8270 1884
 8320 4972 8271 8319 8274 4179 8275 8276 3097 1883 4139 4140 4183 8267
 8269 8323 4182 1885 8270 1903 8322 1884 8271 8273 4972 8320 8274 1886
 1902 8319 8275 4144 4145 4179 8276 3097  280 5976 5977 8318 8321  760
 5978 8322 8320 1903 8323 4183 8319 4182 1883 8267 4139 4140 8269 4141
 1885 8270 1884 8272 8271 8273 4972 4143 8274 1886 4142 4144 8275 4145
 8276 3097 3099 7673 7672 7674 1642 8286 3698  280 5976 5977 8318 8321
  760 8322 8320 1903 8323 4183 4182 1883 8267 4139 4140 8269 4141 1885
 8270 1884 8272 8271 8273 4143 8274 1886 4142 4144 8275 4145 1177 8276
 3097 1642 3698 7672 7674 8287 7673 8286 1643 4178 4178 3701 7677   60
 3097 7672 7673 8276 1642 7674 1643 4145 8275 3698 1886 4144 8274 1644
 4143 8273 4142 8271 7677  900 8272 1885 6230 8270 3701 4141 4140 1884
 8269  395 4139 1883 8267 4182 4183 8323 2680 1903 8322  760 8320 8321
 5976 1902 8318 4178   60 3097 7672 7673 1177 8276 1642 7674 8275 4145
 3698 1886 8274 4143 8273 8271  900 4142 8272 1885 8270 6230 4141 4140
 8269 4139 1883 8267 4183 8323 2680 8322  760 8321 5978 8318  760 2680
 5978 8322 8323 8267 1903 4183 8321 1883 8269 4182 4139 4140 8270 1885
 8271 8273 8274 1886 4143 8275 1177 8276 1642 7673  760 2680 5976 5978
 8322 8323 8267 4183 1883 8269 4139 4140 8270 4141 1885 8271 8272 8273
 8274 4143 1886 8275 1177 8276 3097 7672  760 2680 5976 5978 8322 8323
 8267 8321 1903 4183 1883 8269 8320 4182 4139 4140 1884 8270 4141 1885
 8271 8273 8274 1886 8275 4145 1177 8276 3097 3099 7673 1643 7672 8286
  760 2680 5976 8322 8323 8267 8321 1903 4183 1883 8269 8320 4182 4139
 4140 1884 8270 4141 1885 4972 8271 8272 8273 8274 4143 1886 8275 4145
 1177 8276 3097 3099 7673 1643 7672 7674 7675 8286 3698 1644  760 5976
 8322 8323 8321 1903 4183 1883 8267 8318 8320 4182 4139 4140 8269 4141
 1885 8270 1884 8272 8271 8273 4143 8274 1886 8275 1177 8276 3097 3099
 1644 3698 7674 7672  760 5976 5978 8322 8323 8321 1903 4183 1883 8267
 4139 4140 8269 4141 1885 8270 8272 8271 8273 4143 8274 1886 8275 8276
 7674  760 5976 5978 8322 8323 1903 4183 1883 8267 4139 4140 8269 1885
 8270 8273 1177 8276 4145  760 2680 8322 8323 8267 1903 4183 8321 1883
 8269 4139 4140 8270 4141 1885 8271 8272 8273 8274 1886 8275 8276 3097
 3099  760 5976 5978 8322 8323 4183 1883 8267 4140 8269 1885 8270 8273
 1177 8275 3099]"
11535,[252 252],[1052 2972]
11536,[252 253 253 254 254 254 254 255 255],[ 2489  2489 10026  2489  5579  2490 10026  2489 10026]
11537,[259 259 259],[1475 3419 3432]
11538,[252 253],[4096 4096]
11539,[252],[4188]
11540,[252],[4219]
11541,[252],[5078]
11542,[252 253 254 254],[5931 5931  255 5931]
11543,[252],[6016]
11544,[252],[6556]
11545,[252],[7064]
11546,[252],[7275]
11547,[252 253],[8746 8746]
11548,[252 253 254 255],[9641 9641 9641 9641]
11549,[252],[9662]
11550,[252],[10423]
11551,[252 253 253 253],[10558 10558 14069 16283]
11552,[252],[10672]
11553,[252],[11824]
11554,[252],[12181]
11555,[252 252 252],[12405 15014 19294]
11556,"[252 253 253 253 253 253 253 253 253 253 254 254 254 254 254 254 254 254
 254 254 255 255 256 256 256]","[13565 11645 13565 20368 20369 20370 11652 15909 15910 15890 12766 20369
 20370 20371 20368 20373 15910 12767 15890 15889 12767 20373 12767 15910
 20372]"
11557,[252],[13822]
11558,[252],[14911]
11559,[252],[14962]
11560,[252],[14972]
11561,[252],[15163]
11562,[252],[15354]
11563,[252 253],[15551 15551]
11564,[252],[15673]
11565,[252 253 253],[15818 11621 15818]
11566,[252],[16859]
11567,[252 253],[17508 17508]
11568,[252],[17748]
11569,[252],[18150]
11570,[252],[18469]
11571,[252],[19382]
11572,"[252 253 254 254 254 254 254 255 256 256 256 256 253 254 255 255 255 256
 257 257 257 257 257 257 257 257 257 257 257 257 257 257 258 258 258 258
 258 258 258 258 258 258 258 258 259 259 259 259 259 259 259 259 259 259
 259 259 259 260 260]","[19729 19729 19729 19730 19733 19734 19735 19729 14585 19729 19730 19733
 14589 14589 12223 18773 14589 12223 11210 13130 13131 16592 19734 19735
 19736 16593 19733 14587 18772 12223 14585 14589 10679 14585 14587 16593
 19729 18772 14589 14588 11210 13130 19734 19735 10679 14585 14587 16593
 19733 19729 12223 18772 19734 14589 11210 19735 14588 12223 14589]"
11573,[252 253],[20148 20148]
11574,[253],[1267]
11575,[253],[1400]
11576,[253 253],[1885 4140]
11577,[253 254 255],[1939 1939 1939]
11578,[253 253 253 253 254 254 255 255 256],[2050 4501 8721 4502 2050 8721 2050 8721 2050]
11579,[253],[2466]
11580,[253],[2467]
11581,[253],[2511]
11582,[253 253 253 253 253 253 254 254],[ 2512  5635 10092 10094  7124 10095 10094 10095]
11583,[253],[2973]
11584,[253 254],[3054 3054]
11585,[253],[3071]
11586,[253 253 253 254 254],[3787 3788 7800 3787 3788]
11587,[253 253],[3875 3877]
11588,[253],[3926]
11589,[253 254 254],[4244  416 4244]
11590,[253],[4391]
11591,[253],[4523]
11592,[253],[4758]
11593,[253],[5249]
11594,[253 253],[5531 5533]
11595,[253],[5639]
11596,[253 254],[7573 7573]
11597,[253],[8589]
11598,[253],[9813]
11599,[253],[9965]
11600,[253],[10054]
11601,[253 253 253 253],[10597 17409 20416 15948]
11602,[253],[11257]
11603,[253],[11402]
11604,[253],[12146]
11605,[253],[12407]
11606,[258 258 259],[12782 20418 12782]
11607,[253 253 253 254],[13154 13197 13195 13195]
11608,[253 254 255 255 256],[14195 14195 14194 14195 14195]
11609,[253 253 254 254 254 255],[15161 15162 15160 15161 15162 15161]
11610,[253],[15404]
11611,[253 254],[15883 15883]
11612,[253],[16030]
11613,[253 254],[16831 16831]
11614,[253],[17336]
11615,[253],[17412]
11616,[253],[17496]
11617,[253],[17512]
11618,[253 253],[18302 18303]
11619,[253],[18702]
11620,[253],[19169]
11621,[253 254],[19763 19763]
11622,[253],[19877]
11623,[253],[20279]
11624,[253],[20352]
11625,"[254 254 254 254 254 254 255 255 255 255 255 256 254 255 255 255 255 254
 255 255 255 256 256 256 256 256 257 257 257 257 257 257 257 257 257 257
 257 257 257 257 257 257 257 257 257 257 257 257 256 257 257 257 257 257
 257 257 257 257 257 257 258 258 258 258 258 258 258 258 258 258 258 258
 258 258 258 258 258 258 258 258 258 258 258 258 258 258 258 258 258 258
 258 258 258 258 258 258 258 258 258 258 258 258 258 258 258 258 258 258
 259 259 259 259 259 259 259 259 259 259 259 259 259 259 259 259 259 259
 259 259 259 259 259 259 259 259 259 259 259 259 259 259 259 259 259 259
 259 259 259 259 259 259 259 259 259 259 259 259 259 259 260 260 260 260
 260 260 260 260 260 260 260 260 260 260 260 260 260 260 260 260 260 260
 260 260 260 260 260 260 260 260 260 260 260 260 260 260 260 260 260 260
 260 260 261 261 261 261 261 261 261 261 261 261 261 261 261 261 261 261
 261 261 261 261 261 262 262 262 262 262 262 262 262 262 263 263]","[ 139 3182 7797 9630 1262 7796  139 3182 7797 9630 7796  139 5228 1261
 9605 5228 5227 9607 1263 6881 9607 2350 5228 9607 5227 1694  139 3182
 7797 9630 1262 3183 7796 6880 6882 6883 3785  300 6881 7794 1263 1694
 5227 5229 9607 5228 2350 9605 2348 2348 5225 2349 9611 2352 5233 5234
 5235 9613 5232 6885  139 3182 7797 9630 1262 3183 7796 1695 6880 6882
 7795 6883 3785  300 6881 7794 1263 5230 5227 5229 9607 5231  572 5232
 5228 2350 5234 5236 6885 5233 9605 2352 5235 2353 9616 9610 9611 9613
 9614 9617 5238 2349 5226 5225 2348 9601 9599 9596  300 5227 5229 6880
 6881 7794 5228 2350 9607 1262 6882 7795 1263 9605 5231 3182 3183 7796
 6883 5232 7797 1695  572 5233 5234 5236 6885 2352 9610 9611 5235 2353
 9616 1265 9612 9613 2349 5226 9614 9617 5238 5225 2348 9601 9599 9600
 9597 9596 2346 9595  300 5229 6880 6881 7794 2350 5228 9607 1262 6882
 7795 1263 9605 3182 3183 7796 6883 7797 1695  572 5232 5234 5236 6885
 5233 2352 5235 2353 9616 1265 9610 9611 9614 9617 5238 5226 5225 2348
 9599 9600 9597 9596  300 5229 6881 2350 5228  572 5232 6885 1265 9616
 5237 5238 9617 9615 9614 2352 3182 7796 7797 7795 9596 1265 6885 9616
 2350 5228 3182 7796 9614 9615 2350 3182]"
11626,[254 254 254 254 255 255 255 255 256 256],[ 332 9951 2465 9952  332 9951 2465 5518  332 2465]
11627,[262 263 264],[462 462 462]
11628,[254 254 254 255 255 255 256],[ 572 5232 5234  572 5232 6885  572]
11629,[254],[746]
11630,[254 254 255],[ 982 8577 8577]
11631,[254 254 254 254 255],[ 1383  7097 10038 10040 10038]
11632,[254 254 255 255],[1782 3930 1783 3930]
11633,[254 255 256 256 256 257 258 259],[1864 1864 1864 8212 2657 1864 1864 1864]
11634,"[254 255 255 255 256 256 257 257 258 258 258 258 258 259 259 259 259 259
 259 259 259 260 260 260 260 260 261 261]","[3072 3071 3072 6681 1152 6681 1152 6681 1150 3071 3072 6681 9231  120
 3070 3072 3074 9230 1150 3071 9231 1152 3071 3073 3074 9231 3071 3072]"
11635,[254],[3683]
11636,[254 254],[6692 6693]
11637,[254 255 255 255],[6950 1302 6951 6950]
11638,[254],[7274]
11639,[254],[7438]
11640,[254 254 255],[7791 7794 7794]
11641,[254 255 255 256 256 256 257 257],[7799 7799 7800 7799 7800 9631 7799 9631]
11642,[254 255],[8211 8211]
11643,[254],[8229]
11644,[254],[8955]
11645,[254],[9424]
11646,[254],[9816]
11647,[254],[10339]
11648,[254 254 254 255],[10403 13596 18273 13596]
11649,[254 254 255],[10527 15336 15336]
11650,[254 254 254],[10590 16340 20355]
11651,[254],[10668]
11652,[254],[11346]
11653,"[254 255 255 255 255 256 257 257 257 257 257 258 258 258 258 258 258 258
 258 258 259 259 259 259 259 259 259 259 259 259 259 259 259 259 259 259
 260 260 260 260 261 261 261 262 262 262 262 262 262 263 263 264]","[11455 11455 15322 15324 15191 15324 11455 15323 17033 17035 15324 12530
 15323 15325 19667 19666 17033 17034 17035 10773 10773 15191 15193 15322
 15324 15192 15325 12479 11455 15323 12530 17033 17034 19666 19667 15321
 15322 15324 17034 19667 15324 11455 17033 11455 15322 15323 17033 15324
 15191 11455 15324 11455]"
11654,[254],[11545]
11655,[254 255],[11965 11965]
11656,[254],[12391]
11657,[254 255 255 255 256 256 257 257 257],[12436 12436 15090 19385 12436 15090 12436 15090 19385]
11658,"[254 255 255 255 255 255 256 256 256 256 256 256 257 257 257 257 257 257
 257 258 258 258 258 258 259 259 259 259 259 259 260 260 260 260 260 260
 261 261 261 261 261 262 262 263]","[12601 12601 15493 15494 19877 15492 12601 15493 15494 19877 15492 18043
 11940 18043 15492 15493 15494 12601 19877 12601 15493 15494 19877 15492
 12601 15493 15494 19876 19877 15492 12601 15493 15494 19876 19877 15492
 12601 15493 15494 19877 15492 12601 19877 19877]"
11659,[254],[12729]
11660,[254],[13434]
11661,[254],[14347]
11662,[254],[14587]
11663,[254 255 255 256 257 258 259],[15333 15331 15333 15333 15333 15333 15333]
11664,[254],[15496]
11665,[254],[16022]
11666,[254],[16060]
11667,[254],[16427]
11668,[254],[16677]
11669,[254],[17063]
11670,[254 255],[17258 17258]
11671,[254],[18257]
11672,[254],[18419]
11673,[254],[18507]
11674,[254 255],[19298 19298]
11675,[254],[19336]
11676,[255 255 255],[  22 2660  740]
11677,[255],[659]
11678,[255],[1123]
11679,"[255 255 256 257 257 257 257 257 258 258 258 258 258 258 258 258 258 258
 258 259]","[2286 5078 2286 2283 9419 2286 5078 9409  291 3752 5997 9408  771 9409
 2690 9410 2283 9419 2286 9419]"
11680,[255],[2491]
11681,[255],[2656]
11682,[255],[3637]
11683,[255],[3640]
11684,[255 255 256],[4719 4720 4719]
11685,[255 255],[4722 8990]
11686,[255],[4777]
11687,[255 255 255 256 256 256 256 257],[4967 4969 4971 2245 4971 4969 4967 4969]
11688,[255 256],[6723 6723]
11689,[255],[8446]
11690,[255],[8954]
11691,[255],[9068]
11692,[255],[9070]
11693,[255 256 256 256],[9468 1224 3143 9468]
11694,[255],[10543]
11695,"[255 256 256 256 257 257 257 257 258 258 258 258 255 256 257 257 258 258
 258 259 259 259 259 259 259 259 259 259 259 259 260 260 260 260 260 260
 260 260 260 260 260 260 260 260 260 261 261 261 261 261 261 261 261 261
 261 262 262 262]","[10881 10881 17430 15982 10881 15983 17430 15982 10881 15983 17430 15982
 16305 16305 16305 11051 11051 12970 16305 10881 15983 17430 15982 11676
 20458 20459 11051 12971 20457 12970 10881 15983 17430 15982 11676 12795
 20458 20459 13596 20456 20457 11051 12971 12970 12969 10881 15983 17430
 15982 11676 12795 20458 20457 12971 12969 11676 13596 20457]"
11696,[255 255],[12366 19179]
11697,[255],[12370]
11698,[255 255 256],[12576 15438 12576]
11699,[255],[12908]
11700,[255],[13196]
11701,[255 256],[13266 13266]
11702,[255],[13482]
11703,[255],[13852]
11704,[255],[14069]
11705,[255],[14202]
11706,"[255 256 256 256 257 257 257 257 258 258 258 258 259 259 259 259 260 260
 260 261 261 261 261 261 261 262 262 262 263 264 264 264 265 265 265 265
 265 265 265 266 266 266 266 266 266 266 266 266 267 267 267 267 267 267
 267 267 268 268 268 268 268 268 268 269 269 269 269 269 269 269]","[15005 12402 15005 15004 12402 15005 15006 15004 12402 15005 15006 15004
 12402 15005 15006 15004 12402 15005 15004 12401 15003 15004 15005 15006
 12402 15004 15005 19284 15005 12402 15005 15004 12400 15003 19280 12401
 15004 15005 12402 10746 16838 19280 12400 15003 12401 15004 15005 12402
 10746 19280 12400 15003 12401 15004 15005 12402 12400 15003 19280 12401
 15004 15005 12402 12400 15002 15003 19280 15004 12401 15005]"
11707,[255],[15497]
11708,[255],[15654]
11709,[255],[15884]
11710,[255],[16480]
11711,[255],[16860]
11712,[255],[16892]
11713,[255],[17065]
11714,[255],[17973]
11715,[255],[18058]
11716,[255 255 256 256],[18189 20251 18189 20251]
11717,[255],[18230]
11718,[255],[18499]
11719,[255 256 257],[20255 20255 20255]
11720,[255 256 257 258 258 258 259 260 260 260 261 262 262 263 263 264 264 265],"[20363 20363 20363 17382 20362 20363 20362 10592 17382 20362 17382 17382
 20362 17382 20362 17382 20362 20362]"
11721,[255 256 256 257 257],[20438 12034 20438 20437 20438]
11722,[256 256 257 257 258 258],[ 367 3987  367 3987  367 3987]
11723,[256],[874]
11724,[260 260 260 260 260 260 260 261 261],[  24 2655 2665 2667 8211 8266  747 2665 8211]
11725,"[256 256 256 257 257 257 257 257 257 257 257 257 257 257 257 257 257 258
 258 258 258 258 258 258 258 258 258 258 258 258 258 258 258 258 258 259
 259 259 259 259 259 259 259 259 259 259 259 259 259 259 259 259 259 260
 260 260 260 260 260]","[1633 3681 7657 1632 3681 1633 3682 3683 1635 7656 7657 3686 5954 1636
  746 3678 7646  267 3678 3682 3684 5953 5954  746 1633 3681 3683 1635
 7656 7646 7650 1632 7657 3686 1636  267 3678 3680 3682 5953 5954  746
 3679 1632 3681 1633 3683 7656 7646 1635 3686 7657 1636  267 3680 3682
 3681  746 7646]"
11726,[256 256],[1870 4111]
11727,[256],[2281]
11728,"[256 257 257 257 258 258 258 258 258 258 258 258 258 258 259 259 259 259
 259 259 259 259 259 259 259 259 259 259 259 259 259 259 260 260 260 260
 260 260 260 260 261 261 261 261 262 262 262 262 262 262 263 263 263 263
 263 263 263 264 264 264]","[2426 2426 5418 5419 2426 5418 5419 5420 9833 9834 9835 9836 9755 2610
    7 2609 2611 9755  689 2610 9836 5849 9835 5420 5848 2426 9834 5419
 5418 9833 5417 2425 2426 5418 5419 5420 9833 9834 9835 9755 2426 5418
 5420 9833 2426 5418 5420 9833 9835 9832 2426 5418 5420 9833 9835 9832
 9836 2426 5420 9835]"
11729,[256],[3074]
11730,[256],[3662]
11731,[256 256 256],[4692 8953 6558]
11732,[256 257 257 258 259],[4841 4841 6651 6651 6651]
11733,[256],[5630]
11734,[256],[7325]
11735,[256],[9067]
11736,[256 257],[9424 9424]
11737,[256],[9440]
11738,[256],[9923]
11739,[256],[10113]
11740,[256],[10697]
11741,[256 256],[11076 20024]
11742,[256],[11147]
11743,[256 257 257 258],[11275 11275 13196 11275]
11744,[256],[12828]
11745,"[256 256 257 257 258 258 258 258 259 259 259 260 260 260 261 261 261 261
 261 261 262 262 262 262 262 262 262 262 262 262 263 263 263 263 263 263
 263 263 263 263 263 263 264 264 264 264 264 264 264 264 264 264 264 264
 264 264 264 265 265 265 265 265 265 265 265 265 265 265 265 265 265 265
 265 266 266 266 266 266 266 266 266 266 266 266 266 267 267 267 267 267
 267 267 267 267 267 268 268 268 268 268 268 268 268 268 268 267 268 268
 268 268 268 269 269 269 269 269 269 269 269 269 269 269 269 269 269 269
 269 269]","[13541 17332 13541 17332 11622 13541 17332 17331 11620 13541 17332 11620
 13541 17332 11620 17330 17332 17331 17333 20263 11620 13541 17329 17330
 17332 17333 17331 11621 15819 20264 11620 13539 13541 17329 17330 17332
 13542 17333 17331 11621 15819 20264 11620 13539 13540 13541 17329 17330
 17332 13542 17333 17331 11621 15818 20263 20264 20262 11620 13539 13540
 13541 17329 17330 17332 13542 11622 17333 17331 11621 15818 20263 12730
 20262 11620 13539 13540 13541 17329 17330 17328 13542 17331 11621 20263
 15818 11620 13539 13540 13541 17329 17330 17332 17328 17331 15818 11620
 13539 13540 13541 17329 17330 17332 17331 11621 15818 20255 17326 17327
 20254 20255 20256 11620 13539 13540 13541 17329 17330 17332 17328 17333
 11621 17326 17327 15818 18196 20254 20255 20256]"
11746,[256],[13570]
11747,[256],[14911]
11748,[256],[15028]
11749,[256 257 257 257 258 259],[15082 15081 15082 16890 16890 16890]
11750,[256],[15499]
11751,[256 256],[15640 20051]
11752,[256],[15876]
11753,[256],[16893]
11754,[256 257],[17409 17409]
11755,[256 257],[17642 17642]
11756,[256],[17645]
11757,[256 257 257 257 258 258 259 259 259 260 260 261 261 262 262 263],"[19100 10247 12829 19100 18937 19100 12829 18937 19100 18937 19100 18937
 19100 18937 19100 19100]"
11758,[256 257 258],[19258 19258 19258]
11759,[256],[19851]
11760,[257 257 257 257 258 258 258 258 258],[ 266 6692 6693 6694  266 6692 6693 7645 6694]
11761,[257],[363]
11762,[257],[495]
11763,"[257 257 257 257 257 257 258 258 258 258 258 258 258 258 258 258 258 259
 259 259 259 259 259 259 259 259 260 260 260 260 260 260 260 260 260 260]","[ 1398  7124 10090 10091  5629 10092   625  5629  5631  7124 10092  5630
  1398 10091  2512 10090  1775   625  5629  5631  7124 10092  5630 10091
  2512  5635   625  5629  5631  5633  7124 10095 10091 10094  2512  5638]"
11764,[257],[1929]
11765,"[257 257 257 257 257 257 257 258 258 258 258 258 258 258 258 258 258 259
 259 259 259 259 259 259 259 260 260]","[2003 4391 8587 8589 8590 7175 7177  447 4391 9813 2003 8588 8586 8587
 8589 8590 7175  447 4391 9813 2003 9815 8586 8587 8585 4391 9813]"
11766,[257 257 258],[2943 8080 8080]
11767,[257],[3644]
11768,[257],[4006]
11769,[257],[4356]
11770,[257],[5395]
11771,"[257 258 258 258 258 259 259 259 259 259 259 259 259 259 259 258 259 259
 259 259 259 259 259 259 259 259 260 260 260 260 260 260 260 260 260 260
 260 260]","[ 5641  2514  5641  5639   991   991  6390 10099  2514 10098  5640 10097
  2513  5639 10096   987   450  4406  6387  2009   989  6386  2908   987
  7410  1531    91  2911  7411 10089   991 10099  1531 10088 10097  6390
  2514  5640]"
11772,[257 258],[5931 5931]
11773,[257 258],[7280 7280]
11774,[257],[8233]
11775,[257 258 259 260],[8575 8575 8575 8575]
11776,[257],[9142]
11777,[257 258 259 260 260 261 261 262 263],[9641 9641 9641 9640 9641 9640 9641 9641 9641]
11778,[257 257 257 257 257 257 258 258 258 258 258 258 259 259 259 260 260],"[10365 13331 13372 11452 17965 17964 10365 17903 11879 17965 11452 17964
 10365 11452 17965 11452 17964]"
11779,[257],[10813]
11780,[257],[11521]
11781,[257 257 257 257 258 258 258 259 259 260 260],[11560 15638 17222 17223 11560 15638 17223 11560 15637 11560 15638]
11782,[257],[11824]
11783,[257 258],[12246 12246]
11784,[257],[12783]
11785,[257],[13747]
11786,[257 258 258 258 258 258 258 258 259 259 259 259 259],"[13825 10958 12878 16138 13824 13825 17754 11816 11816 17751 13824 13825
 16138]"
11787,[257 257],[15193 16956]
11788,[257 258 259 260 261 262 263 264 265],[15338 15338 15338 15338 15338 15338 15338 15338 15338]
11789,[257 258],[15646 15646]
11790,[257 258 258 259],[15818 15818 15819 15819]
11791,[257],[15890]
11792,[257],[16037]
11793,[257],[16299]
11794,[257 258 259 259 259],[16892 16892 11377 16892 16893]
11795,[257 257 258],[17644 18836 18836]
11796,[257 257],[18273 18274]
11797,[257],[19277]
11798,[257 258 258 259 259],[20295 20268 20295 20294 20295]
11799,[257],[20352]
11800,[258 259 259 260],[ 293  293 6840  293]
11801,[260 260],[2908 6387]
11802,[258],[1086]
11803,[258],[1120]
11804,[258],[1626]
11805,[258 258],[2141 8991]
11806,[258],[2420]
11807,[258],[4100]
11808,[258 259],[4131 4131]
11809,[258],[4169]
11810,[258],[4853]
11811,[258],[4947]
11812,[258 259],[4999 4999]
11813,[258 259 259],[5187 5187 9551]
11814,[258],[5286]
11815,[258 259 259],[5803  663 5803]
11816,[258 258 259],[6034 6035 6035]
11817,[258],[6684]
11818,[258],[7084]
11819,[258],[7724]
11820,[258],[9120]
11821,[258],[9221]
11822,"[258 258 258 258 258 258 258 259 259 259 259 259 259 259 259 259 259 259
 260 260 260 260 260 260 260 260 260 260 260 260 260 260 260 261 261 261
 261 261 261 261 261 261 261 261 261 261 261 261 261 262 262 262 262 262
 262 262 262 262 262 262 263 263 263 263 263 263 263 263 263 264 264 264
 264 264 264 265 265 265 265 265]","[10350 13236 11316 16782 10732 16783 14899 10350 13236 11316 13237 16782
 10732 16783 14899 14900 12348 14878 10350 13236 17769 11316 16782 10732
 14899 14900 19154 12349 14878 14877 12348 19125 19123 10350 13236 17769
 11316 16782 10732 16783 14899 14901 14900 19154 12348 14877 19121 19122
 19123 10350 13236 17769 11316 16782 16784 10732 16783 14901 14903 14900
 10350 13236 17769 11316 13237 16782 10732 16783 14903 10350 10732 14901
 16782 16783 13237 10732 14901 16782 16783 13237]"
11823,[258 258 259 259],[10354 13266 10354 13266]
11824,"[258 258 258 258 258 258 259 259 259 259 259 259 259 259 259 259 259 259
 259 259 259]","[10446 14593 11760 14594 17622 14597 10446 14593 14595 16598 11760 14594
 12226 18781 16599 18779 18780 18782 14597 16600 11215]"
11825,[258 258 259 259 259],[10493 15020 10493 15020 17823]
11826,[258],[10584]
11827,"[258 258 258 258 258 258 258 259 259 259 259 259 259 259 259 259 260 260
 260 260 260 260 260]","[10801 15382 17072 17073 15383 17074 11477 10801 15382 17072 17073 17074
 11477 19749 17075 15389 10801 15382 17072 17073 17074 11477 17075]"
11828,[258],[12135]
11829,[258],[12225]
11830,[258 259 260 261],[12458 12458 12458 12458]
11831,[258],[12751]
11832,[258 259],[12781 12781]
11833,[258 258 258 259],[12983 12984 18794 18794]
11834,[258],[13134]
11835,[258 259 260 261],[13227 13227 13227 13227]
11836,[258],[13314]
11837,[258],[13442]
11838,[258],[13457]
11839,[258 259],[13471 13471]
11840,[258],[13755]
11841,[258 258 259 259 259 260 260],[13996 13997 13996 13997 17996 13996 13997]
11842,[258 259 260 260 261 262],[14099 14099 10567 14099 14099 14099]
11843,[258],[14195]
11844,[258 259],[14607 14607]
11845,[258 259 259 260 260 261 262 263],[15336 10527 15336 10527 15336 15336 15336 15336]
11846,[258],[15499]
11847,[258],[15640]
11848,[258],[15759]
11849,[258 258 259 259 259 260],[16444 18458 16443 16444 18458 18458]
11850,[258 259 260 261],[16764 16764 16764 16764]
11851,[258],[16922]
11852,[258 259],[17282 17282]
11853,[258],[17886]
11854,[258],[17894]
11855,[258 259 260 260 261],[18142 18142 18141 18142 18142]
11856,[258 258],[18216 18217]
11857,[258],[18496]
11858,[258],[18949]
11859,[258],[20055]
11860,[258],[20279]
11861,[259],[334]
11862,[259],[568]
11863,[259 259 259 259 259 259 259 259],[  839  2758  2759  2760  6117  6119  2761 10134]
11864,[259],[1084]
11865,[259],[1673]
11866,[259],[2030]
11867,[259],[2294]
11868,[259],[2418]
11869,[259],[3299]
11870,[259],[3332]
11871,[259],[3642]
11872,[259],[3925]
11873,[259 260],[4163 4163]
11874,"[259 260 261 262 263 263 264 264 264 265 265 265 266 266 266 267 267 267
 268 268 268 269 269 269]","[4379 4379 4379 4379 4377 4379 4377 4379 4380 4377 4379 4380 4377 4379
 4380 4377 4379 4380 4377 4379 4380 4377 4379 4380]"
11875,[259],[4383]
11876,[259],[4446]
11877,[259],[4918]
11878,[259 259],[5121 9475]
11879,[259 259 260],[5395 5397 5397]
11880,[259 259],[ 5645 10102]
11881,[259],[6099]
11882,[259 259],[6428 6430]
11883,[259],[6632]
11884,[259],[6742]
11885,[259],[7750]
11886,[259],[7765]
11887,[259 259],[7785 7786]
11888,[259],[8655]
11889,[259 260 260],[9186 9186 9187]
11890,[259],[9252]
11891,[259],[9930]
11892,[259],[10148]
11893,[259],[10362]
11894,[259 260 260 260],[10903 10903 12822 16041]
11895,[259],[11011]
11896,[259],[11663]
11897,[259],[12119]
11898,[259 260],[12355 12355]
11899,[259],[12885]
11900,[259 259 260],[13380 17043 13380]
11901,[259 259],[14162 14163]
11902,[259 260 261 261 262 262 263 263 264 265],[14168 14168 14166 14168 14166 14168 14166 14168 14168 14168]
11903,[259],[15495]
11904,[259],[15732]
11905,[259],[15840]
11906,[259 260],[16923 16923]
11907,[259 260 260 260 261 262 262 263],[17969 17967 17968 17969 17968 17968 17969 17969]
11908,[259],[19111]
11909,[259 260 260 261 261 261 262 262 262],[19280 10746 19280 10746 16838 19280 12400 19280 16838]
11910,[259],[20035]
11911,[259],[20258]
11912,[260],[332]
11913,[260],[440]
11914,[260 260 260 260 261 261 261 262 262 263],[ 831 2750 6103 2749  831 2750 6105  831 2750 2750]
11915,[260 261 261 262 262 262 262 262 262],[1135 1135 3054 3053 3054 8220 4101 4102 8227]
11916,[260],[1249]
11917,[260],[1934]
11918,[260],[2697]
11919,[260],[5115]
11920,[260 261],[5588 5588]
11921,[260],[6018]
11922,[260 261 261 261 262],[6202 4096 4097 6202 6202]
11923,[260],[6369]
11924,[260],[6397]
11925,[260],[6860]
11926,[260 260],[7280 7281]
11927,[260],[7469]
11928,[260],[7576]
11929,[260 260],[7637 7638]
11930,[260],[8155]
11931,[260],[8170]
11932,[260 261 261 262 262],[9058 2165 9058 2165 9058]
11933,[260 261 261 261 262 262 262],[9378 2272 5042 9378 2272 5042 9378]
11934,[260],[9594]
11935,[260],[10039]
11936,[260],[10053]
11937,[260 260 260 261 261 261 262 262 262],[10055 10056 10059 10055 10056 10059 10055 10056 10059]
11938,[260 260],[10458 17672]
11939,[260 260],[10597 17409]
11940,[260],[11625]
11941,[260 261 261 261 261 261 261 261 262 262 262 262 262 262 262 262],"[12031 11663 20414 12781 15945 20415 15946 12031 12781 15946 20415 20417
 17407 12782 20419 20420]"
11942,[260],[12552]
11943,[260],[12878]
11944,[260],[12886]
11945,[260 261 261],[14108 14108 14109]
11946,[260 260],[15028 19311]
11947,[260 261 262],[15438 15438 15438]
11948,[260],[15617]
11949,[260],[17879]
11950,[260 261],[18735 18735]
11951,[260 261],[19385 19385]
11952,[260],[20025]
11953,[261 262],[1084 1084]
11954,[261],[1696]
11955,[261 262],[1875 1875]
11956,[261],[2684]
11957,[261 262],[3199 3199]
11958,[261],[3605]
11959,[261],[4178]
11960,[261],[4839]
11961,[261],[4920]
11962,[261 261 262],[5081 9424 5081]
11963,[261],[5187]
11964,[261],[6468]
11965,[261],[7612]
11966,[261 262],[8081 8081]
11967,[261],[8215]
11968,[261],[9070]
11969,[261],[9475]
11970,[261],[9563]
11971,[261],[10426]
11972,[261],[10878]
11973,[261 261 261 261 262 262 262 262 263],[11147 14400 12134 18534 11147 14400 12134 18534 14400]
11974,[261],[11544]
11975,[261 262 262 262 263],[11566 11565 17233 11566 11566]
11976,[261 261],[11653 13573]
11977,[261 261],[11857 17850]
11978,[261],[12106]
11979,[261],[12242]
11980,[261 261 261],[12637 15587 15588]
11981,[261],[12681]
11982,[261],[12692]
11983,[261],[12885]
11984,[261],[13824]
11985,[261 262],[14347 14347]
11986,[261],[14372]
11987,[261],[14555]
11988,[261 262],[15090 15090]
11989,[261],[15593]
11990,[261],[15975]
11991,[261],[16575]
11992,[261 262 262 262 262],[16831 13221 13263 16832 16831]
11993,[261 262],[16892 16892]
11994,[261 261 262],[18252 20017 20017]
11995,[261],[18502]
11996,[261 262],[19169 19169]
11997,[261 261 261],[19728 19729 19730]
11998,[261 262 262 262 262 263],[19809 10548 14039 16266 19809 16266]
11999,[262 262 262 263 263 263 264 265 266],[ 302 3787 3789  302 6017 6018  302  302  302]
12000,[262],[334]
12001,[262],[440]
12002,[262 262 262 262 262 262 262 262 263 263 263],[ 447 4391 6378 6379 9813 9816 8588 9815  447 8588 9815]
12003,[262 263],[1122 1122]
12004,"[262 263 263 264 264 264 265 265 265 265 266 266 266 267 267 267 262 263
 264 264 264 264 265 265 265 265 265 265 265 266 266 266 266 266 266 266
 266 266 266 267 267 267 267 267 267 267 267 267 267 267 267 267 268 268
 268 268 268 268 268 268 268 268 268 268 268 268 268 268 269 269 269 269
 269 269 269 269 269 269 269 269 269 269 269]","[1406 1406 3326 1406 3326 7990 1406 3326 7137 7990 1406 3326 7990 1406
 3326 7990 4385 4385  982 4385 8577 1999  982 4385 8577 8578 1998 8576
 8575  982 4385 6374 8577 8578 4383 1998 8576 8575 3925  982 4385 6374
 8577 1999 8578 4383 1998 8576 8575 3924 3925 1781  982 4385 6374 8577
 8578 4383 1998 8576 8575 3924 1779 7991 7990 3326 1406 7137  982 4385
 6374 8577 4386 8578 4387 8576 8581 8575 1406 3326 7137 7138 7990]"
12005,[262 262],[1715 7842]
12006,[262],[1870]
12007,[262 263 263 263 263 263 264 264 264 264],[1879 1879 4129 4131 8254 8257 1879 4129 4131 8254]
12008,[262 263 263 264],[1939 1939 4257 1939]
12009,[262 262 262 263 263 264],[2141 8990 8991 4702 8991 8991]
12010,[262],[2163]
12011,[262 263 264],[2283 2283 2283]
12012,[262 263 263 263 264],[2341  567 5212 2341  567]
12013,[262],[3074]
12014,[262],[3441]
12015,[268],[1781]
12016,[262],[5214]
12017,[262 262 263 263 263 264 265 266 267 268 269],[5259 6899 5259 6899 6900 6899 6899 6899 6899 6899 6899]
12018,[262 262 263 263],[5395 5397 5395 5397]
12019,[262],[6100]
12020,[262 263],[6894 6894]
12021,[262],[7299]
12022,[262],[7575]
12023,[262],[7596]
12024,[262],[8249]
12025,[262],[8435]
12026,[262 263 264 265],[10581 10581 10581 10581]
12027,[262 262],[10636 14376]
12028,[262],[11011]
12029,[262 262 263 264],[11452 17964 11452 11452]
12030,[262 262],[12108 18461]
12031,[262 262 262 262],[12393 15056 15054 15053]
12032,[262],[12828]
12033,[262 262],[12991 18823]
12034,[262],[13331]
12035,[262],[13582]
12036,[262],[13601]
12037,[262 262],[14137 18193]
12038,[262],[14439]
12039,[262],[14525]
12040,[262 263 263],[14653 12253 14653]
12041,[262],[14932]
12042,[262 262],[15135 15136]
12043,[262],[15495]
12044,[262],[15500]
12045,[262],[15511]
12046,[262],[15611]
12047,[262],[15841]
12048,[262],[15981]
12049,[262 263],[16047 16047]
12050,[262],[16191]
12051,[262],[16596]
12052,[262],[16862]
12053,[262],[18734]
12054,[262 263],[19148 19148]
12055,[262],[19467]
12056,[262 263],[20343 20343]
12057,[263],[340]
12058,[263 264],[2064 2064]
12059,[263 264 265],[2523 2523 2523]
12060,[263 264],[3076 3076]
12061,[263 264],[3429 3429]
12062,[263],[3700]
12063,[263],[4195]
12064,[263],[5576]
12065,[263],[5583]
12066,[263 264 265 266 267 268],[5655 5655 5655 5655 5655 5655]
12067,[263],[6209]
12068,[263],[6558]
12069,[263],[7764]
12070,[263],[8219]
12071,[263],[8959]
12072,[263],[9596]
12073,[263 263 263 263 264],[10437 16556 11190 18694 16556]
12074,[263 263],[10630 15080]
12075,[263 263 264 265],[11820 17762 17762 17762]
12076,[263 264 264],[12436 12436 19385]
12077,[263],[12477]
12078,[263 264],[13648 13648]
12079,[263],[14629]
12080,[263],[15015]
12081,[263],[15884]
12082,[263],[16411]
12083,[263 263 263],[16872 16873 16874]
12084,[263],[17409]
12085,[263],[17667]
12086,[263],[18115]
12087,[263],[19882]
12088,[264 265 265 265 266 266 266 267 267 267 267 268 269],[ 249  249 3625 9053 2163 9053 9054 2163 9053 9054 9055 2163 2163]
12089,[264],[861]
12090,[264 264],[1881 8263]
12091,[264],[2167]
12092,[264 264],[ 2492 10032]
12093,[264 265 266 266 266 267 267 267 267 268 268 269],[2749 2749 2749 2750 2751  829 2749 2750 2751 2749 2750 2750]
12094,[264],[2929]
12095,[264 265 265],[4776 4776 4777]
12096,[264 264 265 265 265 266 266 267 267],[5079 9424 5079 9424 5081 5081 9424 5081 9424]
12097,[264],[5967]
12098,[264 265],[8081 8081]
12099,[264],[8220]
12100,[264],[9589]
12101,[264 265 265],[9628 9627 9628]
12102,[264 264 264 265 265 266 266],[10451 13748 16089 13748 16089 13748 16089]
12103,[264],[10507]
12104,[264 264 264 265 265 265 265 266 266 267],[10588 14158 19856 10588 14158 19857 19856 14158 19857 19857]
12105,[264 265 266 266 267 267 268 268 269],[11638 11638 11638 19844 11638 19844 12591 19844 19844]
12106,[264],[11645]
12107,[264],[11649]
12108,[264],[12780]
12109,[264],[14326]
12110,[264 265],[14557 14557]
12111,[264],[15469]
12112,[264 265 266],[15499 15499 15499]
12113,[264],[17517]
12114,[264 265 265 266 267 268 269 269],[18464 17506 18464 18464 18464 18464 17506 18464]
12115,[264],[20276]
12116,[264],[20438]
12117,[265],[266]
12118,[265],[278]
12119,"[265 265 265 266 266 266 265 265 266 266 265 266 267 267 267 267 267 267
 267 267 267 267 268 268 268 268 268 268 268 268 269 269 269 269 269]","[ 746 3678 7646  746 3678 7646 1632 3681 1632 3681 5954 5954  267 3678
 3680 5954  746 3679 1632 3681 7646 7647  267 3678 5954  746 7646 7647
 1632 3681  746 3678 7646 1632 3681]"
12120,[265],[1013]
12121,[265],[1195]
12122,[265 265 266 266 267 267 268 268 269 269],[1715 7842 1715 7842 1715 7842 1715 7842 1715 7842]
12123,"[265 265 265 265 265 265 266 266 266 266 266 266 267 267 267 267 268 268
 268 268 268 269 269 269]","[1863 8211 8212 2657 2656 1882 1863 4138 8266 1882 2665 2657 1863 4138
 8211 2657 1863 4138 8211 1882 2657 1882 8211 8266]"
12124,[265],[2776]
12125,[265 265],[2913 6394]
12126,[265 265],[3432 3433]
12127,[265],[3663]
12128,[265],[3972]
12129,[265],[4178]
12130,[265],[4256]
12131,[265],[4391]
12132,[265 266 267],[4696 4696 4696]
12133,[265],[5195]
12134,[265],[5525]
12135,[265 265 266 266],[7638 7639 1150 7638]
12136,[265 265],[10056 10059]
12137,[265 266 267 268 269],[10278 10278 10278 10278 10278]
12138,[265],[11068]
12139,[265 266],[11123 11123]
12140,[265 266 266 267],[11676 11676 13596 13596]
12141,[265],[12099]
12142,"[265 265 266 266 267 267 267 267 267 267 268 268 268 268 268 268 268 269
 269 269 269 269]","[12242 14629 12242 14629 12242 14629 14630 12741 20294 20293 12242 14629
 14630 20267 20268 20294 12741 12242 14629 12741 20294 20268]"
12143,[265],[12755]
12144,[265],[13264]
12145,[265 266],[13378 13378]
12146,[265],[13647]
12147,"[265 265 266 266 266 267 267 267 267 266 266 266 267 267 267 267 267 267
 267 267 267 267 267 268 268 268 268 268 268 268 268 268 268 268 268 268
 268 268 268 268 268 268 268 268 268 268 268 268 268 268 268 268 268 268
 268 268 268 268 268 268 268 268 268 268 269 269 269 269 269 269 269 269
 269 269 269 269 269 269 269 269 269 269 269 269 269 269 269 269 269 269
 269 269 269 269 269 269 269 269 269 269 269 269 269 269 269]","[13996 13997 13994 13996 13997 13994 13996 13997 17996 11477 17074 17075
 10801 15382 15388 17072 17073 11475 17071 19749 17074 11477 17075 10801
 15382 15384 15388 17072 17073 11475 15383 17071 12556 19749 11476 17074
 11477 19741 15390 19750 13396 13397 17075 15389 12559 15391 19751 13394
 15392 19752 16079 17996 19753 10925 16081 13997 12845 12846 16082 11918
 13996 13733 13995 13994 10801 15382 15384 15388 17072 17073 11475 17071
 12556 19749 11476 17074 11477 15390 19750 13396 13397 17075 15389 12559
 15391 19751 13394 15392 19752 16079 17996 19753 10925 16080 16081 13997
 12845 12846 10926 16082 13996 13733 13734 13994 13995]"
12148,[265],[14077]
12149,[265 266 266 267 268],[15336 10527 15336 10527 10527]
12150,"[265 266 266 266 266 266 267 267 267 267 267 267 268 268 268 268 268 268
 268 268 268 269 269 269 269 269 269 269 269]","[15367 12550 15368 19723 19724 15367 12550 15368 19723 19724 15367 19721
 10796 19721 19724 19723 12550 15368 15367 17063 17065 12550 15368 19723
 19724 15367 19721 17063 17065]"
12151,[265],[15949]
12152,[265],[16031]
12153,[265],[16660]
12154,[265],[17589]
12155,[265],[17770]
12156,[265 266 266],[18507 12124 18507]
12157,[265],[19240]
12158,[265],[19875]
12159,[266],[462]
12160,[266],[1475]
12161,[266],[2030]
12162,[266 266 267],[2286 5078 5078]
12163,[266 266 267 267 267 268 268 268 269 269],[2420 9816 2420 9816 9817  447 9813 9816  447 6379]
12164,"[266 266 266 266 266 266 267 267 267 267 267 267 267 267 267 268 268 268
 268 268 268 268 268 269 269 269 269 269 269]","[2425 9832 9833 5418 2426 5419 2425 9832 9833 5418 2426 9834 5417 5419
 5420  587 5417 5419 5418 2426 5420 9833 2425 2425 9830 9833 2426 5418
 5419]"
12165,[266 267 267 267 268 268],[2624  705 2624 2623  705 2625]
12166,[266 267 267 268 268 269],[4098 4098 6205  389 4098  389]
12167,[266],[5055]
12168,[266],[5931]
12169,[266 266],[6198 6199]
12170,[266],[6503]
12171,[266 267 268 269],[6901 6901 6901 6901]
12172,[266],[7249]
12173,[266],[7784]
12174,[266],[8278]
12175,[266],[8423]
12176,[266 267],[9134 9134]
12177,[266 267],[10123 10123]
12178,[266 266 266 266 266 266 267 267 268 269],[10365 13331 13372 11452 17965 17964 11452 17964 11452 11452]
12179,[266 266 266 266 266 267 267 267],[10507 13917 13919 18503 17888 13917 13918 13919]
12180,[266 267 268 269],[11011 11011 11011 11011]
12181,[266 266 266 266 266 266 267 267 267 267 267 267 268 268 268 269 269 269],"[11187 14520 18685 18686 12190 18684 11187 14520 18685 18686 12190 18684
 11187 14520 18685 12190 18685 18686]"
12182,[266],[11316]
12183,[266],[11337]
12184,"[266 266 266 266 266 266 266 266 266 267 267 267 267 267 267 267 267 267
 267 267 267 267 268 268 268 268 268 268 268 268 268 268 268 268 268 268
 269 269 269 269 269 269 269]","[11455 15322 15323 17033 17034 19666 15324 15321 15325 11455 15322 15323
 17033 17034 19666 15324 12530 15321 15191 15325 12477 15192 10773 15191
 15322 15325 11455 15323 12530 17033 17034 19666 19667 10790 15321 12529
 11455 19666 12529 15321 19667 15320 12530]"
12185,[266 267 268 269],[11745 11745 11745 11745]
12186,"[266 267 267 267 267 267 267 267 267 267 266 267 267 267 267 267 268 268
 268 268 268 268 268 268 268 268 268 268 268 268 268 268 268 268 268 268
 268 268 268 268 268 268 268 268 268 268 269 269 269 269 269 269 269 269
 269 269 269 269 269 269]","[11760 10446 14593 14595 16598 11760 14594 16599 18779 16600 18782 14597
 18782 15377 19729 19730 10446 14593 14595 16598 11760 14594 12226 18781
 11214 16599 18779 18780 18782 14597 16600 16596 14588 14589 18772 14587
 16593 10679 19730 19733 19729 12553 19734 15377 11210 19735 10681 16596
 18779 14594 14593 14595 17624 12553 15377 19733 19735 19730 19729 14589]"
12187,[266 267 268 268 268 269 269 269 269],[11821 11821 11821 13830 13831 10479 13831 11821 13830]
12188,[266],[12560]
12189,[266],[12601]
12190,[266],[12754]
12191,[266],[13279]
12192,[266],[14137]
12193,[266],[14512]
12194,[266],[15177]
12195,[266],[16619]
12196,[266 267 268 269],[17387 17387 17387 17387]
12197,[266],[18035]
12198,[266 267 268],[18692 18692 18692]
12199,[266],[20253]
12200,[266 267 267 268 268 268 269 269],[20276 18198 20276 12006 18198 20276 18198 20276]
12201,[267],[114]
12202,[267 268],[140 140]
12203,[267 267 267 268 268 268 268 268 269 269 269 269 269 269 269 269],"[ 933 6287 6288  933 6287 6288 4239 2853  933 4240 4241 6287 6288 4242
 4239 2853]"
12204,[267],[1005]
12205,[267 268 268 268],[1622 1622 7625 7626]
12206,[267 267 267 268 268 268 269 269],[1635 3683 7657 1635 3683 7657 1635 7657]
12207,[267],[2270]
12208,[267 267 268],[2283 9419 2283]
12209,[267 268 269],[3072 3072 3072]
12210,[267 267],[3428 3429]
12211,[267],[3432]
12212,[267 268 269],[3434 3434 3434]
12213,[267 267 267 268 268 268 268 269 269],[3605 3606 3607 1588 3606 3607 3605 1588 3606]
12214,[267 267 267],[4101 4102 8220]
12215,[267],[4356]
12216,[267],[4476]
12217,[267],[6359]
12218,[267 268 269],[6840 6840 6840]
12219,[267 268],[6846 6846]
12220,[267 267 268 268 268 268 268 269 269 269 269 269],[ 7097 10038   619  7097 10038  7096  3302   619  7097 10038  7096  3302]
12221,[267 268],[7133 7133]
12222,[267],[7725]
12223,[267],[8529]
12224,[267 268],[8530 8530]
12225,[267],[8643]
12226,[267 268 268 268 268 269 269 269 269],[9551 1249 5187 6857 9551 1249 5187 9551 5188]
12227,[267],[9742]
12228,"[267 268 268 268 268 268 268 268 268 269 269 269 269 269 269 269 269 269
 269]","[10035 10035 10043 10044   620  5592  5594  7102  7103   620  5592  5594
  7102  1385  5593  7101  5595 10043 10035]"
12229,[267],[10056]
12230,[267 267 267 268],[10774 15732 19513 15732]
12231,[267 267],[11246 16654]
12232,[267],[11303]
12233,[267],[11508]
12234,[267 267 268 268 268 269 269],[11640 20333 11640 13559 20333 11640 13559]
12235,[267 267 268 269],[12092 18418 18418 18418]
12236,[267],[12223]
12237,[267 267],[12253 14653]
12238,[267 268 268],[12256 12256 14656]
12239,[267 268 269],[12370 12370 12370]
12240,[267],[13059]
12241,[267],[14107]
12242,[267 267 268 268 269 269],[14166 14168 14166 14168 14166 14168]
12243,[267],[14372]
12244,[267 268 269],[14513 14513 14513]
12245,[267],[14526]
12246,[267],[15500]
12247,[267],[16024]
12248,[267 268 268],[16027 10895 16027]
12249,[267],[16085]
12250,[267],[16618]
12251,[267 268],[16757 16757]
12252,[267 268],[16864 16864]
12253,[267],[17282]
12254,[267 267 268 268 269 269 269 269],[17382 20362 17382 20362 11649 17383 17382 20362]
12255,[267],[17505]
12256,[267 268 268 268 268 268],[17523 11137 17523 17524 13660 11709]
12257,[267 268 269],[18193 18193 18193]
12258,[267 268 268 268 268 268 268],[18243 15921 15923 18244 18243 18241 18240]
12259,[267],[18294]
12260,[267],[18706]
12261,[267 268],[19136 19136]
12262,[267],[19891]
12263,[267],[19895]
12264,[267],[20311]
12265,[268 269],[3 3]
12266,[268],[1013]
12267,[268],[1133]
12268,[268],[1175]
12269,[268 269],[2148 2148]
12270,[268 268 268 269 269 269],[2335 5196 9563 2334 5195 5196]
12271,[268],[3418]
12272,[268 269],[4131 4131]
12273,[268 268 269],[4244 4245 4245]
12274,[268 269 269],[4838 4838 4839]
12275,[268],[4959]
12276,[268 269],[5397 5397]
12277,[268],[5572]
12278,[268],[6503]
12279,[268 269],[7333 7333]
12280,[268 269],[7710 7710]
12281,[268 269 269],[8286 7672 8286]
12282,[268],[9401]
12283,[268],[9480]
12284,[268 268 269],[10588 14158 14158]
12285,[268 269],[10871 10871]
12286,[268 268 268 269 269 269],[11358 15030 16859 10750 16858 16859]
12287,[268],[11560]
12288,[268],[11594]
12289,[268 269],[11625 11625]
12290,[268 268 268 268 269 269 269 269 269 269],[11641 17367 17369 15878 12754 15878 20335 17368 17367 17369]
12291,[268],[11711]
12292,[268],[12096]
12293,[268 268 269],[12108 18461 12108]
12294,[268 268 268 268],[12228 14600 14601 14602]
12295,[268 268 268 269 269],[12306 14777 14775 14775 14777]
12296,[268],[12983]
12297,[268 269 269],[13245 10351 13245]
12298,[268 268 268 268],[13378 17967 17968 17969]
12299,[268 268 269 269],[13441 13443 13441 13443]
12300,[268],[13664]
12301,[268],[14625]
12302,[268],[14903]
12303,[268],[16348]
12304,[268 268],[16515 17565]
12305,[268],[16605]
12306,[268 269],[16634 16634]
12307,[268 269],[17037 17037]
12308,[268 269 269],[17108 17108 19818]
12309,[268 269],[18274 18274]
12310,[268 269 269 269 269],[18495 12120 18493 18495 16462]
12311,[268 269],[18677 18677]
12312,[268],[18820]
12313,[268],[19515]
12314,[268],[20023]
12315,[269],[131]
12316,[269],[342]
12317,[269 269],[ 362 4005]
12318,[269],[461]
12319,[269],[900]
12320,[269],[1122]
12321,[269 269 269 269],[1482 3428 7299 7300]
12322,[269 269],[1875 8245]
12323,[269 269 269],[2394 9742 9743]
12324,[269],[2465]
12325,[269],[2656]
12326,[269],[3700]
12327,[269 269],[4343 4345]
12328,[269],[5967]
12329,[269],[8529]
12330,[269 269 269 269 269 269 269 269 269],[10245 12814 12816 12819 10896 19183 14923 12367 14924]
12331,[269 269],[10631 18466]
12332,[269],[10850]
12333,[269],[10897]
12334,[269],[11303]
12335,[269],[11313]
12336,[269],[11323]
12337,[269 269],[12111 18470]
12338,[269],[12114]
12339,[269],[12198]
12340,[269],[12240]
12341,[269],[12651]
12342,[269],[12991]
12343,[269],[12994]
12344,[269],[13611]
12345,[269],[13826]
12346,[269],[13877]
12347,[269],[13895]
12348,[269 269 269],[14162 18226 18224]
12349,[269],[14176]
12350,[269],[14195]
12351,[269],[14859]
12352,[269],[14892]
12353,[269 269],[15015 16852]
12354,[269],[15410]
12355,[269],[15526]
12356,[269],[15815]
12357,[269],[16464]
12358,[269],[16466]
12359,[269],[16892]
12360,[269 269],[16920 16921]
12361,[269],[17541]
12362,[269],[18142]
12363,[269],[18795]
12364,[269],[18930]
12365,[269],[19116]
12366,[269],[19131]
12367,[269],[19148]
12368,[269],[19385]
12369,[269],[20258]
12370,[269],[20343]
